nivel_soc_pct;supuesto;electroterminal;h_cargador_dia;mwh_a_recargar;capacidad_h_cargador;uso_pct;nivel_calculo
100;Sin recuperacion;Vespucio Norte;7.11;1.28;3600.0;0.2;proxy por ruta (sin deadhead)
100;Sin recuperacion;El Conquistador;31.49;5.67;4320.0;0.7;proxy por ruta (sin deadhead)
100;Sin recuperacion;Los Espinos;33.24;5.98;2880.0;1.2;proxy por ruta (sin deadhead)
100;Sin recuperacion;La Reina;27.02;4.86;2400.0;1.1;proxy por ruta (sin deadhead)
100;Sin recuperacion;Santa Rosa;9.0;1.62;3600.0;0.2;proxy por ruta (sin deadhead)
100;Sin recuperacion;TOTAL;107.86;19.41;16800.0;0.64;proxy por ruta (sin deadhead)
100;Con recuperacion (ciclo);Vespucio Norte;1113.68;200.46;3600.0;30.9;proxy por ruta (sin deadhead)
100;Con recuperacion (ciclo);El Conquistador;3016.55;542.98;4320.0;69.8;proxy por ruta (sin deadhead)
100;Con recuperacion (ciclo);Los Espinos;2589.66;466.14;2880.0;89.9;proxy por ruta (sin deadhead)
100;Con recuperacion (ciclo);La Reina;1635.47;294.38;2400.0;68.1;proxy por ruta (sin deadhead)
100;Con recuperacion (ciclo);Santa Rosa;2108.96;379.61;3600.0;58.6;proxy por ruta (sin deadhead)
100;Con recuperacion (ciclo);TOTAL;10464.32;1883.58;16800.0;62.29;proxy por ruta (sin deadhead)
90;Sin recuperacion;Vespucio Norte;36.23;6.52;3600.0;1.0;proxy por ruta (sin deadhead)
90;Sin recuperacion;El Conquistador;104.05;18.73;4320.0;2.4;proxy por ruta (sin deadhead)
90;Sin recuperacion;Los Espinos;108.52;19.53;2880.0;3.8;proxy por ruta (sin deadhead)
90;Sin recuperacion;La Reina;69.93;12.59;2400.0;2.9;proxy por ruta (sin deadhead)
90;Sin recuperacion;Santa Rosa;61.61;11.09;3600.0;1.7;proxy por ruta (sin deadhead)
90;Sin recuperacion;TOTAL;380.33;68.46;16800.0;2.26;proxy por ruta (sin deadhead)
90;Con recuperacion (ciclo);Vespucio Norte;1113.68;200.46;3600.0;30.9;proxy por ruta (sin deadhead)
90;Con recuperacion (ciclo);El Conquistador;3016.55;542.98;4320.0;69.8;proxy por ruta (sin deadhead)
90;Con recuperacion (ciclo);Los Espinos;2589.66;466.14;2880.0;89.9;proxy por ruta (sin deadhead)
90;Con recuperacion (ciclo);La Reina;1635.47;294.38;2400.0;68.1;proxy por ruta (sin deadhead)
90;Con recuperacion (ciclo);Santa Rosa;2108.96;379.61;3600.0;58.6;proxy por ruta (sin deadhead)
90;Con recuperacion (ciclo);TOTAL;10464.32;1883.58;16800.0;62.29;proxy por ruta (sin deadhead)
80;Sin recuperacion;Vespucio Norte;110.11;19.82;3600.0;3.1;proxy por ruta (sin deadhead)
80;Sin recuperacion;El Conquistador;304.76;54.86;4320.0;7.1;proxy por ruta (sin deadhead)
80;Sin recuperacion;Los Espinos;301.74;54.31;2880.0;10.5;proxy por ruta (sin deadhead)
80;Sin recuperacion;La Reina;178.69;32.16;2400.0;7.4;proxy por ruta (sin deadhead)
80;Sin recuperacion;Santa Rosa;190.49;34.29;3600.0;5.3;proxy por ruta (sin deadhead)
80;Sin recuperacion;TOTAL;1085.79;195.44;16800.0;6.46;proxy por ruta (sin deadhead)
80;Con recuperacion (ciclo);Vespucio Norte;1113.68;200.46;3600.0;30.9;proxy por ruta (sin deadhead)
80;Con recuperacion (ciclo);El Conquistador;3016.55;542.98;4320.0;69.8;proxy por ruta (sin deadhead)
80;Con recuperacion (ciclo);Los Espinos;2589.66;466.14;2880.0;89.9;proxy por ruta (sin deadhead)
80;Con recuperacion (ciclo);La Reina;1635.47;294.38;2400.0;68.1;proxy por ruta (sin deadhead)
80;Con recuperacion (ciclo);Santa Rosa;2108.96;379.61;3600.0;58.6;proxy por ruta (sin deadhead)
80;Con recuperacion (ciclo);TOTAL;10464.32;1883.58;16800.0;62.29;proxy por ruta (sin deadhead)
70;Sin recuperacion;Vespucio Norte;229.62;41.33;3600.0;6.4;proxy por ruta (sin deadhead)
70;Sin recuperacion;El Conquistador;644.11;115.94;4320.0;14.9;proxy por ruta (sin deadhead)
70;Sin recuperacion;Los Espinos;579.64;104.34;2880.0;20.1;proxy por ruta (sin deadhead)
70;Sin recuperacion;La Reina;355.81;64.05;2400.0;14.8;proxy por ruta (sin deadhead)
70;Sin recuperacion;Santa Rosa;391.56;70.48;3600.0;10.9;proxy por ruta (sin deadhead)
70;Sin recuperacion;TOTAL;2200.75;396.14;16800.0;13.1;proxy por ruta (sin deadhead)
70;Con recuperacion (ciclo);Vespucio Norte;1113.68;200.46;3600.0;30.9;proxy por ruta (sin deadhead)
70;Con recuperacion (ciclo);El Conquistador;3016.55;542.98;4320.0;69.8;proxy por ruta (sin deadhead)
70;Con recuperacion (ciclo);Los Espinos;2589.66;466.14;2880.0;89.9;proxy por ruta (sin deadhead)
70;Con recuperacion (ciclo);La Reina;1635.47;294.38;2400.0;68.1;proxy por ruta (sin deadhead)
70;Con recuperacion (ciclo);Santa Rosa;2108.96;379.61;3600.0;58.6;proxy por ruta (sin deadhead)
70;Con recuperacion (ciclo);TOTAL;10464.32;1883.58;16800.0;62.29;proxy por ruta (sin deadhead)
