supuesto;horas_disponibles;depot_nombre;h_r_asignadas;capacidad;uso_pct;factible
soc100;24.0;Vespucio Norte;7.108661111111112;3600.0;0.2;True
soc100;24.0;El Conquistador;31.49056111111111;4320.0;0.7;True
soc100;24.0;Los Espinos;33.241688888888866;2880.0;1.2;True
soc100;24.0;La Reina;27.017355555555554;2400.0;1.1;True
soc100;24.0;Santa Rosa;8.997416666666666;3600.0;0.2;True
soc100;18.0;Vespucio Norte;7.108661111111112;2700.0;0.3;True
soc100;18.0;El Conquistador;31.49056111111111;3240.0;1.0;True
soc100;18.0;Los Espinos;33.241688888888866;2160.0;1.5;True
soc100;18.0;La Reina;27.017355555555554;1800.0;1.5;True
soc100;18.0;Santa Rosa;8.997416666666666;2700.0;0.3;True
soc100;10.0;Vespucio Norte;7.108661111111112;1500.0;0.5;True
soc100;10.0;El Conquistador;31.49056111111111;1800.0;1.7;True
soc100;10.0;Los Espinos;33.241688888888866;1200.0;2.8;True
soc100;10.0;La Reina;27.017355555555554;1000.0;2.7;True
soc100;10.0;Santa Rosa;8.997416666666666;1500.0;0.6;True
ciclo;24.0;Vespucio Norte;1113.6803666666667;3600.0;30.9;True
ciclo;24.0;El Conquistador;3016.5477444444446;4320.0;69.8;True
ciclo;24.0;Los Espinos;2589.661022222222;2880.0;89.9;True
ciclo;24.0;La Reina;1635.4691722222221;2400.0;68.1;True
ciclo;24.0;Santa Rosa;2108.9625555555554;3600.0;58.6;True
ciclo;18.0;Vespucio Norte;1113.6803666666667;2700.0;41.2;True
ciclo;18.0;El Conquistador;3016.5477444444446;3240.0;93.1;True
ciclo;18.0;Los Espinos;2144.9268166666666;2160.0;99.3;True
ciclo;18.0;La Reina;1635.4691722222221;1800.0;90.9;True
ciclo;18.0;Santa Rosa;2553.6967611111113;2700.0;94.6;True
ciclo;10.0;;;7000.0;;False
