depot_nombre;estrategia;n_rutas;n_buses;km_dia;kwh_dia
El Conquistador;C1a (centroide);98;1894.0;345440.3;483616.4
La Reina;C1a (centroide);64;1002.0;180214.9;252300.8
Los Espinos;C1a (centroide);85;1879.0;350875.8;491226.2
Santa Rosa;C1a (centroide);111;1707.0;308274.2;431583.8
Vespucio Norte;C1a (centroide);59;906.0;160607.5;224850.5
El Conquistador;C1b (terminales reales);108;2123.0;387841.9;542978.6
La Reina;C1b (terminales reales);67;1159.0;210274.6;294384.5
Los Espinos;C1b (terminales reales);88;1780.0;332956.4;466139.0
Santa Rosa;C1b (terminales reales);98;1523.0;271152.3;379613.3
Vespucio Norte;C1b (terminales reales);56;803.0;143187.5;200462.5
El Conquistador;C2 (MILP con capacidad, ciclo diario);109;2163.0;395801.7;554122.4
La Reina;C2 (MILP con capacidad, ciclo diario);67;1159.0;210274.6;294384.5
Los Espinos;C2 (MILP con capacidad, ciclo diario);83;1710.0;320036.0;448050.4
Santa Rosa;C2 (MILP con capacidad, ciclo diario);102;1553.0;276112.9;386558.0
Vespucio Norte;C2 (MILP con capacidad, ciclo diario);56;803.0;143187.5;200462.5
