route_id;comparacion;depot_desde;depot_hacia
102;c1a -> c1b;Santa Rosa;Los Espinos
104;c1a -> c1b;Los Espinos;La Reina
107c;c1a -> c1b;Vespucio Norte;El Conquistador
111;c1a -> c1b;Los Espinos;El Conquistador
201;c1a -> c1b;Los Espinos;Vespucio Norte
205;c1a -> c1b;Santa Rosa;Los Espinos
206c;c1a -> c1b;Santa Rosa;Los Espinos
207;c1a -> c1b;Santa Rosa;Los Espinos
207e;c1a -> c1b;Santa Rosa;Los Espinos
209;c1a -> c1b;Santa Rosa;Los Espinos
210;c1a -> c1b;Santa Rosa;Los Espinos
210e;c1a -> c1b;Santa Rosa;Los Espinos
210v;c1a -> c1b;Santa Rosa;Los Espinos
212;c1a -> c1b;Los Espinos;Santa Rosa
213e;c1a -> c1b;Santa Rosa;Los Espinos
214;c1a -> c1b;El Conquistador;Vespucio Norte
216;c1a -> c1b;Los Espinos;Santa Rosa
217e;c1a -> c1b;Santa Rosa;Los Espinos
264N;c1a -> c1b;Los Espinos;Vespucio Norte
302;c1a -> c1b;Los Espinos;Santa Rosa
322;c1a -> c1b;Santa Rosa;Los Espinos
323;c1a -> c1b;Santa Rosa;Los Espinos
401;c1a -> c1b;Los Espinos;La Reina
406;c1a -> c1b;Vespucio Norte;El Conquistador
414e;c1a -> c1b;Vespucio Norte;El Conquistador
421;c1a -> c1b;El Conquistador;La Reina
426;c1a -> c1b;Vespucio Norte;El Conquistador
444;c1a -> c1b;El Conquistador;Santa Rosa
445c;c1a -> c1b;La Reina;El Conquistador
502;c1a -> c1b;Vespucio Norte;El Conquistador
509;c1a -> c1b;Los Espinos;El Conquistador
519;c1a -> c1b;Los Espinos;La Reina
542;c1a -> c1b;Vespucio Norte;El Conquistador
E02;c1a -> c1b;Santa Rosa;Los Espinos
E03;c1a -> c1b;Santa Rosa;Los Espinos
E07;c1a -> c1b;Santa Rosa;Los Espinos
F30N;c1a -> c1b;Santa Rosa;Los Espinos
I03;c1a -> c1b;Los Espinos;El Conquistador
I04;c1a -> c1b;Los Espinos;El Conquistador
I10;c1a -> c1b;Los Espinos;El Conquistador
I10N;c1a -> c1b;Los Espinos;El Conquistador
302N;c1b -> c2;Los Espinos;Santa Rosa
322;c1b -> c2;Los Espinos;Santa Rosa
323;c1b -> c2;Los Espinos;Santa Rosa
514;c1b -> c2;Los Espinos;El Conquistador
E07;c1b -> c2;Los Espinos;Santa Rosa
