escenario;soc_pct;buses_vsp;buses_final;jornadas_partidas;por_sin_hueco;por_sin_puesto;jornadas_con_recarga_intermedia;pct_jornadas_con_recarga_intermedia;eventos_intermedios;eventos_finales;eventos_total;ciclos_no_cumplidos;retraso_ciclo_max_min;cargas_fragmentadas;espera_cola_h;espera_cola_max_min;eventos_con_cola;kwh_consumidos;kwh_cargados;kwh_deficit;pct_deficit;buses_con_deficit;buses_sin_ningun_puesto;balance_error_kwh;km_traslado_carga;km_vacios_total;costo_flota_usd;costo_km_vacios_usd;costo_espera_usd;costo_energia_usd;costo_eventos_usd;buses_reserva;buses_totales;costo_reservas_usd;costo_sin_reservas_usd;factible;cota_lp_pct;costo_total_usd;costo_vsp_operacion_usd;costo_medio_energia_usd_kwh;pct_energia_valle;uso_max_Los_Espinos_Santa_Rosa_pct;min_saturados_Los_Espinos_Santa_Rosa;uso_max_Vespucio_Norte_pct;min_saturados_Vespucio_Norte;uso_max_El_Conquistador_pct;min_saturados_El_Conquistador;uso_max_La_Reina_pct;min_saturados_La_Reina;cota_lp_faltante_mwh;uso_max_Los_Espinos_pct;min_saturados_Los_Espinos;uso_max_Santa_Rosa_pct;min_saturados_Santa_Rosa
E0;100;8654;11259;2605;2591;14;48;0.43;53;11259;11312;1988;981.2;0;56071.0;788.2;8931;2247101.9;2247101.9;0.0;0.0;0;0;-0.0;680.5;259660.1;2814750;129830;145270;314653;56560;1988;13247;497000;3461063;1;89.51;3958063;2311988.0;0.14;50.44;100.0;1127.0;100.0;368;100.0;1068;100.0;1022;235.1;;;;
E0_sep;100;8654;11259;2605;2591;14;47;0.42;52;11259;11311;2357;1000.6;356;52660.1;1095.2;8598;2247811.5;2199614.6;48196.9;2.14;351;331;0.0;664.3;260166.9;2814750;130083;139130;306453;56555;2357;13616;589250;3446972;0;89.39;4036222;2311988.0;0.1393;51.53;;;100.0;368;100.0;1068;100.0;1022;237.9;100.0;1440.0;100.0;892.0
E1_sep;100;7460;10415;2955;2951;4;55;0.53;61;10415;10476;2518;907.7;342;56373.7;1123.9;8438;2226658.8;2182559.3;44099.6;1.98;339;312;0.0;601.3;245057.9;2603750;122529;138132;303180;52380;2518;12933;629500;3219970;0;84.43;3849470;1995343.0;0.1389;52.13;;;100.0;382;100.0;1090;100.0;1027;345.9;100.0;1440.0;100.0;876.0
E1_C2;100;7366;10258;2892;2887;5;55;0.54;60;10258;10318;2204;932.0;0;58635.6;799.2;8640;2221008.7;2221008.7;0.0;0.0;0;0;0.0;556.9;241022.1;2564500;120511;142106;310362;51590;2204;12462;551000;3189069;1;83.98;3740069;1970319.0;0.1397;51.21;100.0;1120.0;100.0;378;100.0;1110;100.0;1025;354.9;;;;
E1_C2_sep;100;7462;10343;2881;2875;6;54;0.52;56;10343;10399;2363;938.7;156;58685.0;1090.2;8576;2224390.5;2203096.1;21294.4;0.96;152;125;-0.0;644.2;243437.7;2585750;121719;142358;306984;51995;2363;12706;590750;3208806;0;84.27;3799556;1995921.0;0.1393;51.71;;;100.0;386;100.0;1115;100.0;1028;348.9;100.0;1440.0;100.0;903.0
E1;90;7366;11791;4425;4422;3;88;0.75;99;11791;11890;1417;894.1;0;66878.0;770.4;10034;2266081.6;2266081.6;0.0;0.0;0;0;0.0;987.1;273217.1;2947750;136609;156483;319242;59450;1417;13208;354250;3619533;1;95.49;3973783;1970265.0;0.1409;49.49;100.0;1162.0;100.0;404;100.0;1101;100.0;1033;101.8;;;;
E1;80;7366;13267;5901;5890;11;191;1.44;201;13267;13468;246;464.2;0;61437.5;661.3;11267;2303054.6;2303054.6;0.0;0.0;0;0;0.0;1807.1;299626.3;3316750;149813;145552;328396;67340;246;13513;61500;4007852;1;100.0;4069352;1970265.0;0.1426;47.31;100.0;1182.0;100.0;357;100.0;1124;100.0;1026;0.1;;;;
E1;70;7366;14747;7381;7218;163;388;2.63;403;14747;15150;73;579.7;0;52039.6;577.9;12158;2352570.8;2352570.8;0.0;0.0;0;0;0.0;4279.5;334995.0;3686750;167498;126124;349633;75750;73;14820;18250;4405755;1;99.98;4424005;1970265.0;0.1486;44.61;100.0;1224.0;100.0;205;100.0;1168;100.0;1042;0.4;;;;
E1;65;7366;15936;8570;8228;342;536;3.36;553;15936;16489;50;409.2;0;49933.5;534.6;12673;2392181.7;2392181.7;0.0;0.0;0;0;-0.0;5747.9;363288.5;3984000;181644;120582;356752;82445;50;15986;12500;4725423;1;99.99;4737923;1970265.0;0.1491;43.91;100.0;1233.0;100.0;48;100.0;1186;100.0;1087;0.3;;;;
E1;60;7366;17717;10351;9787;564;677;3.82;703;17717;18420;20;178.4;0;47459.4;501.1;14166;2444979.4;2444979.4;0.0;0.0;0;0;-0.0;7516.1;401001.2;4429250;200501;114307;365407;92100;20;17737;5000;5201564;1;;5206564;1970265.0;0.1495;42.77;100.0;1284.0;94.7;0;100.0;1220;100.0;1090;;;;;
E1;50;7366;22549;15183;14300;883;751;3.33;819;22549;23368;274;79.5;274;55935.5;531.5;18473;2567246.4;2541975.7;25270.8;0.98;270;237;-0.0;8460.6;488334.8;5637250;244167;126795;380179;116840;274;22823;68500;6505232;0;;6573732;1970265.0;0.1496;40.6;100.0;1440.0;100.0;1;100.0;1325;100.0;1225;;;;;
E0;90;8654;12594;3940;3901;39;127;1.01;139;12594;12733;1211;918.2;0;61458.8;727.2;10202;2290280.0;2290280.0;0.0;0.0;0;0;0.0;1049.7;290501.6;3148500;145251;154365;321718;63665;1211;13805;302750;3833499;1;;4136249;2311988.0;0.1405;48.85;100.0;1136.0;100.0;376;100.0;1119;100.0;1006;;;;;
E0;80;8654;13944;5290;5247;43;246;1.76;256;13944;14200;341;787.6;0;57290.9;640.0;11312;2322357.6;2322357.6;0.0;0.0;0;0;0.0;2887.2;313414.1;3486000;156707;145642;334396;71000;341;14285;85250;4193744;1;;4278994;2311988.0;0.144;46.64;100.0;1161.0;100.0;324;100.0;1116;100.0;1025;;;;;
E0;70;8654;15422;6768;6617;151;428;2.78;441;15422;15863;81;671.5;0;51871.5;572.3;11806;2377948.8;2377948.8;0.0;0.0;0;0;0.0;5257.5;353122.1;3855500;176561;133805;352776;79315;81;15503;20250;4597957;1;;4618207;2311988.0;0.1484;44.32;100.0;1206.0;100.0;34;100.0;1160;100.0;1050;;;;;
E0;65;8654;16566;7912;7598;314;556;3.36;581;16566;17147;46;623.5;0;49147.4;526.4;12878;2415218.7;2415218.7;0.0;0.0;0;0;-0.0;6528.4;379743.5;4141500;189872;127384;360383;85735;46;16612;11500;4904873;1;;4916373;2311988.0;0.1492;43.64;100.0;1255.0;98.0;0;100.0;1216;100.0;1067;;;;;
E0;60;8654;18423;9769;9354;415;817;4.43;854;18423;19277;36;409.2;0;47685.2;504.0;14571;2477033.3;2477033.3;0.0;0.0;0;0;-0.0;9443.5;423896.8;4605750;211948;122864;370174;96385;36;18459;9000;5407121;1;;5416121;2311988.0;0.1494;42.29;100.0;1282.0;100.0;86;100.0;1226;100.0;1072;;;;;
E0;55;8654;20303;11649;10964;685;793;3.91;834;20303;21137;27;396.2;2;48773.6;500.6;16567;2510955.8;2510955.8;0.0;0.0;0;0;-0.0;9430.8;448127.2;5075750;224064;123620;376125;105685;27;20330;6750;5905243;1;;5911993;2311988.0;0.1498;41.15;100.0;1389.0;100.0;49;100.0;1279;100.0;1108;;;;;
E0;50;8654;23241;14587;13619;968;654;2.81;747;23241;23988;494;568.8;477;55419.7;544.3;18775;2595505.6;2551057.7;44448.0;1.71;473;449;-0.0;8469.1;508519.9;5810250;254260;133850;381697;119940;494;23735;123500;6699997;0;;6823497;2311988.0;0.1496;40.37;100.0;1440.0;100.0;10;100.0;1355;100.0;1222;;;;;
E1;100;7366;10295;2929;2925;4;57;0.55;60;10295;10355;2207;911.7;0;59285.6;817.1;8669;2221447.8;2221447.8;0.0;0.0;0;0;-0.0;603.6;241335.7;2573750;120668;143218;310089;51775;2207;12502;551750;3199500;1;84.02;3751250;1970265.0;0.1396;51.39;100.0;1138.0;100.0;382;100.0;1084;100.0;1023;354.3;;;;
E1;55;7366;19671;12305;11586;719;675;3.43;722;19671;20393;13;216.3;0;50458.9;485.5;16077;2493654.6;2493654.6;0.0;0.0;0;0;-0.0;7485.3;435769.2;4917750;217885;118499;373233;101965;13;19684;3250;5729331;1;100.0;5732581;1970265.0;0.1497;41.6;100.0;1351.0;94.7;0;100.0;1291;100.0;1126;0.0;;;;
