shape_id;largo_calculado_km;largo_shape_distances_km;recta_extremos_km;circular;factor_trazado_completo;mediana_1km;n_ventanas_1km;mediana_3km;n_ventanas_3km;mediana_5km;n_ventanas_5km;mediana_10km;n_ventanas_10km;mediana_15km;n_ventanas_15km;error_largo_rel
101I;25.1042;25.1552;15.3216;False;1.6385;1.0196;49;1.1338;45;1.1621;41;1.3495;31;1.354;21;0.002
101R;23.7362;23.7867;15.3216;False;1.5492;1.0214;46;1.1248;42;1.1805;38;1.3568;28;1.3211;18;0.0021
102I;29.3601;29.4053;20.2857;False;1.4473;1.0083;57;1.0387;53;1.0417;49;1.116;39;1.1543;29;0.0015
102R;28.7085;28.7522;20.2857;False;1.4152;1.0061;56;1.0349;52;1.039;48;1.1226;38;1.1598;28;0.0015
103I;21.9142;21.9571;9.7382;False;2.2503;1.0381;42;1.2198;38;1.3562;34;1.6736;24;2.1308;14;0.002
103IPM;21.722;21.7646;9.7382;False;2.2306;1.0231;42;1.2645;38;1.4481;34;1.7031;24;2.165;14;0.002
103R;23.1408;23.1854;9.7382;False;2.3763;1.0194;45;1.2315;41;1.4383;37;1.7637;27;2.1328;17;0.0019
104I;22.0805;22.1338;19.6301;False;1.1248;1.0087;43;1.0232;39;1.0258;35;1.0385;25;1.0433;15;0.0024
104IPM;22.3538;22.4073;19.6301;False;1.1388;1.007;43;1.0475;39;1.0434;35;1.0496;25;1.0568;15;0.0024
104R;20.6887;20.7403;19.6301;False;1.0539;1.0056;40;1.0167;36;1.0215;32;1.0352;22;1.0421;12;0.0025
105I;26.9533;27.017;15.6541;False;1.7218;1.0389;52;1.1066;48;1.1389;44;1.1854;34;1.4;24;0.0024
105R;27.238;27.3035;15.6541;False;1.74;1.0304;53;1.1039;49;1.137;45;1.1533;35;1.3568;25;0.0024
105cR;19.4944;19.5392;0.0;True;;1.0649;37;1.1278;33;1.1807;29;2.2059;19;8.3779;9;0.0023
106I;38.4265;38.4934;22.6806;False;1.6942;1.0057;75;1.0567;71;1.1444;67;1.2029;57;1.2993;47;0.0017
106IPM;38.6441;38.7111;22.6806;False;1.7038;1.0072;76;1.0632;72;1.1622;68;1.2262;58;1.3014;48;0.0017
106R;38.355;38.4223;22.6806;False;1.6911;1.0073;75;1.045;71;1.145;67;1.2011;57;1.2882;47;0.0018
107I;36.3879;36.447;15.1966;False;2.3945;1.0088;71;1.0383;67;1.0693;63;1.1599;53;1.3229;43;0.0016
107R;36.8372;36.8975;15.2091;False;2.4221;1.0077;72;1.0362;68;1.0704;64;1.1574;54;1.3212;44;0.0016
107cI;10.5251;10.5449;8.9885;False;1.171;1.0233;20;1.0649;16;1.077;12;1.1598;2;;0;0.0019
107cR;10.6242;10.6442;8.9885;False;1.182;1.0259;20;1.0707;16;1.0933;12;1.1581;2;;0;0.0019
108I;33.0312;33.0692;22.6806;False;1.4564;1.0172;65;1.1044;61;1.12;57;1.2559;47;1.2117;37;0.0012
108R;33.1929;33.2311;22.6806;False;1.4635;1.0135;65;1.0937;61;1.1355;57;1.2496;47;1.2147;37;0.0012
109I;31.1166;31.172;14.6506;False;2.1239;1.0303;61;1.0942;57;1.1742;53;1.2917;43;1.3845;33;0.0018
109NI;22.2171;22.2496;17.9902;False;1.235;1.0079;43;1.0383;39;1.1016;35;1.1457;25;1.2132;15;0.0015
109NR;23.0072;23.0406;17.9902;False;1.2789;1.0139;45;1.0712;41;1.1246;37;1.1694;27;1.2149;17;0.0014
109R;32.4862;32.5428;14.6506;False;2.2174;1.0299;63;1.1045;59;1.2043;55;1.2499;45;1.3959;35;0.0017
110I;23.6089;23.6608;12.0326;False;1.9621;1.0706;46;1.4633;42;1.5138;38;1.5071;28;1.5444;18;0.0022
110R;23.7168;23.7681;12.0326;False;1.971;1.111;46;1.3623;42;1.4885;38;1.589;28;1.572;18;0.0022
110cI;19.8696;19.9134;11.0905;False;1.7916;1.2049;38;1.4102;34;1.6228;30;1.6343;20;1.702;10;0.0022
110cR;19.5836;19.6269;11.0798;False;1.7675;1.1265;38;1.3882;34;1.6589;30;1.5978;20;1.7329;10;0.0022
111I;25.0422;25.086;12.3415;False;2.0291;1.0699;49;1.3992;45;1.4017;41;1.4206;31;1.5155;21;0.0017
111R;25.2849;25.3283;12.3415;False;2.0488;1.0698;49;1.3707;45;1.3677;41;1.4549;31;1.5824;21;0.0017
113I;24.7191;24.7554;16.3482;False;1.512;1.0022;48;1.0398;44;1.0906;40;1.1002;30;1.1422;20;0.0015
113R;24.7535;24.7907;16.3482;False;1.5141;1.001;48;1.0288;44;1.1066;40;1.1134;30;1.1455;20;0.0015
113RPM;24.8302;24.8671;16.3482;False;1.5188;1.0018;48;1.0396;44;1.1034;40;1.1089;30;1.1443;20;0.0015
113cI;18.622;18.6468;11.8674;False;1.5692;1.0014;36;1.0185;32;1.0312;28;1.0737;18;1.2359;8;0.0013
113cR;17.2653;17.2891;11.8674;False;1.4548;1.0007;33;1.0039;29;1.0269;25;1.0577;15;1.3407;5;0.0014
113eI;27.1679;27.2141;16.2997;False;1.6668;1.0013;53;1.0306;49;1.1197;45;1.292;35;1.3948;25;0.0017
113eR;28.0537;28.1011;16.2997;False;1.7211;1.001;55;1.0427;51;1.1577;47;1.2832;37;1.4231;27;0.0017
114I;19.4403;19.4843;15.6124;False;1.2452;1.0066;37;1.0349;33;1.0413;29;1.0701;19;1.0728;9;0.0023
114R;19.6251;19.6698;15.6124;False;1.257;1.0072;38;1.0406;34;1.0392;30;1.0752;20;1.1015;10;0.0023
115I;21.8794;21.9108;14.494;False;1.5096;1.0038;42;1.039;38;1.0978;34;1.1343;24;1.1781;14;0.0014
115R;21.3608;21.3935;14.494;False;1.4738;1.0013;41;1.0412;37;1.1084;33;1.128;23;1.1777;13;0.0015
115RPM;21.4375;21.47;14.494;False;1.4791;1.0019;41;1.0417;37;1.1156;33;1.1236;23;1.1929;13;0.0015
115cI;27.3508;27.3869;0.0;True;;1.0015;53;1.0242;49;1.0342;45;1.3975;35;2.3969;25;0.0013
116I;24.6684;24.7292;0.0;True;;1.0691;48;1.2927;44;1.3674;40;1.8054;30;4.2773;20;0.0025
117I;25.9631;26.0196;15.6689;False;1.657;1.0674;50;1.2234;46;1.28;42;1.2293;32;1.248;22;0.0022
117R;27.8637;27.9228;15.7419;False;1.77;1.0626;54;1.2686;50;1.3358;46;1.2952;36;1.325;26;0.0021
117cI;18.1089;18.1502;0.0;True;;1.1269;35;1.4;31;1.4231;27;3.2629;17;9.6384;7;0.0023
118I;32.055;32.0844;23.1079;False;1.3872;1.016;63;1.0831;59;1.1146;55;1.2911;45;1.3388;35;0.0009
118R;30.875;30.9045;23.1079;False;1.3361;1.0147;60;1.105;56;1.1111;52;1.1895;42;1.2223;32;0.001
119I;19.4555;19.4949;12.5083;False;1.5554;1.1714;37;1.3145;33;1.3329;29;1.3073;19;1.4895;9;0.002
119R;18.7868;18.8267;12.5083;False;1.5019;1.1642;36;1.2813;32;1.2701;28;1.2797;18;1.3926;8;0.0021
120I;21.9303;21.979;16.13;False;1.3596;1.0176;42;1.0927;38;1.104;34;1.118;24;1.1614;14;0.0022
120R;21.6853;21.7338;16.13;False;1.3444;1.0132;42;1.056;38;1.0919;34;1.1125;24;1.1557;14;0.0022
121I;17.5918;17.6312;12.5083;False;1.4064;1.0248;34;1.1975;30;1.2144;26;1.2276;16;1.3211;6;0.0022
121R;19.3642;19.4035;12.5083;False;1.5481;1.2159;37;1.3809;33;1.4166;29;1.433;19;1.442;9;0.002
124I;25.2393;25.281;14.8065;False;1.7046;1.0392;49;1.4324;45;1.4437;41;1.481;31;1.4833;21;0.0017
124R;26.0482;26.0906;14.8065;False;1.7592;1.072;51;1.3695;47;1.4262;43;1.4992;33;1.465;23;0.0016
125I;16.5564;16.5905;11.4609;False;1.4446;1.0425;32;1.1438;28;1.409;24;1.4;14;1.3708;4;0.0021
125R;16.7495;16.7855;11.4609;False;1.4614;1.0425;32;1.1307;28;1.3186;24;1.306;14;1.3169;4;0.0021
126I;31.4033;31.4656;0.0;True;;1.0662;61;1.1677;57;1.1976;53;1.291;43;2.2363;33;0.002
126IPM;31.6209;31.6834;0.0;True;;1.0687;62;1.1715;58;1.2068;54;1.2947;44;2.1672;34;0.002
201I;33.435;33.5153;25.9603;False;1.2879;1.0039;65;1.1086;61;1.0954;57;1.1426;47;1.1066;37;0.0024
201R;32.8443;32.9254;25.9603;False;1.2652;1.0035;64;1.0133;60;1.0172;56;1.114;46;1.113;36;0.0025
201eI;21.6733;21.7206;17.9207;False;1.2094;1.0052;42;1.0316;38;1.0441;34;1.0547;24;1.0851;14;0.0022
201eR;22.2446;22.2945;17.9207;False;1.2413;1.0081;43;1.0264;39;1.0393;35;1.0405;25;1.07;15;0.0022
203I;27.7219;27.7887;22.9614;False;1.2073;1.0025;54;1.0202;50;1.023;46;1.0281;36;1.0561;26;0.0024
203NI;36.7137;36.797;27.3837;False;1.3407;1.0043;72;1.022;68;1.0329;64;1.0761;54;1.2622;44;0.0023
203NR;37.2101;37.2958;27.3837;False;1.3588;1.0036;73;1.0184;69;1.0251;65;1.193;55;1.2896;45;0.0023
203R;27.9112;27.9792;23.1621;False;1.205;1.0017;54;1.0116;50;1.0187;46;1.0158;36;1.1163;26;0.0024
203cI;20.8129;20.8431;0.2009;True;;1.2587;40;1.3871;36;1.6526;32;2.6231;22;9.5018;12;0.0014
203eI;21.7385;21.7876;16.8033;False;1.2937;1.0013;42;1.0202;38;1.0182;34;1.1336;24;1.2903;14;0.0023
203eR;21.7657;21.8157;17.0038;False;1.28;1.001;42;1.0014;38;1.0019;34;1.2192;24;1.2918;14;0.0023
204I;25.1027;25.1541;19.7126;False;1.2734;1.0064;49;1.0543;45;1.0997;41;1.2063;31;1.1556;21;0.002
204NI;27.7085;27.7628;19.7126;False;1.4056;1.0087;54;1.069;50;1.2272;46;1.4001;36;1.4272;26;0.002
204NR;26.88;26.9335;19.7126;False;1.3636;1.006;52;1.0599;48;1.1534;44;1.3723;34;1.3552;24;0.002
204R;24.8271;24.878;19.7126;False;1.2595;1.0046;48;1.0459;44;1.11;40;1.2021;30;1.1483;20;0.002
205I;25.0917;25.1483;19.9145;False;1.26;1.0008;49;1.0027;45;1.0127;41;1.1074;31;1.2515;21;0.0023
205R;24.1306;24.1859;19.9145;False;1.2117;1.0003;47;1.0016;43;1.0018;39;1.1566;29;1.2959;19;0.0023
206I;21.294;21.3447;16.8033;False;1.2673;1.0016;41;1.0171;37;1.0124;33;1.0118;23;1.1099;13;0.0024
206R;20.9237;20.9736;17.0038;False;1.2305;1.001;40;1.0014;36;1.0015;32;1.0013;22;1.1422;12;0.0024
206cI;16.1137;16.1498;12.1645;False;1.3247;1.0012;31;1.002;27;1.0018;23;1.1841;13;1.3098;3;0.0022
206cR;16.1116;16.1473;12.3654;False;1.303;1.0011;31;1.0021;27;1.002;23;1.1832;13;1.275;3;0.0022
207I;25.4937;25.5616;22.9593;False;1.1104;1.0009;49;1.0018;45;1.0018;41;1.0069;31;1.0052;21;0.0027
207R;24.6986;24.7655;22.9593;False;1.0758;1.0006;48;1.0011;44;1.0014;40;1.0013;30;1.0015;20;0.0027
207cI;25.8976;25.9613;0.0;True;;1.0003;50;1.0021;46;1.0195;42;1.252;32;2.7504;22;0.0025
207eI;24.3908;24.4602;22.9593;False;1.0623;1.0009;47;1.0018;43;1.0017;39;1.006;29;1.0051;19;0.0028
207eR;23.6339;23.7023;22.9593;False;1.0294;1.0006;46;1.0011;42;1.0013;38;1.0013;28;1.0014;18;0.0029
208I;19.459;19.5149;0.0;True;;1.0086;37;1.017;33;1.018;29;2.2306;19;6.1672;9;0.0029
208cI;8.0543;8.0769;0.0;True;;1.0034;15;1.0936;11;2.5723;7;;0;;0;0.0028
209I;25.6512;25.7133;21.6044;False;1.1873;1.0008;50;1.0019;46;1.007;42;1.0069;32;1.0399;22;0.0024
209R;25.5875;25.6474;21.6044;False;1.1844;1.0006;50;1.0011;46;1.0015;42;1.0014;32;1.0687;22;0.0023
209cI;31.4296;31.4914;0.0;True;;1.0012;61;1.2558;57;1.3021;53;1.3666;43;2.1174;33;0.002
210I;27.7508;27.8162;20.0862;False;1.3816;1.0009;54;1.0116;50;1.0189;46;1.0247;36;1.0894;26;0.0024
210R;27.8043;27.8699;20.0862;False;1.3843;1.0003;54;1.0097;50;1.0178;46;1.026;36;1.0635;26;0.0024
210eI;27.7508;27.8162;20.0862;False;1.3816;1.0009;54;1.0116;50;1.0189;46;1.0247;36;1.0894;26;0.0024
210eR;28.3013;28.3684;20.0862;False;1.409;1.0003;55;1.0099;51;1.0188;47;1.0261;37;1.0879;27;0.0024
210vI;28.7164;28.7785;20.3894;False;1.4084;1.004;56;1.0177;52;1.0391;48;1.163;38;1.1198;28;0.0022
210vR;29.4513;29.5136;20.3894;False;1.4444;1.0028;57;1.0214;53;1.0689;49;1.2323;39;1.1781;29;0.0021
211I;24.6242;24.6629;18.6675;False;1.3191;1.0073;48;1.1121;44;1.1882;40;1.2209;30;1.2949;20;0.0016
211R;23.7735;23.8107;18.6675;False;1.2735;1.0052;46;1.0673;42;1.1322;38;1.1849;28;1.2425;18;0.0016
211cI;13.9742;13.9959;9.95;False;1.4044;1.0861;26;1.2163;22;1.3159;18;1.2896;8;;0;0.0016
211cR;13.4098;13.4318;9.95;False;1.3477;1.0115;25;1.0196;21;1.1208;17;1.3066;7;;0;0.0016
212I;28.848;28.9071;19.3209;False;1.4931;1.0028;56;1.0472;52;1.1336;48;1.4439;38;1.5601;28;0.002
212IPM;29.1213;29.1806;19.3209;False;1.5072;1.0026;57;1.0712;53;1.1533;49;1.46;39;1.5769;29;0.002
212R;28.309;28.3675;19.3209;False;1.4652;1.0015;55;1.0266;51;1.1173;47;1.4552;37;1.4775;27;0.0021
213eI;27.4731;27.5333;22.0759;False;1.2445;1.0022;53;1.0163;49;1.022;45;1.0247;35;1.0387;25;0.0022
213eR;26.564;26.6226;22.0759;False;1.2033;1.0013;52;1.0143;48;1.0191;44;1.0259;34;1.0271;24;0.0022
214I;28.1079;28.1752;17.6278;False;1.5945;1.1815;55;1.2725;51;1.27;47;1.3017;37;1.3314;27;0.0024
214R;25.8723;25.9358;17.6278;False;1.4677;1.1207;50;1.1974;46;1.1772;42;1.2332;32;1.2364;22;0.0024
216I;29.4293;29.4925;22.9993;False;1.2796;1.0048;57;1.0265;53;1.1334;49;1.1199;39;1.1203;29;0.0021
216R;30.1432;30.2077;22.9993;False;1.3106;1.0096;59;1.0277;55;1.2079;51;1.1257;41;1.2001;31;0.0021
217eI;25.7584;25.8121;19.9909;False;1.2885;1.0123;50;1.0394;46;1.0447;42;1.2821;32;1.2076;22;0.0021
217eR;25.7608;25.8127;19.9909;False;1.2886;1.0082;50;1.0428;46;1.0507;42;1.2227;32;1.1891;22;0.002
219eI;31.4502;31.5142;17.8158;False;1.7653;1.0088;61;1.0283;57;1.0466;53;1.1003;43;1.186;33;0.002
219eR;33.9006;33.9676;17.8158;False;1.9028;1.012;66;1.0297;62;1.053;58;1.1594;48;1.2316;38;0.002
219eRPT;30.6517;30.7138;17.7553;False;1.7263;1.0105;60;1.0259;56;1.0431;52;1.1012;42;1.1861;32;0.002
223I;16.8203;16.8585;10.4895;False;1.6035;1.0003;32;1.0457;28;1.0362;24;1.2307;14;1.5581;4;0.0023
223R;16.7469;16.7849;10.4895;False;1.5965;1.0005;32;1.0081;28;1.025;24;1.259;14;1.5621;4;0.0023
224I;19.9947;20.0396;15.2862;False;1.308;1.0104;38;1.0953;34;1.3232;30;1.5279;20;1.423;10;0.0022
224IPM;20.0321;20.077;15.2862;False;1.3105;1.0202;39;1.0806;35;1.311;31;1.5272;21;1.4297;11;0.0022
224R;20.0556;20.103;15.2862;False;1.312;1.0154;39;1.0603;35;1.1336;31;1.4415;21;1.2935;11;0.0024
225I;34.083;34.1531;22.1658;False;1.5376;1.1052;67;1.2913;63;1.4263;59;1.467;49;1.4202;39;0.0021
225R;31.2742;31.3414;21.942;False;1.4253;1.0742;61;1.2643;57;1.3829;53;1.392;43;1.4125;33;0.0021
225cI;20.2567;20.2937;0.251;True;;1.1462;39;1.4734;35;1.6891;31;3.3325;21;5.6796;11;0.0018
226I;28.5983;28.6526;20.8125;False;1.3741;1.0118;56;1.1835;52;1.2463;48;1.3084;38;1.3649;28;0.0019
226R;28.015;28.069;20.8125;False;1.3461;1.0034;55;1.183;51;1.2448;47;1.307;37;1.3009;27;0.0019
227I;28.1209;28.1633;15.5328;False;1.8104;1.0085;55;1.0936;51;1.2793;47;1.5953;37;1.7952;27;0.0015
227R;26.9584;26.9997;15.5328;False;1.7356;1.0068;52;1.0175;48;1.2125;44;1.4522;34;1.5913;24;0.0015
227RPM;27.2938;27.3359;15.5328;False;1.7572;1.0069;53;1.1714;49;1.2311;45;1.4501;35;1.5849;25;0.0015
228I;12.8198;12.841;6.9933;False;1.8332;1.0968;24;1.4012;20;1.3437;16;1.4574;6;;0;0.0016
228R;14.305;14.3288;6.9933;False;2.0455;1.2329;27;1.4341;23;1.4628;19;1.585;9;;0;0.0017
229I;19.0022;19.0471;15.3439;False;1.2384;1.0003;37;1.0972;33;1.1475;29;1.2354;19;1.2317;9;0.0024
229R;19.5143;19.5601;15.5436;False;1.2555;1.001;38;1.1278;34;1.1686;30;1.2767;20;1.2686;10;0.0023
230I;26.5705;26.6377;0.0;True;;1.1389;52;1.1953;48;1.285;44;1.4724;34;3.1587;24;0.0025
233I;31.4936;31.5505;0.0;True;;1.0073;61;1.21;57;1.3652;53;1.4288;43;2.1158;33;0.0018
234I;19.3607;19.4088;16.8748;False;1.1473;1.01;37;1.0483;33;1.0596;29;1.2063;19;1.1539;9;0.0025
234R;19.2947;19.3428;16.8748;False;1.1434;1.0061;37;1.0403;33;1.06;29;1.2021;19;1.1469;9;0.0025
244I;20.0129;20.0604;0.0;True;;1.051;39;1.0728;35;1.231;31;2.1189;21;5.3051;11;0.0024
245I;34.2333;34.284;0.0;True;;1.0012;67;1.2168;63;1.3615;59;1.5933;49;2.1804;39;0.0015
246I;11.7286;11.733;0.0;True;;1.1168;22;1.4119;18;1.7768;14;15.3711;4;;0;0.0004
262NI;24.0535;24.0875;15.9827;False;1.505;1.0367;47;1.1622;43;1.1865;39;1.2609;29;1.3416;19;0.0014
262NR;23.1066;23.1399;15.9827;False;1.4457;1.0168;45;1.11;41;1.1682;37;1.2712;27;1.3037;17;0.0014
264NI;37.7178;37.8028;23.2855;False;1.6198;1.0746;74;1.2535;70;1.2737;66;1.2899;56;1.2506;46;0.0022
264NR;36.4428;36.5241;23.2855;False;1.565;1.0143;71;1.117;67;1.207;63;1.1771;53;1.2022;43;0.0022
271I;23.541;23.5934;18.8269;False;1.2504;1.0014;46;1.0257;42;1.0316;38;1.0502;28;1.0719;18;0.0022
271R;24.1136;24.1693;18.8269;False;1.2808;1.0013;47;1.0075;43;1.0112;39;1.0174;29;1.066;19;0.0023
272I;25.0569;25.1116;0.0;True;;1.2088;49;1.2478;45;1.38;41;1.7034;31;3.8133;21;0.0022
282I;23.4047;23.4163;12.6519;False;1.8499;1.0268;45;1.1316;41;1.2339;37;1.2071;27;1.3722;17;0.0005
282R;21.7839;21.7927;12.6519;False;1.7218;1.0272;42;1.132;38;1.2275;34;1.2012;24;1.3604;14;0.0004
286I;31.3476;31.4137;23.9797;False;1.3073;1.0086;61;1.0292;57;1.1098;53;1.1122;43;1.0962;33;0.0021
286R;33.1131;33.1824;23.9797;False;1.3809;1.007;65;1.0393;61;1.1327;57;1.165;47;1.1369;37;0.0021
301I;26.1414;26.2106;21.4478;False;1.2188;1.0019;51;1.0067;47;1.0319;43;1.0254;33;1.0542;23;0.0026
301R;26.3049;26.3725;21.4478;False;1.2265;1.0034;51;1.0406;47;1.0315;43;1.051;33;1.0878;23;0.0026
301cI;8.2976;8.3197;7.1884;False;1.1543;1.0026;15;1.0038;11;1.003;7;;0;;0;0.0027
301cIPM;8.8178;8.8398;7.1884;False;1.2267;1.0055;16;1.0352;12;1.0555;8;;0;;0;0.0025
301cR;7.7379;7.7578;7.1884;False;1.0764;1.0034;14;1.0052;10;1.0272;6;;0;;0;0.0026
301cRPM;8.0919;8.1113;7.1884;False;1.1257;1.0034;15;1.0395;11;1.0927;7;;0;;0;0.0024
302I;22.6355;22.6837;16.4705;False;1.3743;1.0183;44;1.1715;40;1.3201;36;1.5826;26;1.4233;16;0.0021
302NI;22.659;22.7049;15.8565;False;1.429;1.0283;44;1.1972;40;1.3155;36;1.582;26;1.4217;16;0.002
302NR;24.1794;24.2292;15.8565;False;1.5249;1.0347;47;1.2719;43;1.3413;39;1.7373;29;1.5235;19;0.0021
302R;23.2075;23.2572;16.4705;False;1.409;1.0209;45;1.225;41;1.3413;37;1.7402;27;1.5257;17;0.0021
303I;19.4247;19.4698;12.9329;False;1.502;1.0405;37;1.1331;33;1.2324;29;1.2201;19;1.3036;9;0.0023
303R;19.6691;19.7146;12.9368;False;1.5204;1.0545;38;1.1767;34;1.2478;30;1.2634;20;1.3297;10;0.0023
306I;23.101;23.1494;13.2456;False;1.744;1.2139;45;1.4234;41;1.5322;37;1.5488;27;1.5741;17;0.0021
306R;24.8286;24.8815;13.2456;False;1.8745;1.241;48;1.3818;44;1.4397;40;1.4937;30;1.5438;20;0.0021
307I;41.725;41.8219;0.0;True;;1.0355;82;1.2074;78;1.2849;74;1.3836;64;1.4457;54;0.0023
307cI;8.8179;8.8374;6.8556;False;1.2862;1.0818;16;1.1829;12;1.2446;8;;0;;0;0.0022
307cR;8.6139;8.6329;6.8556;False;1.2565;1.0748;16;1.1799;12;1.2446;8;;0;;0;0.0022
307eI;18.4181;18.4624;13.194;False;1.3959;1.0323;35;1.0943;31;1.1292;27;1.1247;17;1.253;7;0.0024
307eR;20.1976;20.2451;13.194;False;1.5308;1.0375;39;1.1821;35;1.1838;31;1.1893;21;1.2623;11;0.0023
308I;18.3659;18.4098;12.9444;False;1.4188;1.0423;35;1.2486;31;1.3226;27;1.467;17;1.418;7;0.0024
308R;18.1496;18.1922;12.9444;False;1.4021;1.0158;35;1.1033;31;1.2552;27;1.3327;17;1.299;7;0.0023
308cI;9.5764;9.5962;0.0;True;;1.0293;18;1.1777;14;2.3224;10;;0;;0;0.0021
313eI;21.9309;21.9896;12.3739;False;1.7723;1.0185;42;1.1103;38;1.1515;34;1.2253;24;1.7156;14;0.0027
313eIPT;21.79;21.8447;11.3274;False;1.9237;1.0135;42;1.0996;38;1.1007;34;1.2577;24;1.6063;14;0.0025
313eR;22.3659;22.4257;12.3739;False;1.8075;1.0075;43;1.0927;39;1.0837;35;1.212;25;1.6022;15;0.0027
313eRPT;23.5016;23.5648;11.3274;False;2.0748;1.0109;46;1.0949;42;1.0876;38;1.2816;28;1.4935;18;0.0027
314I;40.1248;40.2164;0.0;True;;1.0426;79;1.1922;75;1.2653;71;1.3521;61;1.5252;51;0.0023
314cI;9.9354;9.9566;0.0;True;;1.1651;18;1.177;14;2.2447;10;;0;;0;0.0021
315eI;22.5686;22.6229;14.3515;False;1.5726;1.0854;44;1.4054;40;1.4335;36;1.2999;26;1.3924;16;0.0024
315eIPMPT;20.6823;20.7329;13.194;False;1.5676;1.0977;40;1.3686;36;1.3412;32;1.2807;22;1.3262;12;0.0024
315eR;24.4709;24.5286;14.3515;False;1.7051;1.0883;47;1.3762;43;1.5909;39;1.3961;29;1.4407;19;0.0024
315eRPMPT;22.0029;22.055;13.194;False;1.6676;1.0321;43;1.3487;39;1.5096;35;1.3772;25;1.3886;15;0.0024
320I;18.9106;18.9379;10.3414;False;1.8286;1.0906;36;1.3683;32;1.4424;28;1.5054;18;1.637;8;0.0014
320IPM;19.3067;19.3359;10.3414;False;1.8669;1.1486;37;1.38;33;1.5134;29;1.584;19;1.6651;9;0.0015
320R;20.5908;20.623;10.3414;False;1.9911;1.2615;40;1.4197;36;1.5807;32;1.6964;22;1.7355;12;0.0016
320cI;6.5704;6.5769;4.7254;False;1.3904;1.1202;12;1.162;8;1.2258;4;;0;;0;0.001
320cIPM;6.9665;6.9748;4.7254;False;1.4743;1.1298;12;1.2422;8;1.2739;4;;0;;0;0.0012
320cR;7.3873;7.3954;4.7254;False;1.5633;1.2051;13;1.3073;9;1.3227;5;;0;;0;0.0011
321I;9.2931;9.3064;3.9411;False;2.358;1.3829;17;2.1082;13;2.9097;9;;0;;0;0.0014
321R;9.2525;9.2665;3.9411;False;2.3477;1.3643;17;2.0699;13;2.7613;9;;0;;0;0.0015
322I;7.5067;7.5123;5.2929;False;1.4183;1.146;14;1.6297;10;1.5313;6;;0;;0;0.0007
322R;7.4408;7.4459;5.2929;False;1.4058;1.0447;13;1.7139;9;1.5288;5;;0;;0;0.0007
323I;9.4676;9.4783;5.2929;False;1.7888;1.25;17;1.474;13;1.6043;9;;0;;0;0.0011
323R;9.8493;9.8607;5.2929;False;1.8609;1.2105;18;1.6223;14;2.051;10;;0;;0;0.0011
325I;21.8337;21.8776;14.0223;False;1.5571;1.1483;42;1.2618;38;1.3048;34;1.3816;24;1.3663;14;0.002
325R;22.8172;22.861;14.2676;False;1.5992;1.1953;44;1.3411;40;1.3904;36;1.4126;26;1.405;16;0.0019
325RPM;23.3939;23.4378;14.2676;False;1.6397;1.212;45;1.3728;41;1.4204;37;1.491;27;1.466;17;0.0019
329I;19.1985;19.2226;10.1798;False;1.8859;1.1917;37;1.4554;33;1.7106;29;2.0142;19;1.7576;9;0.0013
329R;18.8948;18.9193;10.1798;False;1.8561;1.1739;36;1.476;32;1.5914;28;1.8723;18;1.7114;8;0.0013
345I;14.3319;14.361;10.8671;False;1.3188;1.0152;27;1.1994;23;1.252;19;1.3126;9;;0;0.002
345R;15.6724;15.7043;10.8671;False;1.4422;1.1506;30;1.2366;26;1.3633;22;1.443;12;1.422;2;0.002
345RPM;16.9743;17.0071;10.8671;False;1.562;1.1449;32;1.2238;28;1.5167;24;1.6222;14;1.557;4;0.0019
346NI;13.7254;13.7545;10.4534;False;1.313;1.0103;26;1.0919;22;1.1453;18;1.2531;8;;0;0.0021
346NR;13.4607;13.4887;10.4534;False;1.2877;1.0128;25;1.0737;21;1.1112;17;1.3001;7;;0;0.0021
348I;22.2397;22.2683;13.2716;False;1.6757;1.1303;43;1.38;39;1.4;35;1.6651;25;1.6075;15;0.0013
348R;20.7374;20.7642;13.2716;False;1.5625;1.223;40;1.3763;36;1.43;32;1.4919;22;1.4706;12;0.0013
385I;25.9079;25.96;12.077;False;2.1452;1.1416;50;1.4174;46;1.4462;42;1.6158;32;2.0682;22;0.002
385R;26.1251;26.1767;12.077;False;2.1632;1.0694;51;1.3327;47;1.369;43;1.629;33;2.0642;23;0.002
401I;37.1724;37.2335;27.1723;False;1.368;1.0057;73;1.0231;69;1.0332;65;1.0956;55;1.1396;45;0.0016
401R;37.3707;37.4322;27.1723;False;1.3753;1.0067;73;1.0251;69;1.0467;65;1.0972;55;1.13;45;0.0016
401cI;9.87;9.8894;5.3776;False;1.8354;1.0535;18;1.424;14;1.5474;10;;0;;0;0.002
401cR;10.2939;10.3142;5.3776;False;1.9142;1.0707;19;1.5133;15;1.5994;11;1.8534;1;;0;0.002
402I;29.7494;29.7866;0.0;True;;1.0032;58;1.0249;54;1.0775;50;1.1465;40;2.1141;30;0.0012
403I;17.3499;17.3764;12.3008;False;1.4105;1.0195;33;1.1768;29;1.1665;25;1.1818;15;1.2564;5;0.0015
403IPM;18.4082;18.4375;12.3008;False;1.4965;1.1236;35;1.261;31;1.2573;27;1.2701;17;1.3231;7;0.0016
403R;16.6503;16.6751;12.3008;False;1.3536;1.0174;32;1.1312;28;1.1499;24;1.1774;14;1.2552;4;0.0015
404I;33.0034;33.0527;0.0;True;;1.0058;65;1.1701;61;1.2491;57;1.3131;47;1.6793;37;0.0015
404IPM;29.3102;29.3519;0.0;True;;1.0049;57;1.0353;53;1.1445;49;1.2718;39;2.0934;29;0.0014
404cI;7.855;7.8667;5.3336;False;1.4727;1.1424;14;1.2998;10;1.3086;6;;0;;0;0.0015
404cR;6.4287;6.4373;5.3336;False;1.2053;1.0126;11;1.0618;7;1.2627;3;;0;;0;0.0013
405I;35.8732;35.9326;31.0336;False;1.1559;1.0126;70;1.0242;66;1.0412;62;1.1113;52;1.0902;42;0.0017
405R;35.1645;35.2237;31.0336;False;1.1331;1.0094;69;1.0257;65;1.0386;61;1.0552;51;1.0508;41;0.0017
405cR;30.5154;30.5768;0.0;True;;1.0222;60;1.0551;56;1.1647;52;1.2336;42;2.0801;32;0.002
406I;30.8398;30.8908;25.5725;False;1.206;1.0117;60;1.0221;56;1.029;52;1.1789;42;1.1867;32;0.0017
406R;31.5287;31.5818;25.5725;False;1.2329;1.0112;62;1.0361;58;1.0468;54;1.2013;44;1.218;34;0.0017
406cI;26.9521;27.01;0.0;True;;1.0224;52;1.0701;48;1.2434;44;2.1047;34;2.596;24;0.0021
407I;30.7051;30.7562;22.963;False;1.3372;1.0104;60;1.0236;56;1.0318;52;1.2246;42;1.1965;32;0.0017
407R;30.661;30.7122;22.963;False;1.3352;1.0089;60;1.047;56;1.0471;52;1.2282;42;1.1949;32;0.0017
408I;15.3274;15.3558;9.4092;False;1.629;1.1925;29;1.2729;25;1.356;21;1.3648;11;1.6136;1;0.0018
408R;16.5586;16.5904;9.4092;False;1.7598;1.1482;32;1.3792;28;1.3527;24;1.3901;14;1.6565;4;0.0019
408eI;11.9383;11.9594;10.4847;False;1.1386;1.0237;22;1.123;18;1.1312;14;1.1244;4;;0;0.0018
408eR;14.341;14.3672;10.4834;False;1.368;1.067;27;1.3605;23;1.4563;19;1.4805;9;;0;0.0018
409I;22.1352;22.1775;16.4388;False;1.3465;1.0193;43;1.0858;39;1.0971;35;1.0842;25;1.1039;15;0.0019
409R;17.4523;17.4853;16.4388;False;1.0617;1.0103;33;1.0287;29;1.0311;25;1.0332;15;1.0399;5;0.0019
410I;17.2343;17.2648;11.1916;False;1.5399;1.0487;33;1.1582;29;1.189;25;1.2066;15;1.4788;5;0.0018
410R;18.0724;18.1041;11.1916;False;1.6148;1.0238;35;1.168;31;1.1651;27;1.2977;17;1.5402;7;0.0018
410RPT;17.5535;17.5847;11.1916;False;1.5685;1.0383;34;1.1462;30;1.161;26;1.2542;16;1.4054;6;0.0018
410eI;16.2332;16.2618;13.5103;False;1.2015;1.0232;31;1.1205;27;1.1167;23;1.1125;13;1.1989;3;0.0018
411I;14.29;14.3179;13.2752;False;1.0764;1.0097;27;1.0228;23;1.026;19;1.0313;9;;0;0.0019
411R;15.1451;15.1749;13.2752;False;1.1409;1.01;29;1.0314;25;1.0392;21;1.0728;11;1.1275;1;0.002
412I;37.2202;37.2848;24.1792;False;1.5393;1.0298;73;1.2312;69;1.3098;65;1.2943;55;1.3665;45;0.0017
412R;38.2368;38.3028;24.1977;False;1.5802;1.0229;75;1.2745;71;1.3167;67;1.286;57;1.3901;47;0.0017
414eI;32.7834;32.8494;21.2298;False;1.5442;1.0177;64;1.0906;60;1.1321;56;1.1907;46;1.2143;36;0.002
414eR;32.4804;32.5464;21.2966;False;1.5251;1.02;63;1.0987;59;1.146;55;1.1877;45;1.2321;35;0.002
415eI;25.0;25.0477;15.8883;False;1.5735;1.0155;48;1.0788;44;1.1147;40;1.1897;30;1.2295;20;0.0019
415eR;24.7411;24.7887;16.2688;False;1.5208;1.0198;48;1.0951;44;1.1445;40;1.2299;30;1.3221;20;0.0019
417eI;36.6373;36.7004;24.7207;False;1.4821;1.0059;72;1.0761;68;1.206;64;1.3833;54;1.4743;44;0.0017
417eR;37.4532;37.5181;25.2333;False;1.4843;1.0079;73;1.1031;69;1.1918;65;1.3579;55;1.4764;45;0.0017
418I;39.1077;39.179;23.5795;False;1.6585;1.0102;77;1.027;73;1.0476;69;1.1794;59;1.2706;49;0.0018
418R;39.4383;39.5103;23.5795;False;1.6726;1.0108;77;1.0406;73;1.0731;69;1.1813;59;1.2692;49;0.0018
418RPT;39.5287;39.6008;23.5795;False;1.6764;1.0126;78;1.0485;74;1.0752;70;1.1893;60;1.2721;50;0.0018
419I;25.2912;25.3333;17.8734;False;1.415;1.0057;49;1.0211;45;1.1261;41;1.1886;31;1.2171;21;0.0017
419R;26.652;26.6963;17.8734;False;1.4912;1.0078;52;1.0516;48;1.1628;44;1.1732;34;1.2156;24;0.0017
420I;24.1372;24.1967;0.0;True;;1.0071;47;1.0688;43;1.105;39;1.5465;29;3.4363;19;0.0025
420IPT;24.2277;24.2872;0.0;True;;1.0081;47;1.0673;43;1.116;39;1.5089;29;3.5696;19;0.0025
421I;37.2956;37.3557;30.6853;False;1.2154;1.0102;73;1.0234;69;1.0299;65;1.0444;55;1.0635;45;0.0016
421R;38.7855;38.849;30.6853;False;1.264;1.0102;76;1.0368;72;1.0433;68;1.0545;58;1.0753;48;0.0016
421cI;11.9519;11.976;0.0;True;;1.1538;22;1.2823;18;1.9208;14;13.3998;4;;0;0.002
422I;34.0906;34.1448;24.8631;False;1.3711;1.0091;67;1.1608;63;1.2506;59;1.2441;49;1.2256;39;0.0016
422IPM;35.6615;35.7202;24.8631;False;1.4343;1.0253;70;1.2458;66;1.3433;62;1.2749;52;1.3076;42;0.0016
422R;33.5994;33.6522;24.8631;False;1.3514;1.0104;66;1.1366;62;1.2283;58;1.2899;48;1.2685;38;0.0016
422cI;7.454;7.4666;5.149;False;1.4477;1.0072;13;1.3765;9;1.4118;5;;0;;0;0.0017
422cR;7.385;7.3974;5.149;False;1.4343;1.0075;13;1.3231;9;1.3511;5;;0;;0;0.0017
423I;23.6019;23.6384;17.8734;False;1.3205;1.0056;46;1.1085;42;1.1913;38;1.3303;28;1.329;18;0.0015
423R;25.4168;25.457;17.8734;False;1.422;1.011;49;1.2309;45;1.3554;41;1.3108;31;1.4011;21;0.0016
424I;17.3934;17.4217;10.8485;False;1.6033;1.0059;33;1.3963;29;1.5004;25;1.4721;15;1.584;5;0.0016
424R;19.1116;19.1429;10.8485;False;1.7617;1.104;37;1.3941;33;1.4606;29;1.4653;19;1.569;9;0.0016
425I;34.0018;34.0765;21.4544;False;1.5848;1.0266;67;1.1037;63;1.2258;59;1.2198;49;1.2046;39;0.0022
425R;33.6462;33.7194;21.4544;False;1.5683;1.0256;66;1.1253;62;1.1236;58;1.1566;48;1.2078;38;0.0022
426I;34.2768;34.3343;26.8435;False;1.2769;1.0119;67;1.0237;63;1.0305;59;1.1331;49;1.1592;39;0.0017
426IPRN;36.3159;36.3787;26.8435;False;1.3529;1.0132;71;1.0242;67;1.0381;63;1.1624;53;1.1717;43;0.0017
426R;33.8005;33.8574;26.8435;False;1.2592;1.0143;66;1.0343;62;1.0457;58;1.1265;48;1.2041;38;0.0017
426RPRN;32.6188;32.6744;26.8435;False;1.2151;1.0146;64;1.0352;60;1.0457;56;1.1329;46;1.2041;36;0.0017
428I;35.4077;35.4778;19.3194;False;1.8328;1.0225;69;1.0755;65;1.0967;61;1.1955;51;1.2423;41;0.002
428IN;35.7737;35.8445;19.1101;False;1.872;1.0167;70;1.0759;66;1.1182;62;1.1968;52;1.2415;42;0.002
428R;36.219;36.2909;19.3194;False;1.8747;1.0238;71;1.1018;67;1.147;63;1.198;53;1.2414;43;0.002
428RN;35.4885;35.559;19.1101;False;1.8571;1.0257;69;1.0909;65;1.1215;61;1.1951;51;1.225;41;0.002
428eI;33.9497;34.0184;19.3194;False;1.7573;1.0093;66;1.0504;62;1.0701;58;1.1289;48;1.1693;38;0.002
428eITNOC;34.2898;34.3591;19.1735;False;1.7884;1.0098;67;1.0513;63;1.0702;59;1.1295;49;1.1699;39;0.002
428eR;33.5089;33.5753;19.3194;False;1.7345;1.0053;66;1.0408;62;1.0645;58;1.1178;48;1.1662;38;0.002
428eRTNOC;33.5529;33.6196;19.1735;False;1.75;1.0047;66;1.0422;62;1.0643;58;1.1193;48;1.1661;38;0.002
429I;33.8032;33.8749;20.5145;False;1.6478;1.0237;66;1.1075;62;1.1875;58;1.1682;48;1.2579;38;0.0021
429R;33.6389;33.7095;20.5145;False;1.6398;1.0284;66;1.1113;62;1.125;58;1.1183;48;1.1551;38;0.0021
429RPT;33.7507;33.8213;20.5145;False;1.6452;1.0248;66;1.1068;62;1.1283;58;1.1183;48;1.155;38;0.0021
429cI;22.5272;22.577;15.3039;False;1.472;1.0503;44;1.222;40;1.2085;36;1.2408;26;1.2883;16;0.0022
429cIPT;20.0903;20.1323;15.3039;False;1.3128;1.0222;39;1.0626;35;1.081;31;1.0982;21;1.1855;11;0.0021
429cR;21.1752;21.2194;15.3039;False;1.3836;1.0098;41;1.0643;37;1.0854;33;1.1444;23;1.3165;13;0.0021
429cRPT;20.8132;20.8588;15.3039;False;1.36;1.0318;40;1.1717;36;1.1298;32;1.1561;22;1.2606;12;0.0022
430I;33.8003;33.8721;23.5378;False;1.436;1.0247;66;1.081;62;1.1252;58;1.1725;48;1.2279;38;0.0021
430R;32.9845;33.0543;23.5378;False;1.4013;1.0192;64;1.0547;60;1.1095;56;1.1717;46;1.2314;36;0.0021
431cI;16.4641;16.4918;11.7404;False;1.4023;1.0025;31;1.0547;27;1.0677;23;1.1959;13;1.2993;3;0.0017
431cR;16.7583;16.7862;11.7404;False;1.4274;1.0047;32;1.049;28;1.0788;24;1.2078;14;1.2773;4;0.0017
432NI;37.1133;37.1744;25.7256;False;1.4427;1.018;73;1.0667;69;1.1278;65;1.1764;55;1.169;45;0.0016
432NR;36.776;36.835;25.7256;False;1.4295;1.0111;72;1.024;68;1.0664;64;1.1762;54;1.1505;44;0.0016
435I;25.2527;25.3056;19.2975;False;1.3086;1.0238;49;1.2001;45;1.2468;41;1.1749;31;1.1788;21;0.0021
435R;24.9112;24.964;19.2975;False;1.2909;1.02;48;1.2368;44;1.2464;40;1.1853;30;1.197;20;0.0021
444I;25.5411;25.5869;18.7184;False;1.3645;1.0206;50;1.0922;46;1.1628;42;1.1695;32;1.1987;22;0.0018
444ITNOC;25.8812;25.9276;18.4972;False;1.3992;1.0206;50;1.0922;46;1.1628;42;1.1695;32;1.1987;22;0.0018
444R;23.9378;23.9815;18.7184;False;1.2788;1.0162;46;1.0761;42;1.0941;38;1.1209;28;1.1399;18;0.0018
444RTNOC;23.9818;24.0258;18.4972;False;1.2965;1.0157;46;1.0757;42;1.0976;38;1.121;28;1.139;18;0.0018
445cI;11.6883;11.7094;10.1272;False;1.1541;1.0156;22;1.0457;18;1.167;14;1.1094;4;;0;0.0018
445cR;10.688;10.7081;10.1272;False;1.0554;1.0134;20;1.032;16;1.0431;12;1.0509;2;;0;0.0019
481I;28.5552;28.5935;17.8734;False;1.5976;1.0483;56;1.1916;52;1.4594;48;1.7054;38;1.6984;28;0.0013
481R;23.9896;24.0211;17.8734;False;1.3422;1.0142;46;1.1699;42;1.1912;38;1.4582;28;1.5125;18;0.0013
486I;20.3462;20.3795;0.0;True;;1.1312;39;1.493;35;1.4413;31;2.6838;21;9.1933;11;0.0016
486ITNOC;18.0758;18.1065;0.0;True;;1.1114;35;1.4446;31;1.4165;27;3.6981;17;10.3643;7;0.0017
501I;11.0609;11.0758;9.7945;False;1.1293;1.0064;21;1.0408;17;1.0644;13;1.0893;3;;0;0.0013
501R;10.8215;10.8359;9.7945;False;1.1049;1.0061;20;1.0407;16;1.0777;12;1.0876;2;;0;0.0013
502I;30.4016;30.4561;24.2029;False;1.2561;1.0225;59;1.0987;55;1.1287;51;1.1515;41;1.1883;31;0.0018
502R;30.1001;30.1543;24.2029;False;1.2437;1.0381;59;1.1083;55;1.1333;51;1.1431;41;1.1719;31;0.0018
502cI;17.0945;17.1207;14.5117;False;1.178;1.0262;33;1.129;29;1.126;25;1.1284;15;1.1716;5;0.0015
502cR;14.6496;14.6716;12.7383;False;1.15;1.058;28;1.1099;24;1.1457;20;1.1376;10;;0;0.0015
503I;28.6711;28.7179;22.8933;False;1.2524;1.028;56;1.1458;52;1.1816;48;1.1796;38;1.1745;28;0.0016
503IPM;28.8918;28.939;22.8933;False;1.262;1.0372;56;1.1528;52;1.1752;48;1.1796;38;1.1912;28;0.0016
503R;28.7804;28.8274;22.92;False;1.2557;1.0345;56;1.1199;52;1.178;48;1.1811;38;1.1706;28;0.0016
504I;31.7976;31.8479;22.9109;False;1.3879;1.0194;62;1.1287;58;1.1433;54;1.1635;44;1.1743;34;0.0016
504R;31.489;31.5388;22.9109;False;1.3744;1.0383;61;1.146;57;1.1189;53;1.1517;43;1.148;33;0.0016
505I;35.5561;35.6141;20.8364;False;1.7064;1.0249;70;1.2369;66;1.3407;62;1.3624;52;1.3461;42;0.0016
505IPM;34.9677;35.0245;20.8364;False;1.6782;1.0627;68;1.2261;64;1.3329;60;1.3426;50;1.3573;40;0.0016
505R;35.7641;35.8223;20.8355;False;1.7165;1.0483;70;1.2324;66;1.3195;62;1.3568;52;1.3302;42;0.0016
505RPT;35.4588;35.5157;20.8355;False;1.7018;1.0313;69;1.2359;65;1.2858;61;1.3347;51;1.3048;41;0.0016
505cI;30.7619;30.8111;0.0019;True;;1.0384;60;1.2467;56;1.4508;52;1.5444;42;2.6655;32;0.0016
506I;36.8769;36.9286;26.2241;False;1.4062;1.0138;72;1.0841;68;1.0995;64;1.1118;54;1.1633;44;0.0014
506R;36.948;36.9988;26.2241;False;1.4089;1.0118;72;1.0731;68;1.0947;64;1.1068;54;1.1464;44;0.0014
506eI;32.9201;32.9639;26.0755;False;1.2625;1.0085;64;1.0694;60;1.0922;56;1.1078;46;1.1462;36;0.0013
506eR;32.9229;32.9656;26.0755;False;1.2626;1.0072;64;1.066;60;1.0899;56;1.1033;46;1.1387;36;0.0013
506vI;34.5368;34.5825;23.0454;False;1.4986;1.013;68;1.082;64;1.0947;60;1.1086;50;1.1484;40;0.0013
506vR;34.7105;34.7557;23.0454;False;1.5062;1.0116;68;1.0715;64;1.0947;60;1.1081;50;1.1418;40;0.0013
507I;31.8366;31.884;24.8631;False;1.2805;1.0197;62;1.0896;58;1.1666;54;1.2544;44;1.2501;34;0.0015
507R;31.6594;31.7062;24.8631;False;1.2733;1.0198;62;1.0971;58;1.1362;54;1.2593;44;1.2572;34;0.0015
507cI;14.4743;14.4894;13.1882;False;1.0975;1.0025;27;1.018;23;1.0168;19;1.0434;9;;0;0.001
507cR;14.3044;14.3193;13.1882;False;1.0846;1.0021;27;1.0176;23;1.0158;19;1.0387;9;;0;0.001
508I;33.3429;33.398;23.0814;False;1.4446;1.0322;65;1.2383;61;1.2887;57;1.3283;47;1.3207;37;0.0017
508IPM;33.6897;33.7461;23.0814;False;1.4596;1.0636;66;1.2502;62;1.3005;58;1.3567;48;1.3589;38;0.0017
508R;33.0874;33.1423;23.0814;False;1.4335;1.054;65;1.1918;61;1.2878;57;1.321;47;1.2936;37;0.0017
508RPT;32.9356;32.9896;23.0814;False;1.4269;1.0722;64;1.2704;60;1.2923;56;1.2979;46;1.2889;36;0.0016
509I;24.213;24.2536;18.3036;False;1.3229;1.0234;47;1.1552;43;1.236;39;1.2137;29;1.2336;19;0.0017
509R;24.8604;24.9021;18.3036;False;1.3582;1.0282;48;1.2323;44;1.309;40;1.2415;30;1.2643;20;0.0017
509RPM;25.488;25.5304;18.3036;False;1.3925;1.0627;49;1.2263;45;1.282;41;1.2456;31;1.2612;21;0.0017
510I;30.0145;30.0569;22.3239;False;1.3445;1.0338;59;1.1991;55;1.202;51;1.2486;41;1.2229;31;0.0014
510IPM;29.9466;29.9888;22.3239;False;1.3415;1.0602;58;1.1519;54;1.1987;50;1.2459;40;1.2102;30;0.0014
510R;29.5426;29.5843;22.3239;False;1.3234;1.0307;58;1.1204;54;1.199;50;1.2061;40;1.1934;30;0.0014
511I;35.7114;35.7691;23.7699;False;1.5024;1.05;70;1.3377;66;1.4683;62;1.5668;52;1.5929;42;0.0016
511R;33.671;33.7234;23.7699;False;1.4165;1.0697;66;1.2791;62;1.3365;58;1.4304;48;1.4169;38;0.0016
513I;31.0511;31.1025;20.8324;False;1.4905;1.0252;61;1.2426;57;1.2412;53;1.3505;43;1.3756;33;0.0017
513IPM;30.592;30.6423;20.8324;False;1.4685;1.0263;60;1.1656;56;1.2554;52;1.3386;42;1.3673;32;0.0016
513R;31.1064;31.1577;20.8324;False;1.4932;1.0196;61;1.2433;57;1.2655;53;1.3373;43;1.3812;33;0.0016
514I;36.579;36.6399;22.227;False;1.6457;1.0415;72;1.1988;68;1.237;64;1.3341;54;1.368;44;0.0017
514IPM;36.4808;36.5417;22.227;False;1.6413;1.0501;71;1.1939;67;1.2342;63;1.3398;53;1.3552;43;0.0017
514R;37.0422;37.1048;22.227;False;1.6665;1.0926;73;1.2175;69;1.2828;65;1.4266;55;1.3978;45;0.0017
514RPM;37.4121;37.4759;22.227;False;1.6832;1.0756;73;1.2452;69;1.2698;65;1.3981;55;1.4298;45;0.0017
514RPT;36.7369;36.7982;22.227;False;1.6528;1.0924;72;1.2007;68;1.2656;64;1.3998;54;1.3937;44;0.0017
514cI;17.3515;17.3824;11.1032;False;1.5628;1.0373;33;1.1764;29;1.352;25;1.623;15;1.6255;5;0.0018
514cR;16.6725;16.701;11.1032;False;1.5016;1.0248;32;1.2076;28;1.3613;24;1.579;14;1.539;4;0.0017
516I;28.6779;28.7185;22.3287;False;1.2843;1.0119;56;1.0917;52;1.1259;48;1.1994;38;1.207;28;0.0014
516IPM;28.6811;28.7218;22.3287;False;1.2845;1.0145;56;1.0942;52;1.1077;48;1.198;38;1.2063;28;0.0014
516R;28.76;28.8008;22.3287;False;1.288;1.0088;56;1.0945;52;1.1208;48;1.2027;38;1.2096;28;0.0014
517I;28.437;28.4841;20.8324;False;1.365;1.0344;55;1.1626;51;1.1898;47;1.1978;37;1.2388;27;0.0017
517IPM;28.6576;28.7052;20.8324;False;1.3756;1.0352;56;1.1766;52;1.1903;48;1.1975;38;1.2647;28;0.0017
517R;28.4447;28.4912;20.8324;False;1.3654;1.0373;55;1.139;51;1.1437;47;1.1621;37;1.2735;27;0.0016
518I;25.5129;25.5491;21.9786;False;1.1608;1.0147;50;1.0334;46;1.0545;42;1.1653;32;1.14;22;0.0014
518R;25.2288;25.2643;21.9786;False;1.1479;1.0142;49;1.0637;45;1.0814;41;1.181;31;1.1738;21;0.0014
519I;21.4721;21.4986;18.6631;False;1.1505;1.0026;41;1.0158;37;1.0358;33;1.2215;23;1.1745;13;0.0012
519IPM;21.5432;21.5699;18.6631;False;1.1543;1.0031;42;1.0162;38;1.0381;34;1.2251;24;1.1787;14;0.0012
519R;21.6334;21.6603;18.6631;False;1.1592;1.0029;42;1.017;38;1.0306;34;1.2188;24;1.1768;14;0.0012
541NI;31.6701;31.7228;23.5116;False;1.347;1.0233;62;1.1905;58;1.1945;54;1.1568;44;1.2654;34;0.0017
541NR;31.2514;31.3032;23.5116;False;1.3292;1.032;61;1.1593;57;1.2117;53;1.1546;43;1.2499;33;0.0017
542I;30.0513;30.1054;24.2029;False;1.2416;1.0229;59;1.0889;55;1.1584;51;1.2019;41;1.2086;31;0.0018
542R;30.4062;30.4617;24.2029;False;1.2563;1.0197;59;1.0534;55;1.126;51;1.1997;41;1.2515;31;0.0018
546eI;38.7668;38.8378;26.1379;False;1.4832;1.023;76;1.1865;72;1.2285;68;1.2486;58;1.2887;48;0.0018
546eR;40.1008;40.1764;26.1525;False;1.5333;1.014;79;1.074;75;1.1416;71;1.2156;61;1.3305;51;0.0019
555I;13.2278;13.2495;9.0952;False;1.4544;1.0576;25;1.1681;21;1.4011;17;1.3828;7;;0;0.0016
555R;13.1971;13.2188;9.0952;False;1.451;1.0255;25;1.2052;21;1.4993;17;1.361;7;;0;0.0016
712I;42.2489;42.327;25.7016;False;1.6438;1.0158;83;1.0961;79;1.1475;75;1.2145;65;1.1936;55;0.0018
712IPM;41.1163;41.1919;25.6517;False;1.6029;1.0158;81;1.0961;77;1.145;73;1.1934;63;1.1927;53;0.0018
712R;41.4484;41.5268;25.7016;False;1.6127;1.0164;81;1.0911;77;1.1495;73;1.2028;63;1.187;53;0.0019
712RPM;40.4139;40.49;25.6517;False;1.5755;1.0151;79;1.0938;75;1.1317;71;1.1505;61;1.1881;51;0.0019
722I;22.7159;22.7658;15.8535;False;1.4329;1.0335;44;1.2249;40;1.3087;36;1.3956;26;1.409;16;0.0022
722IPM;22.9006;22.9508;15.8535;False;1.4445;1.0434;44;1.2442;40;1.3359;36;1.405;26;1.4212;16;0.0022
722R;23.2918;23.3435;15.8535;False;1.4692;1.0443;45;1.2284;41;1.3442;37;1.4081;27;1.4616;17;0.0022
B01I;21.5447;21.5889;0.0;True;;1.1723;42;1.2224;38;1.3542;34;1.934;24;7.5249;14;0.002
B02I;29.1085;29.178;0.0;True;;1.2109;57;1.333;53;1.6531;49;1.9062;39;2.8134;29;0.0024
B02NI;30.4807;30.5507;0.0;True;;1.2073;59;1.4116;55;1.5992;51;1.8574;41;2.441;31;0.0023
B03I;36.3805;36.4525;0.0;True;;1.2052;71;1.3637;67;1.4843;63;1.4718;53;1.9193;43;0.002
B04I;22.1804;22.2347;0.0;True;;1.0771;43;1.1285;39;1.1494;35;1.7671;25;4.1003;15;0.0024
B04ITNOC;20.0409;20.0902;0.0;True;;1.0437;39;1.1238;35;1.1442;31;2.13;21;5.5155;11;0.0025
B05I;13.7426;13.7744;6.8053;False;2.0194;1.2158;26;1.3776;22;1.3493;18;1.4798;8;;0;0.0023
B05R;14.0067;14.039;6.9373;False;2.019;1.1818;27;1.3962;23;1.3681;19;1.4536;9;;0;0.0023
B06I;16.7753;16.8131;11.5616;False;1.451;1.1914;32;1.2973;28;1.3215;24;1.3096;14;1.4628;4;0.0022
B06R;16.1402;16.1761;11.5616;False;1.396;1.1236;31;1.2408;27;1.2328;23;1.2349;13;1.4094;3;0.0022
B07I;15.9021;15.9439;0.0;True;;1.0662;30;1.4177;26;1.7522;22;3.6996;12;73.3529;2;0.0026
B07ITNOC;15.1536;15.1936;0.0;True;;1.0779;29;1.3894;25;1.7107;21;3.9974;11;97.666;1;0.0026
B08I;15.4023;15.4382;7.9223;False;1.9442;1.2248;29;1.5456;25;1.6894;21;1.5929;11;1.8769;1;0.0023
B08R;13.4308;13.461;7.9223;False;1.6953;1.13;25;1.3552;21;1.3568;17;1.4476;7;;0;0.0022
B09I;27.9822;28.0412;0.0;True;;1.203;54;1.5264;50;1.5689;46;1.8906;36;4.1265;26;0.0021
B10I;20.825;20.8774;0.0;True;;1.106;40;1.2301;36;1.2496;32;2.1052;22;5.5064;12;0.0025
B11I;17.7746;17.8134;13.0187;False;1.3653;1.0488;34;1.2078;30;1.287;26;1.3034;16;1.3933;6;0.0022
B11R;18.045;18.0841;13.0187;False;1.3861;1.1149;35;1.1945;31;1.2731;27;1.2886;17;1.3871;7;0.0022
B12I;22.4977;22.5546;11.4765;False;1.9603;1.0814;43;1.2695;39;1.3223;35;1.6405;25;2.3983;15;0.0025
B12IPM;22.9984;23.0563;11.4765;False;2.004;1.0877;44;1.2884;40;1.3782;36;1.7358;26;2.4298;16;0.0025
B12R;21.9257;21.981;11.4765;False;1.9105;1.0884;42;1.2638;38;1.3498;34;1.7155;24;2.4202;14;0.0025
B12cI;11.8709;11.9016;6.5864;False;1.8023;1.1368;22;1.3778;18;1.5969;14;1.7286;4;;0;0.0026
B12cR;11.8239;11.8545;6.5864;False;1.7952;1.2048;22;1.4119;18;1.6476;14;1.7108;4;;0;0.0026
B13I;22.1621;22.2217;0.0;True;;1.1929;43;1.4372;39;1.724;35;2.4615;25;7.748;15;0.0027
B14I;24.3241;24.3764;0.0;True;;1.083;47;1.3777;43;1.7449;39;2.4264;29;5.6968;19;0.0021
B15I;25.2099;25.2635;0.1587;True;;1.2892;49;1.9612;45;2.2454;41;2.4976;31;7.3977;21;0.0021
B16I;8.1649;8.1849;3.9172;False;2.0843;1.0193;15;1.3385;11;1.8659;7;;0;;0;0.0024
B16R;8.596;8.6171;3.9848;False;2.1572;1.1472;16;1.2713;12;1.7819;8;;0;;0;0.0024
B17I;20.108;20.1477;0.0;True;;1.1846;39;1.2438;35;1.2834;31;2.2321;21;7.4598;11;0.002
B18I;10.4093;10.4311;7.1563;False;1.4546;1.038;19;1.0756;15;1.1202;11;1.4619;1;;0;0.0021
B18IPRN;10.7692;10.7917;7.1876;False;1.4983;1.0356;20;1.0712;16;1.1192;12;1.4333;2;;0;0.0021
B18R;13.1301;13.1585;7.1876;False;1.8268;1.1077;25;1.2004;21;1.1794;17;1.6274;7;;0;0.0022
B18eI;7.256;7.2716;3.0888;False;2.3491;1.055;13;1.4614;9;1.5284;5;;0;;0;0.0022
B18eR;7.8963;7.9131;3.0888;False;2.5564;1.0413;14;1.3456;10;1.8004;6;;0;;0;0.0021
B19R;11.0974;11.1218;0.0739;True;;1.1614;21;1.4286;17;1.948;13;11.2942;3;;0;0.0022
B20I;34.7516;34.819;0.0;True;;1.1091;68;1.2258;64;1.2998;60;1.5135;50;1.8478;40;0.0019
B21I;20.2291;20.2732;9.9546;False;2.0321;1.1871;39;1.3058;35;1.3201;31;1.3092;21;1.4748;11;0.0022
B21R;19.5328;19.5749;9.9546;False;1.9622;1.0799;38;1.2325;34;1.2082;30;1.2304;20;1.4251;10;0.0022
B22I;14.7796;14.8128;2.1514;False;6.8699;1.2508;28;1.5344;24;1.9402;20;3.8703;10;;0;0.0022
B22R;15.1379;15.172;2.1285;False;7.112;1.2418;29;1.67;25;1.9565;21;4.4276;11;7.3718;1;0.0022
B24I;26.2642;26.3224;0.1324;True;;1.1256;51;1.3921;47;1.4304;43;1.9609;33;3.669;23;0.0022
B25I;15.6277;15.6657;0.0739;True;;1.1201;30;1.301;26;1.547;22;3.7278;12;43.6707;2;0.0024
B26I;33.2152;33.2922;0.0;True;;1.139;65;1.3098;61;1.5467;57;2.1808;47;3.512;37;0.0023
B27I;13.886;13.9175;6.0385;False;2.2996;1.0537;26;1.4177;22;1.3904;18;1.5131;8;;0;0.0023
B27R;12.8639;12.8932;6.1124;False;2.1046;1.2049;24;1.2821;20;1.2157;16;1.464;6;;0;0.0023
B28I;24.6237;24.6821;0.1324;True;;1.2663;48;1.4739;44;1.4979;40;2.0373;30;4.3715;20;0.0024
B29I;36.7718;36.8493;0.0;True;;1.1337;72;1.4416;68;1.4461;64;1.4879;54;1.79;44;0.0021
B30NI;35.9594;36.0324;0.0;True;;1.0767;70;1.2196;66;1.2455;62;1.282;52;1.6586;42;0.002
B31NI;22.9799;23.0362;14.1802;False;1.6206;1.0792;44;1.3054;40;1.3039;36;1.3449;26;1.4049;16;0.0024
B31NR;22.5903;22.645;14.1802;False;1.5931;1.0605;44;1.2255;40;1.221;36;1.3032;26;1.3777;16;0.0024
B32I;12.5782;12.607;0.0;True;;1.3842;24;1.8255;20;2.9281;16;16.2803;6;;0;0.0023
B33I;16.9814;17.0275;0.0;True;;1.0858;32;1.3981;28;1.6965;24;3.6489;14;18.6341;4;0.0027
B33ITNOC;16.5451;16.5906;0.0;True;;1.0362;32;1.3861;28;1.6664;24;3.6294;14;15.7435;4;0.0027
B35I;20.6612;20.7106;0.0;True;;1.2672;40;1.422;36;1.6054;32;2.3223;22;6.5965;12;0.0024
B36I;14.5326;14.5684;0.0;True;;1.3465;28;2.4086;24;2.3659;20;7.0585;10;;0;0.0025
B37I;19.4558;19.5085;0.0;True;;1.0567;37;1.31;33;1.4737;29;2.3078;19;6.4244;9;0.0027
B38I;27.8443;27.9051;0.0;True;;1.2153;54;1.4134;50;1.6071;46;1.9345;36;4.2227;26;0.0022
B41I;21.2274;21.2775;0.0;True;;1.1844;41;1.284;37;1.5484;33;2.4095;23;5.3792;13;0.0024
B42I;13.6673;13.7049;8.912;False;1.5336;1.112;26;1.2778;22;1.3922;18;1.5185;8;;0;0.0027
B42R;13.6972;13.7349;8.912;False;1.5369;1.0418;26;1.307;22;1.4012;18;1.5358;8;;0;0.0027
B43I;18.4777;18.5203;10.846;False;1.7036;1.114;35;1.537;31;1.8683;27;2.0699;17;1.7652;7;0.0023
B43IPRN;18.5079;18.5507;10.846;False;1.7064;1.1135;36;1.549;32;1.8066;28;2.0839;18;1.8591;8;0.0023
B43R;17.5568;17.5967;10.8078;False;1.6245;1.1315;34;1.4889;30;1.7427;26;1.839;16;1.7729;6;0.0023
B45I;12.4304;12.4589;1.6043;False;7.7481;1.2719;23;1.6161;19;2.0396;15;8.0528;5;;0;0.0023
B45R;12.9979;13.0277;1.6043;False;8.1018;1.5346;24;1.6247;20;2.0501;16;6.8256;6;;0;0.0023
C01I;21.0466;21.0927;11.8639;False;1.774;1.0959;41;1.4228;37;1.3505;33;1.4873;23;1.5477;13;0.0022
C01R;21.2538;21.2998;11.8639;False;1.7915;1.0454;41;1.4656;37;1.4279;33;1.4381;23;1.5111;13;0.0022
C01cI;11.7531;11.777;10.2236;False;1.1496;1.02;22;1.0376;18;1.0405;14;1.111;4;;0;0.002
C01cR;11.6958;11.7196;10.2236;False;1.144;1.021;22;1.0395;18;1.0434;14;1.1181;4;;0;0.002
C02I;17.4544;17.4827;0.0;True;;1.0202;33;1.0598;29;1.1013;25;2.9604;15;12.7454;5;0.0016
C02cI;4.9581;4.9669;3.9386;False;1.2589;1.1042;8;1.1486;4;;0;;0;;0;0.0018
C02cR;4.6168;4.6248;3.93;False;1.1748;1.042;8;1.0964;4;;0;;0;;0;0.0017
C03R;32.7993;32.8769;0.0;True;;1.1514;64;1.2706;60;1.479;56;1.9073;46;3.1197;36;0.0024
C03cI;6.9095;6.9267;5.9464;False;1.162;1.0495;12;1.1113;8;1.1037;4;;0;;0;0.0025
C03cR;7.019;7.0365;5.9464;False;1.1804;1.0352;13;1.1163;9;1.0956;5;;0;;0;0.0025
C05I;13.1861;13.2144;10.6286;False;1.2406;1.0204;25;1.0669;21;1.0854;17;1.1663;7;;0;0.0021
C05R;14.6249;14.656;10.6286;False;1.376;1.014;28;1.0659;24;1.0768;20;1.1713;10;;0;0.0021
C05RPM;15.1603;15.1934;10.6286;False;1.4264;1.0187;29;1.0675;25;1.0806;21;1.1872;11;1.3937;1;0.0022
C06I;18.4733;18.5085;9.6864;False;1.9071;1.0814;35;1.3614;31;1.4372;27;1.5421;17;1.7083;7;0.0019
C06R;14.4792;14.5073;9.5468;False;1.5167;1.0777;27;1.1751;23;1.2148;19;1.3303;9;;0;0.0019
C06RPM;14.6998;14.7284;9.5468;False;1.5398;1.0795;28;1.2039;24;1.225;20;1.3643;10;;0;0.0019
C07I;11.9166;11.9437;5.1423;False;2.3174;1.0152;22;1.1814;18;1.3304;14;1.852;4;;0;0.0023
C07IPM;10.8185;10.8431;5.1561;False;2.0982;1.0137;20;1.2175;16;1.2678;12;1.8409;2;;0;0.0023
C07R;12.6518;12.6803;5.1423;False;2.4603;1.0247;24;1.1914;20;1.4473;16;1.7766;6;;0;0.0022
C07RPM;12.0094;12.0372;5.1697;False;2.323;1.1122;23;1.2518;19;1.4743;15;1.8138;5;;0;0.0023
C09I;31.466;31.5427;0.0;True;;1.0867;61;1.217;57;1.3421;53;2.0131;43;2.5563;33;0.0024
C09cI;12.1134;12.1386;0.0;True;;1.2419;23;1.6941;19;2.1266;15;10.133;5;;0;0.0021
C10eI;20.6058;20.6549;11.5085;False;1.7905;1.042;40;1.1304;36;1.1875;32;1.5414;22;1.513;12;0.0024
C10eR;19.8012;19.8486;11.5085;False;1.7206;1.0367;38;1.0913;34;1.1645;30;1.4861;20;1.4475;10;0.0024
C11I;15.1881;15.2192;0.0;True;;1.0779;29;1.2224;25;1.3017;21;4.6386;11;80.5617;1;0.002
C13I;29.7031;29.7746;0.0;True;;1.0718;58;1.2282;54;1.3065;50;1.4374;40;2.5437;30;0.0024
C14I;15.355;15.3921;10.3668;False;1.4812;1.0487;29;1.226;25;1.3627;21;1.6057;11;1.4937;1;0.0024
C14R;14.6666;14.7025;10.3668;False;1.4148;1.0605;28;1.2226;24;1.3884;20;1.508;10;;0;0.0024
C15I;15.4675;15.4991;0.0;True;;1.0219;29;1.1624;25;1.2071;21;4.1903;11;32.3589;1;0.002
C16I;16.0935;16.1334;11.4954;False;1.4;1.1378;31;1.2023;27;1.2279;23;1.2688;13;1.3503;3;0.0025
C16R;16.629;16.6696;11.4954;False;1.4466;1.1244;32;1.2212;28;1.2414;24;1.3301;14;1.3868;4;0.0024
C17I;9.7497;9.7732;5.4606;False;1.7855;1.2028;18;1.2789;14;1.3501;10;;0;;0;0.0024
C17R;10.9798;11.0064;5.4606;False;2.0107;1.223;20;1.5081;16;1.4946;12;1.847;2;;0;0.0024
C18I;18.604;18.648;5.9063;False;3.1498;1.2226;36;1.5965;32;1.869;28;2.016;18;2.6906;8;0.0024
C18R;18.5693;18.6133;5.9063;False;3.144;1.2061;36;1.5805;32;1.7639;28;2.0242;18;2.8812;8;0.0024
C19I;13.9463;13.978;10.5974;False;1.316;1.0213;26;1.0431;22;1.1022;18;1.2103;8;;0;0.0023
C19R;14.0172;14.0491;10.5974;False;1.3227;1.0211;27;1.0421;23;1.1024;19;1.2246;9;;0;0.0023
C20I;5.065;5.0762;0.0;True;;1.2225;9;2.6657;5;76.9877;1;;0;;0;0.0022
C22I;7.3808;7.3973;4.4199;False;1.6699;1.0288;13;1.3312;9;1.4685;5;;0;;0;0.0022
C22R;7.7351;7.7527;4.4199;False;1.7501;1.0257;14;1.3376;10;1.8362;6;;0;;0;0.0023
C22RPM;7.2069;7.2232;4.4199;False;1.6306;1.0243;13;1.4428;9;1.7499;5;;0;;0;0.0023
C25I;14.8999;14.933;7.6542;False;1.9466;1.0955;28;1.2718;24;1.3237;20;1.5201;10;;0;0.0022
C25R;14.0286;14.0596;7.6563;False;1.8323;1.1255;27;1.2537;23;1.3109;19;1.4151;9;;0;0.0022
C26cI;13.2041;13.2342;0.1587;True;;1.2092;25;1.5355;21;1.9473;17;20.4135;7;;0;0.0023
C27I;15.597;15.6307;0.0;True;;1.1387;30;1.3072;26;1.8495;22;5.2362;12;39.8907;2;0.0022
C28I;19.8858;19.9324;10.5184;False;1.8906;1.0339;38;1.1411;34;1.2871;30;1.5401;20;1.5958;10;0.0023
C28R;20.5083;20.5563;10.5184;False;1.9498;1.0401;40;1.195;36;1.3794;32;1.6392;22;1.7286;12;0.0023
C30eI;19.2113;19.2562;12.9348;False;1.4852;1.0313;37;1.1032;33;1.1791;29;1.4594;19;1.4425;9;0.0023
C30eR;18.2451;18.2886;12.9348;False;1.4105;1.0308;35;1.0932;31;1.1488;27;1.4228;17;1.371;7;0.0024
C33cI;7.6239;7.6434;0.0;True;;1.0824;14;1.3544;10;3.7083;6;;0;;0;0.0026
C37R;17.5558;17.5931;0.0;True;;1.2896;34;1.7831;30;2.302;26;6.1316;16;14.9929;6;0.0021
D01I;21.7173;21.7508;0.0;True;;1.0244;42;1.3672;38;1.7276;34;3.2452;24;5.7452;14;0.0015
D01IPM;22.173;22.2079;0.0;True;;1.2522;43;1.4903;39;1.7694;35;3.3622;25;5.618;15;0.0016
D02I;17.4973;17.5278;10.1356;False;1.7263;1.0636;33;1.3125;29;1.4334;25;1.5432;15;1.619;5;0.0017
D02IPM;17.162;17.1916;10.1356;False;1.6932;1.0629;33;1.3411;29;1.4251;25;1.5462;15;1.6769;5;0.0017
D02IPT;17.1605;17.1902;10.1356;False;1.6931;1.0628;33;1.3157;29;1.4168;25;1.4701;15;1.6169;5;0.0017
D02R;16.8045;16.8329;10.1356;False;1.658;1.0508;32;1.293;28;1.3221;24;1.5436;14;1.6739;4;0.0017
D02RPM;16.4676;16.4952;10.1356;False;1.6247;1.027;31;1.2994;27;1.2782;23;1.5367;13;1.6489;3;0.0017
D03I;14.8716;14.8894;12.8476;False;1.1575;1.007;28;1.0274;24;1.1528;20;1.1641;10;;0;0.0012
D03R;15.1728;15.1913;12.8476;False;1.181;1.0235;29;1.0725;25;1.1244;21;1.1801;11;1.1771;1;0.0012
D03RPM;16.9989;17.0223;12.8476;False;1.3231;1.1186;32;1.3048;28;1.2759;24;1.268;14;1.3185;4;0.0014
D03cI;18.835;18.8623;0.0;True;;1.0342;36;1.4974;32;1.9639;28;4.0603;18;7.6122;8;0.0014
D03cIPM;19.0477;19.077;0.0;True;;1.1262;37;1.5332;33;2.0613;29;3.9356;19;7.2522;9;0.0015
D05I;14.3687;14.3912;8.4807;False;1.6943;1.0621;27;1.2099;23;1.2844;19;1.3763;9;;0;0.0016
D05R;14.9843;15.0084;8.4807;False;1.7669;1.0895;28;1.2264;24;1.3033;20;1.4241;10;;0;0.0016
D05RPT;15.1851;15.209;8.4807;False;1.7905;1.1336;29;1.284;25;1.3675;21;1.4251;11;1.7662;1;0.0016
D07I;20.0149;20.0476;11.7707;False;1.7004;1.3273;39;1.4688;35;1.5884;31;1.6808;21;1.6712;11;0.0016
D07R;21.1374;21.1737;11.7707;False;1.7958;1.233;41;1.4806;37;1.6001;33;1.8224;23;1.791;13;0.0017
D07RPRN;21.0436;21.0797;11.7468;False;1.7914;1.2764;41;1.4614;37;1.6137;33;1.8062;23;1.798;13;0.0017
D07cI;15.9987;16.0229;0.0;True;;1.1933;30;1.3926;26;1.6353;22;4.6416;12;336.6292;2;0.0015
D08I;26.0246;26.0712;0.0;True;;1.128;51;1.3997;47;1.4877;43;1.9314;33;3.4874;23;0.0018
D09I;29.3027;29.3517;0.0;True;;1.0492;57;1.3093;53;1.3689;49;1.4071;39;2.4941;29;0.0017
D09IPM;29.2378;29.286;0.0;True;;1.0439;57;1.3148;53;1.34;49;1.4071;39;2.4941;29;0.0016
D09IPT;30.0138;30.0647;0.0;True;;1.0692;59;1.3319;55;1.3895;51;1.4814;41;2.5279;31;0.0017
D10I;23.6876;23.7256;9.0408;False;2.6201;1.0969;46;1.3769;42;1.7236;38;2.6018;28;3.1539;18;0.0016
D10IPM;22.5363;22.5708;9.0408;False;2.4927;1.1685;44;1.369;40;1.8928;36;2.4766;26;3.0971;16;0.0015
D10IPT;23.6804;23.7183;9.0408;False;2.6193;1.1097;46;1.3736;42;1.7217;38;2.5989;28;3.1066;18;0.0016
D10R;23.7319;23.7699;9.0408;False;2.625;1.1163;46;1.4359;42;1.8036;38;2.4764;28;3.398;18;0.0016
D10RPM;23.6566;23.6943;9.0408;False;2.6166;1.1177;46;1.4501;42;1.7749;38;2.4564;28;3.398;18;0.0016
D11I;14.9675;15.0005;10.5587;False;1.4175;1.0874;28;1.2438;24;1.3686;20;1.4712;10;;0;0.0022
D11R;14.947;14.9801;10.5587;False;1.4156;1.0844;28;1.2381;24;1.3651;20;1.4876;10;;0;0.0022
D13I;12.4887;12.5144;7.6693;False;1.6284;1.1396;23;1.3053;19;1.4204;15;1.4508;5;;0;0.0021
D13R;13.4179;13.4422;7.6693;False;1.7496;1.2217;25;1.4417;21;1.4673;17;1.6975;7;;0;0.0018
D14I;10.3173;10.3342;3.9716;False;2.5977;1.1438;19;1.496;15;1.7716;11;2.5586;1;;0;0.0016
D14R;10.4535;10.4727;3.9716;False;2.632;1.3542;19;1.4735;15;2.0187;11;2.6118;1;;0;0.0018
D15I;30.738;30.7861;0.0;True;;1.1165;60;1.4198;56;1.6104;52;3.5337;42;6.0415;32;0.0016
D15IPM;30.3073;30.3555;0.0;True;;1.1585;59;1.4281;55;1.6627;51;3.5931;41;6.0182;31;0.0016
D16I;15.5219;15.5503;8.247;False;1.8821;1.2347;30;1.3638;26;1.5868;22;1.6481;12;1.818;2;0.0018
D16R;15.4809;15.5099;8.247;False;1.8772;1.1463;29;1.2842;25;1.3486;21;1.5275;11;1.7567;1;0.0019
D17I;21.9563;21.9916;0.0;True;;1.2297;42;1.5772;38;2.1786;34;3.8924;24;8.0125;14;0.0016
D17vI;21.8906;21.9217;0.0;True;;1.1649;42;1.9295;38;2.4451;34;3.3153;24;7.8303;14;0.0014
D18I;17.1211;17.1505;10.7217;False;1.5969;1.0727;33;1.2266;29;1.2662;25;1.3855;15;1.4864;5;0.0017
D18IPT;17.8894;17.921;10.7217;False;1.6685;1.0527;34;1.2884;30;1.2745;26;1.3917;16;1.5331;6;0.0018
D18R;16.4798;16.5077;10.7217;False;1.537;1.071;31;1.243;27;1.3457;23;1.4798;13;1.5243;3;0.0017
D18RPM;16.641;16.6695;10.7217;False;1.5521;1.0551;32;1.2157;28;1.3223;24;1.4474;14;1.5538;4;0.0017
D20I;20.6304;20.6634;0.0;True;;1.1157;40;1.3668;36;1.5419;32;2.5456;22;6.7506;12;0.0016
D26I;20.4693;20.4824;0.0;True;;1.0224;39;1.668;35;2.9077;31;4.5146;21;9.3074;11;0.0006
E01I;11.4233;11.4326;6.6335;False;1.7221;1.0807;21;1.2571;17;1.3226;13;1.3905;3;;0;0.0008
E01R;11.223;11.2324;6.6335;False;1.6919;1.0991;21;1.3028;17;1.4293;13;1.4231;3;;0;0.0008
E02I;16.9597;16.9734;10.1184;False;1.6761;1.0231;32;1.3716;28;1.7002;24;1.583;14;1.6087;4;0.0008
E02R;15.5387;15.5498;10.1184;False;1.5357;1.0661;30;1.4432;26;1.6216;22;1.5579;12;1.533;2;0.0007
E03I;14.8411;14.8525;10.9794;False;1.3517;1.0602;28;1.206;24;1.2368;20;1.252;10;;0;0.0008
E03IN;14.8145;14.8258;10.7988;False;1.3719;1.0491;28;1.2057;24;1.2403;20;1.2504;10;;0;0.0008
E03R;14.1878;14.1994;10.9794;False;1.2922;1.1005;27;1.1813;23;1.2491;19;1.2471;9;;0;0.0008
E03RN;14.7379;14.7503;10.7988;False;1.3648;1.1035;28;1.1953;24;1.2497;20;1.2714;10;;0;0.0008
E04I;17.4624;17.4915;12.1787;False;1.4339;1.1113;33;1.2005;29;1.2088;25;1.2798;15;1.3031;5;0.0017
E04R;17.971;18.0003;12.1787;False;1.4756;1.2037;34;1.263;30;1.2659;26;1.3771;16;1.3909;6;0.0016
E05I;11.2002;11.2142;6.3197;False;1.7723;1.2999;21;1.4394;17;1.3944;13;1.5477;3;;0;0.0012
E05IPM;10.9456;10.9602;6.3197;False;1.732;1.3001;20;1.4462;16;1.4322;12;1.6082;2;;0;0.0013
E05R;11.4427;11.4587;6.3197;False;1.8106;1.34;21;1.4639;17;1.5061;13;1.6827;3;;0;0.0014
E07I;7.0831;7.0883;5.2929;False;1.3382;1.0094;13;1.1698;9;1.2317;5;;0;;0;0.0007
E07R;6.4324;6.4371;5.2929;False;1.2153;1.0061;11;1.0184;7;1.138;3;;0;;0;0.0007
E08I;8.5825;8.5975;6.6861;False;1.2836;1.2024;16;1.1722;12;1.2507;8;;0;;0;0.0017
E08IPT;9.0807;9.0957;6.6861;False;1.3581;1.2326;17;1.3406;13;1.3262;9;;0;;0;0.0016
E08R;8.8991;8.9145;6.6861;False;1.331;1.1472;16;1.1872;12;1.25;8;;0;;0;0.0017
E08RPM;9.3973;9.4126;6.6861;False;1.4055;1.2051;17;1.35;13;1.3279;9;;0;;0;0.0016
E09I;9.9211;9.9307;6.6826;False;1.4846;1.281;18;1.3461;14;1.4316;10;;0;;0;0.001
E09R;9.9967;10.0062;6.6826;False;1.4959;1.3213;18;1.3734;14;1.3849;10;;0;;0;0.0009
E10I;14.7585;14.7707;8.3501;False;1.7675;1.1843;28;1.3765;24;1.82;20;2.1134;10;;0;0.0008
E10R;14.2494;14.2609;8.3501;False;1.7065;1.1923;27;1.343;23;1.8461;19;2.0485;9;;0;0.0008
E10RPM;14.2878;14.2992;8.3501;False;1.7111;1.2324;27;1.3971;23;1.8613;19;2.0642;9;;0;0.0008
E11I;11.3796;11.3869;8.7144;False;1.3058;1.1073;21;1.2144;17;1.2419;13;1.255;3;;0;0.0006
E11R;12.0972;12.1047;8.7144;False;1.3882;1.118;23;1.2292;19;1.2622;15;1.3061;5;;0;0.0006
E12I;38.1541;38.1915;0.251;True;;1.1248;75;1.2722;71;1.4332;67;2.4591;57;2.9964;47;0.001
E13I;8.5693;8.5892;6.7577;False;1.2681;1.1016;16;1.2702;12;1.247;8;;0;;0;0.0023
E13IPT;8.5683;8.5883;6.7577;False;1.2679;1.1016;16;1.2702;12;1.2179;8;;0;;0;0.0023
E13R;9.8948;9.9158;6.9941;False;1.4147;1.2261;18;1.3357;14;1.289;10;;0;;0;0.0021
E13RPM;9.9321;9.953;6.9941;False;1.4201;1.2098;18;1.3703;14;1.3243;10;;0;;0;0.0021
E14I;8.1766;8.1879;5.4703;False;1.4947;1.1812;15;1.4038;11;1.3904;7;;0;;0;0.0014
E14IPMPT;6.8727;6.8829;4.5196;False;1.5206;1.1895;12;1.2431;8;1.3774;4;;0;;0;0.0015
E14R;8.461;8.4727;5.4703;False;1.5467;1.1513;15;1.3659;11;1.357;7;;0;;0;0.0014
E14RPMPT;7.3368;7.3475;4.508;False;1.6275;1.1681;13;1.2872;9;1.3442;5;;0;;0;0.0015
E15cI;9.3382;9.357;6.7577;False;1.3818;1.2208;17;1.4201;13;1.493;9;;0;;0;0.002
E15cR;10.4268;10.4465;6.9941;False;1.4908;1.3575;19;1.4122;15;1.4716;11;1.4661;1;;0;0.0019
E16I;13.7887;13.8055;4.6329;False;2.9762;1.3369;26;1.481;22;1.5393;18;2.3546;8;;0;0.0012
E16R;11.4308;11.4425;4.8587;False;2.3526;1.2569;21;1.4146;17;1.45;13;1.8796;3;;0;0.001
E17I;8.9462;8.9559;4.7254;False;1.8932;1.1643;16;1.2171;12;1.245;8;;0;;0;0.0011
E17R;7.9719;7.9815;4.7254;False;1.687;1.2609;14;1.3004;10;1.3491;6;;0;;0;0.0012
E18I;14.8583;14.8762;6.3616;False;2.3356;1.0945;28;1.4373;24;1.66;20;2.439;10;;0;0.0012
E18R;15.898;15.9186;6.3616;False;2.4991;1.313;30;1.4804;26;1.7685;22;2.4303;12;2.189;2;0.0013
E20I;18.6425;18.6702;0.0;True;;1.0557;36;1.4249;32;1.7387;28;3.5127;18;16.1024;8;0.0015
F01I;16.4465;16.463;7.7616;False;2.1189;1.2342;31;1.4563;27;1.5254;23;1.8527;13;2.1115;3;0.001
F01R;16.0573;16.0749;7.7616;False;2.0688;1.2632;31;1.3736;27;1.5445;23;1.7797;13;1.9625;3;0.0011
F01cR;13.2879;13.2865;0.0;True;;1.0529;25;1.1022;21;1.3757;17;6.0793;7;;0;0.0001
F02I;15.523;15.5352;0.0;True;;1.0324;30;1.3914;26;1.7014;22;3.7204;12;38.5106;2;0.0008
F03I;21.6753;21.6739;14.5584;False;1.4888;1.0103;42;1.3046;38;1.2399;34;1.646;24;1.5251;14;0.0001
F03R;24.8954;24.8993;14.5584;False;1.71;1.2082;48;1.3186;44;1.3503;40;1.877;30;1.8232;20;0.0002
F03cI;16.7288;16.7257;0.0;True;;1.0659;32;1.2615;28;1.2586;24;3.6783;14;16.2435;4;0.0002
F05I;19.1317;19.1521;12.3796;False;1.5454;1.2016;37;1.3941;33;1.4551;29;1.5703;19;1.5013;9;0.0011
F05IPRN;19.6423;19.663;12.4529;False;1.5773;1.1908;38;1.3975;34;1.4679;30;1.5686;20;1.5234;10;0.0011
F05R;20.885;20.9054;12.3796;False;1.687;1.1732;40;1.4323;36;1.5283;32;1.6048;22;1.617;12;0.001
F06I;22.5428;22.5669;12.3796;False;1.821;1.1549;44;1.4146;40;1.4843;36;1.5963;26;1.673;16;0.0011
F06IPRN;23.0471;23.0715;12.4529;False;1.8507;1.1637;45;1.4158;41;1.5032;37;1.5969;27;1.6823;17;0.0011
F06R;22.2201;22.242;12.3796;False;1.7949;1.1862;43;1.364;39;1.387;35;1.5136;25;1.6212;15;0.001
F07R;20.4091;20.4327;0.0;True;;1.2328;39;1.4547;35;1.6824;31;3.6591;21;8.1528;11;0.0012
F08I;22.3341;22.3518;0.0;True;;1.1034;43;1.3906;39;1.5479;35;2.3907;25;5.8184;15;0.0008
F09I;10.4729;10.4827;4.4315;False;2.3633;1.0521;19;1.418;15;1.527;11;2.0599;1;;0;0.0009
F09R;10.0033;10.0116;4.4315;False;2.2573;1.0214;19;1.5706;15;1.534;11;2.2582;1;;0;0.0008
F10I;15.1198;15.1375;9.7996;False;1.5429;1.1072;29;1.396;25;1.3907;21;1.5183;11;1.5247;1;0.0012
F10R;14.4669;14.4851;9.7996;False;1.4763;1.1116;27;1.3987;23;1.3956;19;1.4997;9;;0;0.0013
F10cI;17.4046;17.4216;0.0;True;;1.1963;33;1.4004;29;1.5081;25;3.3237;15;14.1516;5;0.001
F11I;20.5855;20.5889;0.0;True;;1.0531;40;1.2896;36;1.5856;32;2.5344;22;13.4522;12;0.0002
F12I;10.3808;10.3945;4.3112;False;2.4079;1.1683;19;1.6343;15;2.517;11;2.4144;1;;0;0.0013
F12R;11.7401;11.7562;4.3112;False;2.7232;1.2231;22;1.6474;18;2.4138;14;2.4383;4;;0;0.0014
F12cI;9.1882;9.1997;4.3112;False;2.1312;1.2953;17;2.3796;13;2.8043;9;;0;;0;0.0013
F12cR;10.028;10.0415;4.3112;False;2.326;1.2881;19;2.0938;15;2.4249;11;2.3112;1;;0;0.0013
F13I;18.2368;18.2524;9.7996;False;1.861;1.0158;35;1.2974;31;1.4033;27;1.5147;17;1.7679;7;0.0009
F13R;18.0578;18.0754;9.7996;False;1.8427;1.0215;35;1.3033;31;1.453;27;1.5645;17;1.7979;7;0.001
F13cI;8.0508;8.0549;0.0;True;;1.1002;15;1.3615;11;3.3872;7;;0;;0;0.0005
F14I;13.9239;13.9352;3.374;False;4.1268;1.2523;26;1.4498;22;1.6356;18;2.4774;8;;0;0.0008
F14R;15.6485;15.6615;3.374;False;4.6379;1.3119;30;1.4946;26;1.5676;22;2.3678;12;4.4409;2;0.0008
F15I;14.1499;14.1679;7.568;False;1.8697;1.2644;27;1.7984;23;2.0987;19;1.9965;9;;0;0.0013
F15R;16.46;16.4776;7.568;False;2.1749;1.2945;31;1.7582;27;1.9427;23;1.9633;13;2.0854;3;0.0011
F16I;9.9472;9.9594;4.4063;False;2.2575;1.4063;18;1.487;14;1.7296;10;;0;;0;0.0012
F16R;11.7496;11.7609;4.4063;False;2.6666;1.2467;22;1.7709;18;1.9023;14;2.1379;4;;0;0.001
F18I;10.4342;10.4395;4.3112;False;2.4203;1.2472;19;1.5139;15;1.4939;11;2.5279;1;;0;0.0005
F18R;11.4899;11.497;4.3112;False;2.6651;1.2576;21;1.5155;17;1.4631;13;2.1811;3;;0;0.0006
F20I;21.6851;21.7035;12.3796;False;1.7517;1.1073;42;1.3967;38;1.4075;34;1.3846;24;1.4877;14;0.0008
F20IPRN;22.1894;22.2081;12.4529;False;1.7819;1.1406;43;1.3906;39;1.416;35;1.3978;25;1.4898;15;0.0008
F20R;22.541;22.5597;12.3796;False;1.8208;1.1515;44;1.3892;40;1.4174;36;1.4212;26;1.5118;16;0.0008
F20RPRN;22.568;22.5869;12.4529;False;1.8123;1.1515;44;1.3892;40;1.4174;36;1.4212;26;1.5118;16;0.0008
F24I;15.0782;15.093;7.7616;False;1.9427;1.1712;29;1.3161;25;1.4422;21;1.8446;11;1.9438;1;0.001
F24R;15.1905;15.2057;7.7616;False;1.9571;1.1439;29;1.4148;25;1.4868;21;1.9693;11;1.9733;1;0.001
F25I;19.4146;19.4437;12.6807;False;1.531;1.0652;37;1.1926;33;1.2621;29;1.3785;19;1.4957;9;0.0015
F25IPRN;20.1754;20.2054;12.6807;False;1.591;1.0703;39;1.1926;35;1.2621;31;1.3762;21;1.495;11;0.0015
F25R;20.0769;20.1073;12.6807;False;1.5833;1.153;39;1.2102;35;1.2723;31;1.378;21;1.4489;11;0.0015
F25RPM;20.8212;20.8508;12.6807;False;1.642;1.1829;40;1.2879;36;1.2868;32;1.3993;22;1.51;12;0.0014
F25RPRN;20.8376;20.869;12.6807;False;1.6433;1.1323;40;1.2403;36;1.2706;32;1.3593;22;1.4472;12;0.0015
F25eI;18.574;18.6054;12.6807;False;1.4647;1.0104;36;1.2131;32;1.1925;28;1.3266;18;1.4283;8;0.0017
F25eIPT;15.5227;15.5564;12.6807;False;1.2241;1.0041;30;1.0726;26;1.1819;22;1.1766;12;1.2175;2;0.0022
F25eR;15.7128;15.7472;12.6807;False;1.2391;1.004;30;1.0698;26;1.2092;22;1.1423;12;1.2112;2;0.0022
F25eRPT;19.0411;19.073;12.6807;False;1.5016;1.0155;37;1.2875;33;1.2342;29;1.2834;19;1.4351;9;0.0017
F26I;23.9061;23.9253;0.0;True;;1.3043;46;1.4734;42;1.4703;38;1.984;28;4.7959;18;0.0008
F27I;18.7634;18.7734;0.0;True;;1.1691;36;1.3533;32;1.3861;28;2.7385;18;9.8389;8;0.0005
F28I;10.7429;10.7479;8.0617;False;1.3326;1.2005;20;1.3018;16;1.3197;12;1.3388;2;;0;0.0005
F28R;10.7862;10.7911;8.0617;False;1.338;1.0514;20;1.3465;16;1.3213;12;1.3277;2;;0;0.0005
F29I;19.8774;19.8851;3.5325;False;5.627;1.3308;38;1.5348;34;1.6981;30;2.9991;20;5.3383;10;0.0004
F29R;19.1796;19.1863;3.5325;False;5.4295;1.2585;37;1.5887;33;1.6411;29;3.1168;19;4.296;9;0.0003
F30NI;34.731;34.7964;21.3039;False;1.6303;1.0072;68;1.0419;64;1.0387;60;1.0755;50;1.1604;40;0.0019
F30NR;33.7598;33.8241;21.3039;False;1.5847;1.0057;66;1.02;62;1.0299;58;1.0478;48;1.1496;38;0.0019
F33I;9.3453;9.3467;4.3112;False;2.1677;1.2037;17;1.2839;13;1.6119;9;;0;;0;0.0001
F33R;10.7838;10.7879;4.3112;False;2.5014;1.2499;20;1.3377;16;1.3846;12;2.3114;2;;0;0.0004
G01I;17.3815;17.408;9.6232;False;1.8062;1.1475;33;1.2613;29;1.2777;25;1.6612;15;1.8914;5;0.0015
G01R;17.7776;17.8044;9.6232;False;1.8474;1.1736;34;1.3071;30;1.3255;26;1.6526;16;1.9452;6;0.0015
G01cI;11.4973;11.5134;8.0055;False;1.4362;1.1154;21;1.2647;17;1.3272;13;1.3898;3;;0;0.0014
G01cR;11.2013;11.2164;8.0055;False;1.3992;1.1258;21;1.3112;17;1.3112;13;1.422;3;;0;0.0013
G02I;17.8663;17.8908;6.357;False;2.8105;1.0643;34;1.2422;30;1.6148;26;1.9643;16;2.5957;6;0.0014
G02R;14.8898;14.9096;6.357;False;2.3423;1.0292;28;1.1444;24;1.3921;20;1.6298;10;;0;0.0013
G04I;8.652;8.6587;6.1139;False;1.4151;1.2398;16;1.2737;12;1.2667;8;;0;;0;0.0008
G04IPRN;8.3652;8.3715;6.1906;False;1.3513;1.1925;15;1.2501;11;1.2563;7;;0;;0;0.0008
G04R;8.7134;8.7196;6.1139;False;1.4252;1.2455;16;1.2501;12;1.2067;8;;0;;0;0.0007
G05I;15.6832;15.6996;8.3977;False;1.8676;1.2291;30;1.379;26;1.4639;22;1.6105;12;1.8437;2;0.001
G05IN;15.7864;15.803;8.4124;False;1.8766;1.2291;30;1.379;26;1.4639;22;1.6105;12;1.8443;2;0.0011
G05R;14.5933;14.607;8.3977;False;1.7378;1.1592;28;1.3379;24;1.3635;20;1.5879;10;;0;0.0009
G05RN;15.0214;15.0355;8.4124;False;1.7856;1.189;29;1.3228;25;1.3596;21;1.615;11;1.787;1;0.0009
G07I;24.949;24.9749;10.4742;False;2.3819;1.1534;48;1.3185;44;1.3907;40;1.5441;30;1.6016;20;0.001
G07R;25.1607;25.1891;10.4742;False;2.4022;1.204;49;1.3546;45;1.4616;41;1.5495;31;1.6668;21;0.0011
G08I;17.5002;17.5261;9.95;False;1.7588;1.165;34;1.3123;30;1.3945;26;1.7596;16;1.7316;6;0.0015
G08IN;18.1772;18.2046;9.729;False;1.8683;1.1814;35;1.3131;31;1.3967;27;1.7242;17;1.7284;7;0.0015
G08R;18.4481;18.4732;9.95;False;1.8541;1.0748;35;1.3069;31;1.4489;27;1.7206;17;1.7844;7;0.0014
G08RN;18.1614;18.186;9.729;False;1.8667;1.0632;35;1.285;31;1.4696;27;1.7974;17;1.7864;7;0.0014
G08vI;21.5272;21.5587;11.1088;False;1.9379;1.2338;42;1.3929;38;1.4402;34;2.1576;24;2.0354;14;0.0015
G08vR;20.1656;20.1925;11.1088;False;1.8153;1.1474;39;1.3537;35;1.3791;31;1.8287;21;1.8229;11;0.0013
G09I;42.607;42.6587;0.0;True;;1.2943;84;1.5182;80;1.8153;76;2.177;66;2.7435;56;0.0012
G11I;32.5627;32.6095;0.0;True;;1.2212;64;1.4178;60;1.6332;56;1.997;46;2.9598;36;0.0014
G11IPRN;30.0682;30.1137;0.0;True;;1.209;59;1.436;55;1.6469;51;2.0471;41;3.8303;31;0.0015
G12I;17.588;17.6064;4.2892;False;4.1005;1.3535;34;1.9431;30;2.5446;26;6.2779;16;4.7949;6;0.001
G12R;15.2757;15.2918;4.2892;False;3.5614;1.3283;29;2.3135;25;2.9577;21;4.2705;11;3.6423;1;0.0011
G13I;14.2919;14.3067;8.3977;False;1.7019;1.1357;27;1.3288;23;1.4385;19;1.7355;9;;0;0.001
G13R;14.9391;14.9553;8.3977;False;1.779;1.2691;28;1.4317;24;1.5121;20;1.8257;10;;0;0.0011
G13cI;21.0227;21.0339;0.0;True;;1.1566;41;1.3373;37;1.4019;33;2.4873;23;6.8186;13;0.0005
G14I;15.3841;15.4021;9.3497;False;1.6454;1.0049;29;1.1858;25;1.6977;21;1.9301;11;1.6709;1;0.0012
G14R;16.0833;16.103;9.3497;False;1.7202;1.0085;31;1.2234;27;1.7657;23;1.9907;13;1.7737;3;0.0012
G15I;10.4997;10.5056;6.1139;False;1.7173;1.0083;19;1.1442;15;1.1624;11;1.7462;1;;0;0.0006
G15IN;10.9279;10.9341;6.1071;False;1.7894;1.0084;20;1.1584;16;1.1987;12;1.8093;2;;0;0.0006
G15R;10.3385;10.3446;6.1139;False;1.691;1.0183;19;1.1778;15;1.1616;11;1.6198;1;;0;0.0006
G15RN;10.4417;10.4481;6.1071;False;1.7098;1.0183;19;1.1778;15;1.1616;11;1.6218;1;;0;0.0006
G16I;15.7713;15.7845;8.3977;False;1.8781;1.2544;30;1.443;26;1.5412;22;1.798;12;1.8938;2;0.0008
G16IPRN;15.4846;15.4973;8.3696;False;1.8501;1.1412;29;1.4442;25;1.5421;21;1.7919;11;1.884;1;0.0008
G16R;17.576;17.5916;8.3977;False;2.093;1.3026;34;1.6388;30;1.7042;26;1.9981;16;2.1676;6;0.0009
G16RPRN;18.253;18.27;8.3696;False;2.1809;1.3111;35;1.6393;31;1.707;27;2.0104;17;2.166;7;0.0009
G18I;17.0736;17.09;7.3367;False;2.3272;1.196;33;1.4788;29;2.0647;25;3.3545;15;2.4632;5;0.001
G18R;17.5967;17.6131;7.3367;False;2.3984;1.1731;34;1.3788;30;1.806;26;3.1529;16;2.3884;6;0.0009
G22I;14.1829;14.2076;9.95;False;1.4254;1.1084;27;1.2313;23;1.1993;19;1.2728;9;;0;0.0017
G22IN;14.86;14.8861;9.729;False;1.5274;1.1094;28;1.2381;24;1.2266;20;1.272;10;;0;0.0018
G22R;14.3369;14.3608;9.95;False;1.4409;1.0738;27;1.229;23;1.1839;19;1.2592;9;;0;0.0017
G22RN;14.0439;14.0673;9.729;False;1.4435;1.1099;27;1.2208;23;1.2036;19;1.2609;9;;0;0.0017
G23I;11.6628;11.6691;7.6036;False;1.5339;1.0252;22;1.1462;18;1.1563;14;1.517;4;;0;0.0005
G23R;11.4692;11.4753;7.6036;False;1.5084;1.0372;21;1.1302;17;1.2159;13;1.5634;3;;0;0.0005
G24I;23.9606;24.0097;0.0;True;;1.0064;46;1.0214;42;1.2183;38;1.8203;28;3.4742;18;0.002
G27I;16.1244;16.154;0.0;True;;1.0624;31;1.429;27;1.4515;23;3.3836;13;25.8656;3;0.0018
G28I;33.6051;33.6336;0.0;True;;1.2286;66;1.4073;62;1.5996;58;1.8968;48;2.7316;38;0.0008
G31I;5.2422;5.2475;3.1721;False;1.6526;1.0085;9;1.2442;5;1.4886;1;;0;;0;0.001
G31R;4.7673;4.7717;3.1721;False;1.5029;1.1942;8;1.3467;4;;0;;0;;0;0.0009
G32I;16.4275;16.4471;0.0;True;;1.3146;31;1.8565;27;2.6822;23;7.8799;13;26.2158;3;0.0012
G34I;14.5077;14.5297;0.0;True;;1.1215;28;1.3482;24;1.4706;20;4.396;10;;0;0.0015
G35I;22.274;22.2882;0.0;True;;1.1926;43;1.3454;39;1.3668;35;2.1088;25;5.1381;15;0.0006
G37I;15.9241;15.9538;11.9855;False;1.3286;1.0054;30;1.1954;26;1.2832;22;1.3109;12;1.2647;2;0.0019
G37R;15.8416;15.8712;11.9855;False;1.3217;1.0063;30;1.2654;26;1.3441;22;1.3195;12;1.3119;2;0.0019
G38I;22.5103;22.5518;0.0;True;;1.3528;44;2.1088;40;2.2256;36;2.7229;26;14.4517;16;0.0018
G39I;33.9905;34.0299;0.0;True;;1.2872;66;1.6404;62;1.9923;58;2.3322;48;3.2805;38;0.0012
G43I;7.3067;7.3174;4.8558;False;1.5047;1.0775;13;1.2946;9;1.3119;5;;0;;0;0.0015
G43R;7.109;7.1196;4.8558;False;1.464;1.1345;13;1.2656;9;1.2893;5;;0;;0;0.0015
G46I;20.2854;20.3262;0.0;True;;1.0035;39;1.1412;35;1.1572;31;2.171;21;6.0829;11;0.002
H03I;13.2685;13.2866;5.0705;False;2.6168;1.0388;25;1.3647;21;1.7198;17;2.0255;7;;0;0.0014
H03IN;13.1054;13.1236;4.9867;False;2.6281;1.1067;25;1.394;21;1.7737;17;2.1379;7;;0;0.0014
H03R;11.3006;11.3165;5.0705;False;2.2287;1.0691;21;1.3611;17;1.6672;13;2.0128;3;;0;0.0014
H03RN;11.819;11.8355;4.9867;False;2.3701;1.1045;22;1.3598;18;1.6414;14;2.0304;4;;0;0.0014
H05I;14.6616;14.684;8.1468;False;1.7997;1.2493;28;1.5611;24;1.8087;20;1.7476;10;;0;0.0015
H05R;15.4936;15.5171;8.1468;False;1.9018;1.2496;29;1.5293;25;1.7365;21;1.8833;11;1.8344;1;0.0015
H07I;15.8909;15.9159;6.3602;False;2.4985;1.2808;30;1.3335;26;1.6485;22;2.1386;12;2.4565;2;0.0016
H07IPM;15.5579;15.582;6.3602;False;2.4461;1.2728;30;1.3407;26;1.6448;22;2.0989;12;2.4253;2;0.0016
H07R;14.4506;14.4724;6.3602;False;2.272;1.2092;27;1.2878;23;1.5104;19;1.9282;9;;0;0.0015
H08I;7.9638;7.976;3.9568;False;2.0127;1.0871;14;1.2786;10;1.6431;6;;0;;0;0.0015
H08R;7.9387;7.95;3.9568;False;2.0063;1.0447;14;1.2776;10;1.6489;6;;0;;0;0.0014
H09I;14.3674;14.39;8.1468;False;1.7636;1.3106;27;1.4206;23;1.5306;19;1.6344;9;;0;0.0016
H09R;14.3746;14.3956;8.1468;False;1.7645;1.3038;27;1.4724;23;1.6717;19;1.7719;9;;0;0.0015
H12I;15.6381;15.6671;7.286;False;2.1463;1.3683;30;1.6209;26;1.5334;22;1.7157;12;2.0092;2;0.0019
H12R;15.8152;15.8439;7.286;False;2.1706;1.3641;30;1.6366;26;1.5784;22;1.8145;12;2.0323;2;0.0018
H13I;34.6515;34.7171;0.0;True;;1.2046;68;1.3792;64;1.4439;60;1.8953;50;2.261;40;0.0019
H13IPM;35.8093;35.8772;0.0;True;;1.1786;70;1.3921;66;1.4476;62;1.7657;52;2.4306;42;0.0019
H24I;21.0049;21.0331;3.6345;False;5.7793;1.1803;41;1.4208;37;1.6483;33;1.8858;23;3.8421;13;0.0013
H24R;21.6152;21.6453;3.6345;False;5.9472;1.2142;42;1.4135;38;1.5481;34;2.0332;24;4.7223;14;0.0014
I01I;21.5497;21.5842;16.1705;False;1.3327;1.0844;42;1.31;38;1.3884;34;1.3699;24;1.3514;14;0.0016
I01R;25.2853;25.3262;16.1705;False;1.5637;1.2082;49;1.3898;45;1.4189;41;1.4311;31;1.452;21;0.0016
I01RPM;24.9598;25.0;16.1705;False;1.5435;1.179;48;1.384;44;1.3846;40;1.4174;30;1.4253;20;0.0016
I02I;20.5275;20.5556;8.4973;False;2.4158;1.2661;40;1.4673;36;1.7455;32;2.3008;22;2.2524;12;0.0014
I02R;19.8446;19.8717;8.4973;False;2.3354;1.1806;38;1.359;34;1.6228;30;2.2742;20;2.1432;10;0.0014
I03I;23.9882;24.0271;15.0711;False;1.5917;1.2637;46;1.3792;42;1.4396;38;1.4789;28;1.4691;18;0.0016
I03IPM;23.5304;23.5692;15.0711;False;1.5613;1.2329;46;1.3466;42;1.4658;38;1.4125;28;1.4323;18;0.0016
I03R;23.4955;23.5342;15.0711;False;1.559;1.2508;45;1.3986;41;1.4447;37;1.4522;27;1.485;17;0.0016
I03RPM;22.336;22.3715;15.0711;False;1.482;1.1878;43;1.3151;39;1.3603;35;1.4182;25;1.4893;15;0.0016
I03cI;9.2033;9.2191;5.4152;False;1.6995;1.1821;17;1.4759;13;1.4389;9;;0;;0;0.0017
I03cR;8.6786;8.6938;5.4152;False;1.6026;1.2187;16;1.2523;12;1.2533;8;;0;;0;0.0017
I04I;23.6682;23.7064;11.835;False;1.9998;1.1372;46;1.4241;42;1.6307;38;1.8041;28;1.7019;18;0.0016
I04R;25.1446;25.185;11.835;False;2.1246;1.1335;49;1.4626;45;1.688;41;2.0869;31;2.0348;21;0.0016
I04cI;9.2217;9.2353;3.4372;False;2.6829;1.0572;17;1.5438;13;2.3874;9;;0;;0;0.0015
I04cR;8.5344;8.5468;3.4372;False;2.4829;1.077;16;1.5749;12;1.9555;8;;0;;0;0.0015
I04eI;4.5173;4.5261;3.4846;False;1.2964;1.0334;8;1.2983;4;;0;;0;;0;0.0019
I05I;18.7017;18.7197;13.1869;False;1.4182;1.0542;36;1.1326;32;1.15;28;1.3346;18;1.3723;8;0.001
I05R;18.2927;18.3101;13.1869;False;1.3872;1.0505;35;1.1536;31;1.1864;27;1.3667;17;1.3444;7;0.0009
I07I;14.2815;14.3073;6.9989;False;2.0405;1.3549;27;1.6532;23;1.6417;19;1.869;9;;0;0.0018
I07R;12.9689;12.9915;6.9989;False;1.853;1.3761;24;1.5877;20;1.5854;16;1.8139;6;;0;0.0017
I08I;14.4563;14.4788;7.138;False;2.0253;1.012;27;1.4603;23;1.5641;19;2.0938;9;;0;0.0015
I08NI;22.159;22.1923;10.924;False;2.0285;1.0448;43;1.4872;39;1.6253;35;1.7289;25;1.521;15;0.0015
I08NR;19.1071;19.1342;10.924;False;1.7491;1.0123;37;1.1693;33;1.2582;29;1.2905;19;1.6312;9;0.0014
I08R;15.1309;15.1554;7.1409;False;2.1189;1.0419;29;1.278;25;1.26;21;1.8499;11;2.1386;1;0.0016
I08cI;2.3427;2.3472;1.1014;False;2.127;1.5938;3;;0;;0;;0;;0;0.0019
I09I;19.3887;19.416;16.4068;False;1.1817;1.004;37;1.0203;33;1.0343;29;1.1159;19;1.1617;9;0.0014
I09R;18.8405;18.8663;16.4068;False;1.1483;1.0027;36;1.017;32;1.0321;28;1.1073;18;1.1384;8;0.0014
I09cI;13.175;13.1948;10.8613;False;1.213;1.01;25;1.0493;21;1.1721;17;1.2527;7;;0;0.0015
I09cR;12.9516;12.9708;10.8753;False;1.1909;1.0079;24;1.0389;20;1.125;16;1.2094;6;;0;0.0015
I09eI;20.0045;20.0341;16.4068;False;1.2193;1.0053;39;1.0206;35;1.0341;31;1.1143;21;1.1991;11;0.0015
I09eR;19.1225;19.1496;16.4068;False;1.1655;1.0047;37;1.0198;33;1.0326;29;1.1077;19;1.1616;9;0.0014
I10I;22.3449;22.3835;15.0711;False;1.4826;1.2219;43;1.3629;39;1.384;35;1.3483;25;1.3869;15;0.0017
I10NI;24.4065;24.4453;17.0724;False;1.4296;1.0938;47;1.3389;43;1.3333;39;1.3344;29;1.3474;19;0.0016
I10NR;22.7914;22.8279;17.0724;False;1.335;1.0834;44;1.2955;40;1.3163;36;1.3117;26;1.328;16;0.0016
I10R;20.8578;20.8942;15.0711;False;1.384;1.1536;40;1.3219;36;1.3316;32;1.3176;22;1.3516;12;0.0017
I11I;16.1531;16.1739;5.2572;False;3.0726;1.0352;31;1.2876;27;1.3803;23;1.8622;13;2.5325;3;0.0013
I11NI;14.3139;14.3336;5.5577;False;2.5755;1.129;27;1.5279;23;2.332;19;2.1146;9;;0;0.0014
I11NR;13.8332;13.8525;5.5577;False;2.489;1.123;26;1.5736;22;2.3555;18;1.936;8;;0;0.0014
I11R;15.5219;15.5422;5.2572;False;2.9525;1.0266;30;1.2166;26;1.3501;22;1.7693;12;2.6754;2;0.0013
I12I;18.0611;18.0882;8.171;False;2.2104;1.1514;35;1.7329;31;1.8644;27;2.203;17;2.2781;7;0.0015
I12R;17.3719;17.3962;8.171;False;2.126;1.1408;33;1.6576;29;2.0463;25;2.096;15;2.1658;5;0.0014
I13I;12.4404;12.4629;6.9579;False;1.788;1.3295;23;1.5709;19;1.6817;15;1.7828;5;;0;0.0018
I13R;11.8227;11.8438;6.9579;False;1.6992;1.3226;22;1.5951;18;1.6557;14;1.5681;4;;0;0.0018
I14I;13.8366;13.8597;8.6965;False;1.5911;1.0547;26;1.227;22;1.2297;18;1.5167;8;;0;0.0017
I14NI;18.8868;18.9175;10.6638;False;1.7711;1.0569;36;1.162;32;1.177;28;1.4839;18;1.4805;8;0.0016
I14NR;17.1612;17.1882;10.6638;False;1.6093;1.0392;33;1.3001;29;1.261;25;1.4799;15;1.5879;5;0.0016
I14R;15.9206;15.9477;8.6965;False;1.8307;1.1146;30;1.2724;26;1.2918;22;1.512;12;1.7932;2;0.0017
I16I;10.8038;10.827;1.1879;False;9.0952;1.1811;20;1.6174;16;2.4443;12;12.3925;2;;0;0.0021
I16R;10.2296;10.2521;1.1879;False;8.6118;1.1614;19;1.4156;15;2.7289;11;10.4313;1;;0;0.0022
I17I;9.806;9.8239;6.5498;False;1.4972;1.2082;18;1.3142;14;1.3172;10;;0;;0;0.0018
I17R;9.7537;9.7714;6.5498;False;1.4892;1.1993;18;1.4249;14;1.4833;10;;0;;0;0.0018
I18I;21.333;21.3619;13.668;False;1.5608;1.1024;41;1.3211;37;1.5434;33;1.4901;23;1.5117;13;0.0014
I18R;22.2926;22.3225;13.668;False;1.631;1.1662;43;1.3283;39;1.5509;35;1.4841;25;1.5491;15;0.0013
I20I;11.6033;11.6233;2.8743;False;4.0369;1.4877;22;1.8206;18;2.1762;14;2.6387;4;;0;0.0017
I20R;10.6969;10.7167;2.8743;False;3.7216;1.4809;20;1.9954;16;2.8067;12;3.2384;2;;0;0.0018
I21I;9.4821;9.493;5.7448;False;1.6506;1.1754;17;1.3383;13;1.6377;9;;0;;0;0.0012
I21R;9.8964;9.9079;5.7448;False;1.7227;1.1654;18;1.3129;14;1.6264;10;;0;;0;0.0012
I22I;5.0631;5.0707;2.5686;False;1.9711;1.3897;9;1.3698;5;1.9181;1;;0;;0;0.0015
I22R;5.3317;5.3399;2.5686;False;2.0757;1.2791;9;1.583;5;1.7239;1;;0;;0;0.0015
I24I;18.498;18.5271;10.9304;False;1.6923;1.0378;35;1.1931;31;1.2868;27;1.4565;17;1.5765;7;0.0016
I24R;18.2974;18.3247;10.9304;False;1.674;1.0537;35;1.2406;31;1.3636;27;1.4738;17;1.5454;7;0.0015
I25I;31.0412;31.0927;0.0;True;;1.391;61;1.9116;57;2.3226;53;3.7112;43;5.7455;33;0.0017
I26I;30.3965;30.4325;0.0;True;;1.0255;59;1.2472;55;1.3335;51;1.6242;41;3.0258;31;0.0012
I35I;17.2617;17.2914;12.2949;False;1.404;1.0022;33;1.1761;29;1.156;25;1.2263;15;1.4218;5;0.0017
I35R;16.9234;16.9536;12.3192;False;1.3737;1.0395;32;1.2508;28;1.2117;24;1.2478;14;1.3605;4;0.0018
I39I;6.3513;6.3633;0.0;True;;1.1239;11;2.0256;7;7.9015;3;;0;;0;0.0019
J01I;20.7374;20.7789;9.0147;False;2.3004;1.2302;40;1.388;36;1.4266;32;1.7483;22;1.9103;12;0.002
J01R;18.496;18.5343;9.0147;False;2.0518;1.1644;35;1.3577;31;1.4098;27;1.6838;17;1.9718;7;0.0021
J01cI;4.3637;4.3753;3.5646;False;1.2242;1.005;7;1.0227;3;;0;;0;;0;0.0027
J01cR;3.7038;3.7145;3.5646;False;1.0391;1.0016;6;1.0232;2;;0;;0;;0;0.0029
J02I;26.4729;26.5194;0.0;True;;1.17;51;1.2222;47;1.2359;43;1.5741;33;2.9784;23;0.0018
J03I;26.3973;26.4426;0.0;True;;1.0732;51;1.1196;47;1.1236;43;1.4118;33;2.7383;23;0.0017
J04I;10.1166;10.1379;5.229;False;1.9347;1.3089;19;1.5199;15;1.5528;11;1.8797;1;;0;0.0021
J04R;9.3611;9.3814;5.229;False;1.7902;1.3529;17;1.5071;13;1.5255;9;;0;;0;0.0022
J05I;28.7256;28.78;0.0;True;;1.2061;56;1.4199;52;1.3353;48;1.4559;38;2.561;28;0.0019
J06I;9.3916;9.4083;2.5941;False;3.6203;1.3177;17;1.7918;13;2.2813;9;;0;;0;0.0018
J06R;8.0677;8.083;2.5941;False;3.11;1.3747;15;1.6229;11;2.3817;7;;0;;0;0.0019
J07I;57.5296;57.6429;0.0;True;;1.0385;114;1.2691;110;1.3848;106;1.5838;96;2.019;86;0.002
J07cI;13.8509;13.881;8.1341;False;1.7028;1.0646;26;1.275;22;1.3279;18;1.5696;8;;0;0.0022
J07eI;54.0483;54.1554;0.0;True;;1.0258;107;1.1933;103;1.3622;99;1.5842;89;2.0702;79;0.002
J08I;19.6278;19.6692;8.4077;False;2.3345;1.1862;38;1.5819;34;1.8043;30;1.8902;20;2.1099;10;0.0021
J08R;18.8834;18.9237;8.4077;False;2.246;1.2994;36;1.6259;32;1.8021;28;1.8977;18;2.1525;8;0.0021
J10I;16.9706;17.0011;8.8717;False;1.9129;1.1212;32;1.277;28;1.3691;24;1.4345;14;1.6588;4;0.0018
J10R;16.1984;16.2264;8.8717;False;1.8259;1.0965;31;1.2892;27;1.281;23;1.3586;13;1.7793;3;0.0017
J11I;14.1318;14.1522;9.3571;False;1.5103;1.0011;27;1.0195;23;1.0612;19;1.2219;9;;0;0.0014
J11R;15.6258;15.648;9.3571;False;1.6699;1.0004;30;1.0009;26;1.0044;22;1.1465;12;1.5381;2;0.0014
J12I;21.4113;21.4416;13.2868;False;1.6115;1.0019;41;1.0315;37;1.0525;33;1.3632;23;1.4508;13;0.0014
J12R;20.2096;20.2391;13.2868;False;1.521;1.0218;39;1.1064;35;1.0927;31;1.3877;21;1.4501;11;0.0015
J13I;14.3063;14.3335;8.9789;False;1.5933;1.1901;27;1.4345;23;1.5127;19;1.5296;9;;0;0.0019
J13R;15.4656;15.4951;8.9789;False;1.7224;1.1437;29;1.4822;25;1.5739;21;1.6316;11;1.6515;1;0.0019
J13cI;8.5658;8.5824;4.7914;False;1.7877;1.285;16;1.3224;12;1.4564;8;;0;;0;0.0019
J13cR;8.1351;8.1517;4.7914;False;1.6978;1.2627;15;1.3862;11;1.4775;7;;0;;0;0.002
J15cI;8.9454;8.9642;5.229;False;1.7108;1.0699;16;1.3453;12;1.4467;8;;0;;0;0.0021
J15cR;9.3269;9.3465;5.229;False;1.7837;1.1735;17;1.3321;13;1.4687;9;;0;;0;0.0021
J16I;31.6702;31.7323;0.0;True;;1.1587;62;1.4365;58;1.6539;54;2.1479;44;3.4114;34;0.002
J17I;9.1105;9.1229;6.0624;False;1.5028;1.068;17;1.0996;13;1.0843;9;;0;;0;0.0014
J17R;7.8587;7.8697;6.0624;False;1.2963;1.0294;14;1.1173;10;1.1525;6;;0;;0;0.0014
J18I;9.525;9.5428;4.9933;False;1.9075;1.3193;18;1.465;14;1.4782;10;;0;;0;0.0019
J18R;11.1371;11.157;4.9933;False;2.2304;1.3504;21;1.4846;17;1.4923;13;1.7969;3;;0;0.0018
J18cI;6.5269;6.5383;4.5215;False;1.4435;1.1998;12;1.2427;8;1.2728;4;;0;;0;0.0017
J18cR;7.5841;7.597;4.7697;False;1.59;1.3421;14;1.2633;10;1.29;6;;0;;0;0.0017
J19I;13.6363;13.6558;9.5102;False;1.4339;1.1216;26;1.1992;22;1.2809;18;1.266;8;;0;0.0014
J19IPM;12.9541;12.9727;9.519;False;1.3609;1.0774;24;1.1992;20;1.2809;16;1.266;6;;0;0.0014
J19R;12.4775;12.4958;9.5102;False;1.312;1.1704;23;1.1883;19;1.2998;15;1.2597;5;;0;0.0015
J19RPM;12.9093;12.9291;9.519;False;1.3562;1.2118;24;1.2614;20;1.2881;16;1.2927;6;;0;0.0015
J20I;12.9884;13.0148;0.0;True;;1.1146;24;1.4762;20;1.7945;16;8.8691;6;;0;0.002
J22I;22.4541;22.4866;16.1538;False;1.39;1.0019;43;1.0336;39;1.2392;35;1.2595;25;1.3194;15;0.0014
J22R;21.2712;21.3029;16.1538;False;1.3168;1.0095;41;1.1074;37;1.27;33;1.2676;23;1.3621;13;0.0015
