escala_km;version;n_trazados;n;media;p10;p25;p50;p75;p90;pct_hasta_1_3
1;todas las ventanas;839;33175;1.211;1.0;1.003;1.041;1.274;1.472;77.17
1;mediana por trazado;839;839;1.097;1.005;1.015;1.057;1.163;1.246;94.875
3;todas las ventanas;838;29820;1.439;1.006;1.039;1.215;1.449;1.829;59.702
3;mediana por trazado;838;838;1.262;1.031;1.094;1.238;1.379;1.481;61.575
5;todas las ventanas;832;26471;1.671;1.019;1.086;1.287;1.546;2.025;51.698
5;mediana por trazado;832;832;1.476;1.048;1.146;1.309;1.488;1.749;49.038
10;todas las ventanas;743;18417;2.291;1.059;1.165;1.345;1.677;2.512;44.785
10;mediana por trazado;743;743;1.786;1.118;1.207;1.408;1.781;2.439;38.358
15;todas las ventanas;592;11590;3.709;1.102;1.199;1.378;1.745;3.701;40.751
15;mediana por trazado;592;592;3.483;1.154;1.241;1.446;2.012;4.434;32.601
