N_objetivo;variante;kwh_cargados;costo_energia_usd;usd_por_kwh;pct_energia_valle;eventos_carga;costo_eventos_usd;buses_reserva;costo_reservas_usd;costo_carga_total_usd;demora_inicio_carga_h;saturacion_pct;buses
10;milp;1923.3;207.84;0.1081;87.44;9;45.0;0;0.0;252.84;63.3;49.0;9
10;milp_al_minuto;1923.3;207.84;0.1081;87.44;9;45.0;0;0.0;252.84;63.3;49.0;9
10;reactiva_bloques;1923.3;230.58;0.1199;84.95;9;45.0;0;0.0;275.58;37.3;49.0;9
10;reactiva_minuto;1923.3;237.48;0.1235;81.99;9;45.0;0;0.0;282.48;32.0;44.9;9
30;milp;6908.2;937.12;0.1357;49.33;35;175.0;2;500.0;1612.12;255.3;85.4;34
30;milp_al_minuto;6908.2;937.12;0.1357;49.33;35;175.0;2;500.0;1612.12;255.3;85.4;34
30;reactiva_bloques;6908.2;983.96;0.1424;48.07;34;170.0;6;1500.0;2653.96;234.8;82.3;34
30;reactiva_minuto;6908.2;945.26;0.1368;51.74;34;170.0;4;1000.0;2115.26;197.1;71.1;34
50;milp;11576.1;1663.51;0.1437;44.49;57;285.0;9;2250.0;4198.51;485.0;94.8;55
50;milp_al_minuto;11576.1;1663.51;0.1437;44.49;57;285.0;9;2250.0;4198.51;485.0;94.8;55
50;reactiva_bloques;11576.1;1684.74;0.1455;43.1;55;275.0;17;4250.0;6209.74;481.5;95.8;55
50;reactiva_minuto;11576.1;1672.4;0.1445;46.39;55;275.0;12;3000.0;4947.4;428.2;83.1;55
100;milp;22656.8;3207.35;0.1416;45.21;110;550.0;19;4750.0;8507.35;916.8;83.3;106
100;milp_al_minuto;22656.8;3207.35;0.1416;45.21;110;550.0;19;4750.0;8507.35;916.8;83.3;106
100;reactiva_bloques;22656.8;3285.96;0.145;43.81;106;530.0;33;8250.0;12065.96;873.3;92.7;106
100;reactiva_minuto;22656.8;3238.53;0.1429;47.4;106;530.0;23;5750.0;9518.53;761.9;80.6;106
200;milp;45195.4;6413.95;0.1419;45.26;226;1130.0;39;9750.0;17293.95;1786.2;83.3;210
200;milp_al_minuto;45195.4;6413.95;0.1419;45.26;226;1130.0;39;9750.0;17293.95;1786.2;83.3;210
200;reactiva_bloques;45195.4;6551.31;0.145;44.13;212;1060.0;61;15250.0;22861.31;1734.2;91.7;210
200;reactiva_minuto;45195.4;6472.16;0.1432;47.49;212;1060.0;48;12000.0;19532.16;1517.6;79.8;210
400;milp;88533.3;12777.76;0.1443;43.53;466;2330.0;82;20500.0;35607.76;3400.6;84.4;404
400;milp_al_minuto;88533.3;12777.76;0.1443;43.53;466;2330.0;82;20500.0;35607.76;3400.6;84.4;404
400;reactiva_bloques;88533.3;12868.39;0.1454;43.27;406;2030.0;130;32500.0;47398.39;3377.9;94.8;404
400;reactiva_minuto;88533.3;12792.62;0.1445;46.46;406;2030.0;107;26750.0;41572.62;2961.7;80.6;404
