N_objetivo;variante;periodo;precio_usd_kwh;kwh;pct_kwh
30;milp;P1;0.1;2713.8;39.28
30;milp;P2;0.15;1873.8;27.12
30;milp;P3;0.22;94.1;1.36
30;milp;P4;0.15;687.1;9.95
30;milp;P5;0.22;870.4;12.6
30;milp;P6;0.11;669.1;9.69
30;reactiva_minuto;P1;0.1;2860.2;41.4
30;reactiva_minuto;P2;0.15;1891.4;27.38
30;reactiva_minuto;P3;0.22;209.7;3.04
30;reactiva_minuto;P4;0.15;291.0;4.21
30;reactiva_minuto;P5;0.22;941.7;13.63
30;reactiva_minuto;P6;0.11;714.2;10.34
50;milp;P1;0.1;4096.8;35.39
50;milp;P2;0.15;2948.4;25.47
50;milp;P3;0.22;1157.7;10.0
50;milp;P4;0.15;1041.0;8.99
50;milp;P5;0.22;1308.7;11.31
50;milp;P6;0.11;1023.5;8.84
50;reactiva_minuto;P1;0.1;4296.6;37.12
50;reactiva_minuto;P2;0.15;3116.0;26.92
50;reactiva_minuto;P3;0.22;1479.8;12.78
50;reactiva_minuto;P4;0.15;322.0;2.78
50;reactiva_minuto;P5;0.22;1288.2;11.13
50;reactiva_minuto;P6;0.11;1073.5;9.27
100;milp;P1;0.1;8154.1;35.99
100;milp;P2;0.15;5931.1;26.18
100;milp;P3;0.22;2072.3;9.15
100;milp;P4;0.15;1953.6;8.62
100;milp;P5;0.22;2528.3;11.16
100;milp;P6;0.11;2017.3;8.9
100;reactiva_minuto;P1;0.1;8593.4;37.93
100;reactiva_minuto;P2;0.15;6346.0;28.01
100;reactiva_minuto;P3;0.22;2384.1;10.52
100;reactiva_minuto;P4;0.15;494.1;2.18
100;reactiva_minuto;P5;0.22;2694.1;11.89
100;reactiva_minuto;P6;0.11;2145.0;9.47
200;milp;P1;0.1;16288.2;36.13
200;milp;P2;0.15;11711.9;25.98
200;milp;P3;0.22;4084.2;9.06
200;milp;P4;0.15;3992.6;8.86
200;milp;P5;0.22;5056.8;11.22
200;milp;P6;0.11;3953.8;8.77
200;reactiva_minuto;P1;0.1;17172.6;38.09
200;reactiva_minuto;P2;0.15;12675.0;28.11
200;reactiva_minuto;P3;0.22;4988.7;11.06
200;reactiva_minuto;P4;0.15;650.1;1.44
200;reactiva_minuto;P5;0.22;5309.1;11.78
200;reactiva_minuto;P6;0.11;4292.0;9.52
400;milp;P1;0.1;30805.2;34.84
400;milp;P2;0.15;22681.5;25.65
400;milp;P3;0.22;10529.7;11.91
400;milp;P4;0.15;7170.6;8.11
400;milp;P5;0.22;9620.4;10.88
400;milp;P6;0.11;7617.9;8.62
400;reactiva_minuto;P1;0.1;32895.0;37.2
400;reactiva_minuto;P2;0.15;24396.1;27.59
400;reactiva_minuto;P3;0.22;11202.1;12.67
400;reactiva_minuto;P4;0.15;1693.9;1.92
400;reactiva_minuto;P5;0.22;10004.0;11.31
400;reactiva_minuto;P6;0.11;8234.2;9.31
