bloque;hora;puestos;tarifa_usd_kwh;intermedias_fijas;reactiva_minuto_promedio;reactiva_bloques;milp
0;00:00;3;0.1;0;3.0;3;3
1;00:15;3;0.1;0;3.0;3;3
2;00:30;3;0.1;0;3.0;3;3
3;00:45;3;0.1;0;3.0;3;3
4;01:00;3;0.1;0;3.0;3;3
5;01:15;3;0.1;0;3.0;3;3
6;01:30;3;0.1;0;3.0;3;3
7;01:45;3;0.1;0;3.0;3;3
8;02:00;3;0.1;0;3.0;3;3
9;02:15;3;0.1;0;3.0;3;3
10;02:30;3;0.1;0;3.0;3;3
11;02:45;3;0.1;0;3.0;3;3
12;03:00;3;0.1;0;3.0;3;3
13;03:15;3;0.1;0;3.0;3;3
14;03:30;3;0.1;0;3.0;3;3
15;03:45;3;0.1;0;3.0;3;3
16;04:00;3;0.1;0;3.0;3;3
17;04:15;3;0.1;0;3.0;3;3
18;04:30;3;0.1;0;3.0;3;3
19;04:45;3;0.1;0;3.0;3;3
20;05:00;3;0.1;0;3.0;3;3
21;05:15;3;0.1;0;3.0;3;3
22;05:30;3;0.1;0;3.0;3;3
23;05:45;3;0.1;0;3.0;3;3
24;06:00;3;0.1;0;3.0;3;3
25;06:15;3;0.1;0;3.0;3;3
26;06:30;3;0.1;0;3.0;3;3
27;06:45;3;0.1;0;3.0;3;3
28;07:00;3;0.1;0;3.0;3;3
29;07:15;3;0.1;0;3.0;3;3
30;07:30;3;0.1;0;3.0;3;3
31;07:45;3;0.1;0;3.0;3;3
32;08:00;3;0.15;0;3.0;3;3
33;08:15;3;0.15;0;3.0;3;3
34;08:30;3;0.15;0;3.0;3;3
35;08:45;3;0.15;0;3.0;3;3
36;09:00;3;0.15;0;3.0;3;3
37;09:15;3;0.15;0;3.0;3;3
38;09:30;3;0.15;0;3.0;3;3
39;09:45;3;0.15;0;3.0;3;3
40;10:00;3;0.15;0;2.333;3;3
41;10:15;3;0.15;0;2.4;3;3
42;10:30;3;0.15;0;3.0;3;3
43;10:45;3;0.15;0;3.0;3;3
44;11:00;3;0.15;0;3.0;3;3
45;11:15;3;0.15;0;3.0;3;3
46;11:30;3;0.15;0;3.0;3;3
47;11:45;3;0.15;0;3.0;3;3
48;12:00;3;0.15;0;3.0;3;3
49;12:15;3;0.15;0;3.0;3;3
50;12:30;3;0.15;0;3.0;3;3
51;12:45;3;0.15;0;3.0;3;3
52;13:00;3;0.15;0;3.0;3;3
53;13:15;3;0.15;0;2.467;3;3
54;13:30;3;0.15;0;2.6;3;3
55;13:45;3;0.15;0;3.0;3;3
56;14:00;3;0.22;0;3.0;3;3
57;14:15;3;0.22;0;3.0;3;3
58;14:30;3;0.22;0;3.0;3;3
59;14:45;3;0.22;0;3.0;3;3
60;15:00;3;0.22;0;3.0;3;2
61;15:15;3;0.22;0;3.0;3;3
62;15:30;3;0.22;0;3.0;3;3
63;15:45;3;0.22;0;3.0;3;3
64;16:00;3;0.22;0;3.0;3;3
65;16:15;3;0.22;0;3.0;3;3
66;16:30;3;0.22;0;2.267;3;2
67;16:45;3;0.22;0;1.067;3;2
68;17:00;3;0.15;0;0.733;3;3
69;17:15;3;0.15;0;0.467;3;3
70;17:30;3;0.15;0;1.0;3;3
71;17:45;3;0.15;0;1.0;3;3
72;18:00;3;0.15;0;1.0;3;3
73;18:15;3;0.15;0;1.0;3;3
74;18:30;3;0.15;0;1.0;3;3
75;18:45;3;0.15;0;1.0;3;3
76;19:00;3;0.22;0;0.4;2;3
77;19:15;3;0.22;0;0.867;1;3
78;19:30;3;0.22;0;1.733;2;2
79;19:45;3;0.22;0;2.0;3;3
80;20:00;3;0.22;0;2.733;2;3
81;20:15;3;0.22;0;3.0;3;2
82;20:30;3;0.22;0;3.0;3;3
83;20:45;3;0.22;0;3.0;3;3
84;21:00;3;0.22;0;3.0;3;3
85;21:15;3;0.22;0;3.0;3;3
86;21:30;3;0.22;0;3.0;3;3
87;21:45;3;0.22;0;3.0;3;3
88;22:00;3;0.11;0;3.0;3;3
89;22:15;3;0.11;0;3.0;3;3
90;22:30;3;0.11;0;3.0;3;3
91;22:45;3;0.11;0;3.0;3;3
92;23:00;3;0.11;0;3.0;3;3
93;23:15;3;0.11;0;3.0;3;3
94;23:30;3;0.11;0;3.0;3;3
95;23:45;3;0.11;0;3.0;3;3
