jornada_id;bloque_abs;inicio_bloque;bloque_mod24;kwh;tarifa_usd_kwh;fuera_de_ventana
229;85;21:15;85;45.0;0.22;0
229;86;21:30;86;45.0;0.22;0
229;87;21:45;87;45.0;0.22;0
229;88;22:00;88;45.0;0.11;0
229;89;22:15;89;45.0;0.11;0
229;90;22:30;90;19.478;0.11;0
416;106;02:30;10;45.0;0.1;0
416;107;02:45;11;45.0;0.1;0
416;108;03:00;12;45.0;0.1;0
416;109;03:15;13;45.0;0.1;0
416;110;03:30;14;45.0;0.1;0
416;111;03:45;15;45.0;0.1;0
416;112;04:00;16;28.308;0.1;0
416.1;162;16:30;66;45.0;0.22;0
416.1;163;16:45;67;45.0;0.22;0
416.1;164;17:00;68;16.83;0.15;0
435;112;04:00;16;45.0;0.1;0
435;113;04:15;17;45.0;0.1;0
435;114;04:30;18;45.0;0.1;0
435;115;04:45;19;45.0;0.1;0
435;116;05:00;20;45.0;0.1;0
435;117;05:15;21;45.0;0.1;1
435;118;05:30;22;43.136;0.1;1
435.1;146;12:30;50;45.0;0.15;0
435.1;147;12:45;51;44.118;0.15;0
765;86;21:30;86;45.0;0.22;0
765;87;21:45;87;45.0;0.22;0
765;88;22:00;88;45.0;0.11;0
765;89;22:15;89;45.0;0.11;0
765;90;22:30;90;45.0;0.11;0
765;91;22:45;91;36.056;0.11;0
875;112;04:00;16;45.0;0.1;0
875;113;04:15;17;45.0;0.1;0
875;114;04:30;18;45.0;0.1;0
875;115;04:45;19;45.0;0.1;0
875;116;05:00;20;45.0;0.1;0
875;117;05:15;21;45.0;0.1;0
875;118;05:30;22;3.145;0.1;0
1051;99;00:45;3;45.0;0.1;0
1051;100;01:00;4;45.0;0.1;0
1051;101;01:15;5;45.0;0.1;0
1051;102;01:30;6;45.0;0.1;0
1051;103;01:45;7;45.0;0.1;0
1051;104;02:00;8;45.0;0.1;0
1051;105;02:15;9;27.342;0.1;0
1051.1;126;07:30;30;45.0;0.1;0
1051.1;127;07:45;31;1.872;0.1;0
1254;35;08:45;35;45.0;0.15;0
1254;36;09:00;36;8.881;0.15;0
1276;93;23:15;93;45.0;0.11;0
1276;94;23:30;94;45.0;0.11;0
1276;95;23:45;95;45.0;0.11;0
1276;96;00:00;0;45.0;0.1;0
1276;97;00:15;1;45.0;0.1;0
1276;98;00:30;2;45.0;0.1;0
1276;99;00:45;3;31.789;0.1;0
1276.1;165;17:15;69;45.0;0.15;0
1276.1;166;17:30;70;45.0;0.15;0
1276.1;167;17:45;71;45.0;0.15;0
1276.1;168;18:00;72;45.0;0.15;0
1276.1;169;18:15;73;5.592;0.15;0
1375;119;05:45;23;45.0;0.1;1
1375;120;06:00;24;45.0;0.1;1
1375;121;06:15;25;45.0;0.1;1
1375;122;06:30;26;45.0;0.1;1
1375;123;06:45;27;45.0;0.1;1
1375;124;07:00;28;45.0;0.1;1
1375;125;07:15;29;26.082;0.1;1
1375.1;129;08:15;33;45.0;0.15;0
1375.1;130;08:30;34;13.592;0.15;0
1393;105;02:15;9;45.0;0.1;0
1393;106;02:30;10;45.0;0.1;0
1393;107;02:45;11;45.0;0.1;0
1393;108;03:00;12;45.0;0.1;0
1393;109;03:15;13;45.0;0.1;0
1393;110;03:30;14;45.0;0.1;0
1393;111;03:45;15;42.001;0.1;0
1393.1;158;15:30;62;45.0;0.22;0
1393.1;159;15:45;63;43.376;0.22;0
1455;141;11:15;45;45.0;0.15;1
1455;142;11:30;46;45.0;0.15;1
1455;143;11:45;47;45.0;0.15;1
1455;144;12:00;48;45.0;0.15;1
1455;145;12:15;49;45.0;0.15;1
1455;146;12:30;50;45.0;0.15;1
1455;147;12:45;51;31.258;0.15;1
1532;140;11:00;44;45.0;0.15;1
1532;141;11:15;45;45.0;0.15;1
1532;142;11:30;46;45.0;0.15;1
1532;143;11:45;47;45.0;0.15;1
1532;144;12:00;48;45.0;0.15;1
1532;145;12:15;49;45.0;0.15;1
1532;146;12:30;50;5.18;0.15;1
1532.1;164;17:00;68;45.0;0.15;0
1532.1;165;17:15;69;28.959;0.15;0
1533;158;15:30;62;45.0;0.22;0
1533;159;15:45;63;45.0;0.22;0
1533;160;16:00;64;45.0;0.22;0
1533;161;16:15;65;16.904;0.22;0
1537;70;17:30;70;45.0;0.15;0
1537;71;17:45;71;45.0;0.15;0
1537;72;18:00;72;45.0;0.15;0
1537;73;18:15;73;45.0;0.15;0
1537;74;18:30;74;45.0;0.15;0
1537;75;18:45;75;45.0;0.15;0
1537;76;19:00;76;38.707;0.22;0
1537.1;126;07:30;30;45.0;0.1;0
1537.1;127;07:45;31;45.0;0.1;0
1537.1;128;08:00;32;21.475;0.15;0
1553;114;04:30;18;45.0;0.1;0
1553;115;04:45;19;45.0;0.1;0
1553;116;05:00;20;45.0;0.1;0
1553;117;05:15;21;45.0;0.1;0
1553;118;05:30;22;45.0;0.1;0
1553;119;05:45;23;45.0;0.1;1
1553;120;06:00;24;28.3;0.1;1
1553.1;160;16:00;64;45.0;0.22;0
1553.1;161;16:15;65;23.116;0.22;0
1577;127;07:45;31;45.0;0.1;1
1577;128;08:00;32;45.0;0.15;1
1577;129;08:15;33;45.0;0.15;1
1577;130;08:30;34;45.0;0.15;1
1577;131;08:45;35;45.0;0.15;1
1577;132;09:00;36;45.0;0.15;1
1577;133;09:15;37;41.032;0.15;1
1577.1;137;10:15;41;42.938;0.15;0
1626;55;13:45;55;45.0;0.15;0
1626;56;14:00;56;45.0;0.22;0
1626;57;14:15;57;45.0;0.22;0
1626;58;14:30;58;45.0;0.22;0
1626;59;14:45;59;45.0;0.22;0
1626;60;15:00;60;45.0;0.22;0
1626;61;15:15;61;11.676;0.22;0
1626.1;97;00:15;1;45.0;0.1;0
1626.1;98;00:30;2;45.0;0.1;0
1626.1;99;00:45;3;45.0;0.1;0
1626.1;100;01:00;4;17.771;0.1;0
1876;100;01:00;4;45.0;0.1;0
1876;101;01:15;5;45.0;0.1;0
1876;102;01:30;6;45.0;0.1;0
1876;103;01:45;7;45.0;0.1;0
1876;104;02:00;8;45.0;0.1;0
1876;105;02:15;9;44.409;0.1;0
1925;126;07:30;30;45.0;0.1;1
1925;127;07:45;31;45.0;0.1;1
1925;128;08:00;32;45.0;0.15;1
1925;129;08:15;33;45.0;0.15;1
1925;130;08:30;34;45.0;0.15;1
1925;131;08:45;35;45.0;0.15;1
1925;132;09:00;36;36.446;0.15;1
1927;119;05:45;23;45.0;0.1;0
1927;120;06:00;24;45.0;0.1;0
1927;121;06:15;25;45.0;0.1;0
1927;122;06:30;26;45.0;0.1;0
1927;123;06:45;27;45.0;0.1;1
1927;124;07:00;28;45.0;0.1;1
1927;125;07:15;29;34.885;0.1;1
1927.1;158;15:30;62;45.0;0.22;0
1927.1;159;15:45;63;45.0;0.22;0
1927.1;160;16:00;64;4.253;0.22;0
1956;106;02:30;10;45.0;0.1;0
1956;107;02:45;11;45.0;0.1;0
1956;108;03:00;12;45.0;0.1;0
1956;109;03:15;13;45.0;0.1;0
1956;110;03:30;14;45.0;0.1;0
1956;111;03:45;15;19.086;0.1;0
2976;87;21:45;87;45.0;0.22;0
2976;88;22:00;88;45.0;0.11;0
2976;89;22:15;89;45.0;0.11;0
2976;90;22:30;90;45.0;0.11;0
2976;91;22:45;91;45.0;0.11;0
2976;92;23:00;92;10.636;0.11;0
3263;78;19:30;78;45.0;0.22;0
3263;79;19:45;79;45.0;0.22;0
3263;80;20:00;80;45.0;0.22;0
3263;81;20:15;81;45.0;0.22;0
3263;82;20:30;82;45.0;0.22;0
3263;83;20:45;83;45.0;0.22;0
3263;84;21:00;84;13.349;0.22;0
3263.1;96;00:00;0;45.0;0.1;0
3263.1;97;00:15;1;39.512;0.1;0
3267;82;20:30;82;45.0;0.22;0
3267;83;20:45;83;45.0;0.22;0
3267;84;21:00;84;45.0;0.22;0
3267;85;21:15;85;45.0;0.22;0
3267;86;21:30;86;45.0;0.22;0
3267;87;21:45;87;45.0;0.22;0
3267;88;22:00;88;13.349;0.11;0
3267.1;165;17:15;69;45.0;0.15;0
3267.1;166;17:30;70;45.0;0.15;0
3267.1;167;17:45;71;45.0;0.15;0
3267.1;168;18:00;72;33.06;0.15;0
3531;119;05:45;23;45.0;0.1;0
3531;120;06:00;24;45.0;0.1;0
3531;121;06:15;25;45.0;0.1;0
3531;122;06:30;26;45.0;0.1;0
3531;123;06:45;27;45.0;0.1;1
3531;124;07:00;28;45.0;0.1;1
3531;125;07:15;29;16.799;0.1;1
3531.1;167;17:45;71;45.0;0.15;0
3531.1;168;18:00;72;45.0;0.15;0
3531.1;169;18:15;73;45.0;0.15;0
3531.1;170;18:30;74;9.967;0.15;0
3634;42;10:30;42;45.0;0.15;0
3634;43;10:45;43;45.0;0.15;0
3634;44;11:00;44;6.103;0.15;0
3673;112;04:00;16;45.0;0.1;0
3673;113;04:15;17;45.0;0.1;0
3673;114;04:30;18;45.0;0.1;0
3673;115;04:45;19;45.0;0.1;0
3673;116;05:00;20;45.0;0.1;0
3673;117;05:15;21;45.0;0.1;1
3673;118;05:30;22;33.482;0.1;1
3673.1;147;12:45;51;45.0;0.15;0
3673.1;148;13:00;52;45.0;0.15;0
3673.1;149;13:15;53;8.885;0.15;0
5127;99;00:45;3;45.0;0.1;0
5127;100;01:00;4;45.0;0.1;0
5127;101;01:15;5;45.0;0.1;0
5127;102;01:30;6;45.0;0.1;0
5127;103;01:45;7;45.0;0.1;0
5127;104;02:00;8;1.438;0.1;0
5149;105;02:15;9;45.0;0.1;0
5149;106;02:30;10;45.0;0.1;0
5149;107;02:45;11;45.0;0.1;0
5149;108;03:00;12;45.0;0.1;0
5149;109;03:15;13;45.0;0.1;0
5149;110;03:30;14;45.0;0.1;0
5149;111;03:45;15;2.955;0.1;0
5155;79;19:45;79;45.0;0.22;0
5155;80;20:00;80;45.0;0.22;0
5155;81;20:15;81;45.0;0.22;0
5155;82;20:30;82;45.0;0.22;0
5155;83;20:45;83;45.0;0.22;0
5155;84;21:00;84;45.0;0.22;0
5155;85;21:15;85;28.672;0.22;0
5155.1;161;16:15;65;45.0;0.22;0
5155.1;162;16:30;66;45.0;0.22;0
5155.1;163;16:45;67;45.0;0.22;0
5155.1;164;17:00;68;20.103;0.15;0
5167;105;02:15;9;45.0;0.1;0
5167;106;02:30;10;45.0;0.1;0
5167;107;02:45;11;45.0;0.1;0
5167;108;03:00;12;45.0;0.1;0
5167;109;03:15;13;45.0;0.1;0
5167;110;03:30;14;45.0;0.1;0
5167;111;03:45;15;21.9;0.1;0
5167.1;147;12:45;51;45.0;0.15;0
5167.1;148;13:00;52;45.0;0.15;0
5167.1;149;13:15;53;3.694;0.15;0
5174;107;02:45;11;45.0;0.1;0
5174;108;03:00;12;45.0;0.1;0
5174;109;03:15;13;45.0;0.1;0
5174;110;03:30;14;45.0;0.1;0
5174;111;03:45;15;45.0;0.1;0
5174;112;04:00;16;45.0;0.1;0
5174;113;04:15;17;22.546;0.1;0
5174.1;128;08:00;32;45.0;0.15;0
5174.1;129;08:15;33;12.957;0.15;0
5183;132;09:00;36;45.0;0.15;1
5183;133;09:15;37;45.0;0.15;1
5183;134;09:30;38;45.0;0.15;1
5183;135;09:45;39;45.0;0.15;1
5183;136;10:00;40;45.0;0.15;1
5183;137;10:15;41;45.0;0.15;1
5183;138;10:30;42;34.132;0.15;1
5380;154;14:30;58;45.0;0.22;1
5380;155;14:45;59;45.0;0.22;1
5380;156;15:00;60;45.0;0.22;1
5380;157;15:15;61;45.0;0.22;1
5380;158;15:30;62;45.0;0.22;1
5380;159;15:45;63;45.0;0.22;1
5380;160;16:00;64;11.058;0.22;1
5384;91;22:45;91;45.0;0.11;0
5384;92;23:00;92;45.0;0.11;0
5384;93;23:15;93;45.0;0.11;0
5384;94;23:30;94;45.0;0.11;0
5384;95;23:45;95;45.0;0.11;0
5384;96;00:00;0;30.726;0.1;0
5387;148;13:00;52;45.0;0.15;1
5387;149;13:15;53;45.0;0.15;1
5387;150;13:30;54;45.0;0.15;1
5387;151;13:45;55;45.0;0.15;1
5387;152;14:00;56;45.0;0.22;1
5387;153;14:15;57;23.036;0.22;1
5408;140;11:00;44;45.0;0.15;1
5408;141;11:15;45;45.0;0.15;1
5408;142;11:30;46;45.0;0.15;1
5408;143;11:45;47;45.0;0.15;1
5408;144;12:00;48;45.0;0.15;1
5408;145;12:15;49;45.0;0.15;1
5408;146;12:30;50;33.882;0.15;1
5408.1;162;16:30;66;45.0;0.22;0
5408.1;163;16:45;67;28.82;0.22;0
5414;92;23:00;92;45.0;0.11;0
5414;93;23:15;93;45.0;0.11;0
5414;94;23:30;94;45.0;0.11;0
5414;95;23:45;95;45.0;0.11;0
5414;96;00:00;0;45.0;0.1;0
5414;97;00:15;1;45.0;0.1;0
5414;98;00:30;2;32.327;0.1;0
5414.1;160;16:00;64;45.0;0.22;0
5414.1;161;16:15;65;45.0;0.22;0
5414.1;162;16:30;66;45.0;0.22;0
5414.1;163;16:45;67;21.309;0.22;0
5531;85;21:15;85;45.0;0.22;0
5531;86;21:30;86;45.0;0.22;0
5531;87;21:45;87;45.0;0.22;0
5531;88;22:00;88;45.0;0.11;0
5531;89;22:15;89;45.0;0.11;0
5531;90;22:30;90;45.0;0.11;0
5531;91;22:45;91;26.665;0.11;0
5531.1;147;12:45;51;45.0;0.15;0
5531.1;148;13:00;52;45.0;0.15;0
5531.1;149;13:15;53;13.309;0.15;0
5534;133;09:15;37;45.0;0.15;1
5534;134;09:30;38;45.0;0.15;1
5534;135;09:45;39;45.0;0.15;1
5534;136;10:00;40;45.0;0.15;1
5534;137;10:15;41;45.0;0.15;1
5534;138;10:30;42;45.0;0.15;1
5534;139;10:45;43;41.425;0.15;1
5534.1;156;15:00;60;45.0;0.22;0
5534.1;157;15:15;61;27.355;0.22;0
5538;113;04:15;17;45.0;0.1;0
5538;114;04:30;18;45.0;0.1;0
5538;115;04:45;19;45.0;0.1;0
5538;116;05:00;20;45.0;0.1;0
5538;117;05:15;21;45.0;0.1;1
5538;118;05:30;22;45.0;0.1;1
5538;119;05:45;23;27.622;0.1;1
5560;126;07:30;30;45.0;0.1;1
5560;127;07:45;31;45.0;0.1;1
5560;128;08:00;32;45.0;0.15;1
5560;129;08:15;33;45.0;0.15;1
5560;130;08:30;34;45.0;0.15;1
5560;131;08:45;35;45.0;0.15;1
5560;132;09:00;36;7.277;0.15;1
5613;147;12:45;51;45.0;0.15;1
5613;148;13:00;52;45.0;0.15;1
5613;149;13:15;53;45.0;0.15;1
5613;150;13:30;54;45.0;0.15;1
5613;151;13:45;55;45.0;0.15;1
5613;152;14:00;56;45.0;0.22;1
5613;153;14:15;57;30.013;0.22;1
5697;133;09:15;37;45.0;0.15;1
5697;134;09:30;38;45.0;0.15;1
5697;135;09:45;39;45.0;0.15;1
5697;136;10:00;40;45.0;0.15;1
5697;137;10:15;41;45.0;0.15;1
5697;138;10:30;42;45.0;0.15;1
5697;139;10:45;43;36.481;0.15;1
5697.1;163;16:45;67;45.0;0.22;0
5697.1;164;17:00;68;43.295;0.15;0
5721;139;10:45;43;45.0;0.15;1
5721;140;11:00;44;45.0;0.15;1
5721;141;11:15;45;45.0;0.15;1
5721;142;11:30;46;45.0;0.15;1
5721;143;11:45;47;45.0;0.15;1
5721;144;12:00;48;45.0;0.15;1
5721;145;12:15;49;38.556;0.15;1
5721.1;167;17:45;71;45.0;0.15;0
5721.1;168;18:00;72;33.938;0.15;0
5728;126;07:30;30;45.0;0.1;1
5728;127;07:45;31;45.0;0.1;1
5728;128;08:00;32;45.0;0.15;1
5728;129;08:15;33;45.0;0.15;1
5728;130;08:30;34;45.0;0.15;1
5728;131;08:45;35;45.0;0.15;1
5728;132;09:00;36;38.316;0.15;1
5728.1;161;16:15;65;45.0;0.22;0
5728.1;162;16:30;66;16.54;0.22;0
5732;140;11:00;44;45.0;0.15;1
5732;141;11:15;45;45.0;0.15;1
5732;142;11:30;46;45.0;0.15;1
5732;143;11:45;47;45.0;0.15;1
5732;144;12:00;48;45.0;0.15;1
5732;145;12:15;49;45.0;0.15;1
5732;146;12:30;50;37.976;0.15;1
5732.1;150;13:30;54;39.183;0.15;0
5773;75;18:45;75;45.0;0.15;0
5773;76;19:00;76;45.0;0.22;0
5773;77;19:15;77;45.0;0.22;0
5773;78;19:30;78;45.0;0.22;0
5773;79;19:45;79;45.0;0.22;0
5773;80;20:00;80;45.0;0.22;0
5773;81;20:15;81;29.426;0.22;0
5773.1;134;09:30;38;45.0;0.15;0
5773.1;135;09:45;39;45.0;0.15;0
5773.1;136;10:00;40;21.955;0.15;0
5826;92;23:00;92;45.0;0.11;0
5826;93;23:15;93;45.0;0.11;0
5826;94;23:30;94;45.0;0.11;0
5826;95;23:45;95;45.0;0.11;0
5826;96;00:00;0;45.0;0.1;0
5826;97;00:15;1;45.0;0.1;0
5826;98;00:30;2;23.25;0.1;0
5826.1;150;13:30;54;45.0;0.15;0
5826.1;151;13:45;55;40.494;0.15;0
5913;99;00:45;3;45.0;0.1;0
5913;100;01:00;4;45.0;0.1;0
5913;101;01:15;5;45.0;0.1;0
5913;102;01:30;6;45.0;0.1;0
5913;103;01:45;7;45.0;0.1;0
5913;104;02:00;8;5.358;0.1;0
5980;79;19:45;79;45.0;0.22;0
5980;80;20:00;80;45.0;0.22;0
5980;81;20:15;81;45.0;0.22;0
5980;82;20:30;82;45.0;0.22;0
5980;83;20:45;83;45.0;0.22;0
5980;84;21:00;84;20.083;0.22;0
6014;101;01:15;5;45.0;0.1;0
6014;102;01:30;6;45.0;0.1;0
6014;103;01:45;7;45.0;0.1;0
6014;104;02:00;8;45.0;0.1;0
6014;105;02:15;9;45.0;0.1;0
6014;106;02:30;10;11.935;0.1;0
6048;64;16:00;64;45.0;0.22;0
6048;65;16:15;65;45.0;0.22;0
6048;66;16:30;66;45.0;0.22;0
6048;67;16:45;67;45.0;0.22;0
6048;68;17:00;68;45.0;0.15;0
6048;69;17:15;69;45.0;0.15;0
6048;70;17:30;70;41.113;0.15;0
6048.1;155;14:45;59;45.0;0.22;0
6048.1;156;15:00;60;45.0;0.22;1
6048.1;157;15:15;61;45.0;0.22;1
6048.1;158;15:30;62;45.0;0.22;1
6048.1;159;15:45;63;25.9;0.22;1
6130;119;05:45;23;45.0;0.1;1
6130;120;06:00;24;45.0;0.1;1
6130;121;06:15;25;45.0;0.1;1
6130;122;06:30;26;45.0;0.1;1
6130;123;06:45;27;45.0;0.1;1
6130;124;07:00;28;45.0;0.1;1
6130;125;07:15;29;23.487;0.1;1
6133;34;08:30;34;45.0;0.15;0
6133;35;08:45;35;1.678;0.15;0
6174;93;23:15;93;45.0;0.11;0
6174;94;23:30;94;45.0;0.11;0
6174;95;23:45;95;45.0;0.11;0
6174;96;00:00;0;45.0;0.1;0
6174;97;00:15;1;45.0;0.1;0
6174;98;00:30;2;27.375;0.1;0
6232;98;00:30;2;45.0;0.1;0
6232;99;00:45;3;45.0;0.1;0
6232;100;01:00;4;45.0;0.1;0
6232;101;01:15;5;45.0;0.1;0
6232;102;01:30;6;45.0;0.1;0
6232;103;01:45;7;45.0;0.1;0
6232;104;02:00;8;17.978;0.1;0
6232.1;157;15:15;61;45.0;0.22;0
6232.1;158;15:30;62;45.0;0.22;0
6232.1;159;15:45;63;15.908;0.22;0
6324;133;09:15;37;45.0;0.15;1
6324;134;09:30;38;45.0;0.15;1
6324;135;09:45;39;45.0;0.15;1
6324;136;10:00;40;45.0;0.15;1
6324;137;10:15;41;45.0;0.15;1
6324;138;10:30;42;45.0;0.15;1
6324;139;10:45;43;31.418;0.15;1
6324.1;156;15:00;60;45.0;0.22;0
6324.1;157;15:15;61;33.106;0.22;0
6325;150;13:30;54;45.0;0.15;1
6325;151;13:45;55;45.0;0.15;1
6325;152;14:00;56;45.0;0.22;1
6325;153;14:15;57;45.0;0.22;1
6325;154;14:30;58;45.0;0.22;1
6325;155;14:45;59;45.0;0.22;1
6325;156;15:00;60;41.781;0.22;1
6400;112;04:00;16;45.0;0.1;0
6400;113;04:15;17;45.0;0.1;0
6400;114;04:30;18;45.0;0.1;0
6400;115;04:45;19;45.0;0.1;0
6400;116;05:00;20;45.0;0.1;0
6400;117;05:15;21;45.0;0.1;1
6400;118;05:30;22;10.936;0.1;1
6448;87;21:45;87;45.0;0.22;0
6448;88;22:00;88;45.0;0.11;0
6448;89;22:15;89;45.0;0.11;0
6448;90;22:30;90;45.0;0.11;0
6448;91;22:45;91;45.0;0.11;0
6448;92;23:00;92;13.107;0.11;0
6456;121;06:15;25;45.0;0.1;1
6456;122;06:30;26;45.0;0.1;1
6456;123;06:45;27;45.0;0.1;1
6456;124;07:00;28;45.0;0.1;1
6456;125;07:15;29;40.516;0.1;1
6458;140;11:00;44;45.0;0.15;1
6458;141;11:15;45;45.0;0.15;1
6458;142;11:30;46;45.0;0.15;1
6458;143;11:45;47;45.0;0.15;1
6458;144;12:00;48;45.0;0.15;1
6458;145;12:15;49;45.0;0.15;1
6458;146;12:30;50;43.554;0.15;1
6458.1;154;14:30;58;45.0;0.22;0
6458.1;155;14:45;59;19.759;0.22;0
6481;148;13:00;52;45.0;0.15;1
6481;149;13:15;53;45.0;0.15;1
6481;150;13:30;54;45.0;0.15;1
6481;151;13:45;55;45.0;0.15;1
6481;152;14:00;56;45.0;0.22;1
6481;153;14:15;57;45.0;0.22;1
6481;154;14:30;58;16.503;0.22;1
6530;120;06:00;24;45.0;0.1;0
6530;121;06:15;25;45.0;0.1;0
6530;122;06:30;26;45.0;0.1;0
6530;123;06:45;27;45.0;0.1;1
6530;124;07:00;28;45.0;0.1;1
6530;125;07:15;29;45.0;0.1;1
6530;126;07:30;30;7.622;0.1;1
6530.1;165;17:15;69;45.0;0.15;0
6530.1;166;17:30;70;45.0;0.15;0
6530.1;167;17:45;71;6.397;0.15;0
6847;89;22:15;89;45.0;0.11;0
6847;90;22:30;90;45.0;0.11;0
6847;91;22:45;91;45.0;0.11;0
6847;92;23:00;92;45.0;0.11;0
6847;93;23:15;93;45.0;0.11;0
6847;94;23:30;94;45.0;0.11;0
6847;95;23:45;95;15.841;0.11;0
6847.1;164;17:00;68;45.0;0.15;0
6847.1;165;17:15;69;45.0;0.15;0
6847.1;166;17:30;70;36.956;0.15;0
6989;80;20:00;80;45.0;0.22;0
6989;81;20:15;81;45.0;0.22;0
6989;82;20:30;82;45.0;0.22;0
6989;83;20:45;83;45.0;0.22;0
6989;84;21:00;84;45.0;0.22;0
6989;85;21:15;85;45.0;0.22;0
6989;86;21:30;86;3.27;0.22;0
6989.1;152;14:00;56;45.0;0.22;0
6989.1;153;14:15;57;45.0;0.22;0
6989.1;154;14:30;58;45.0;0.22;0
6989.1;155;14:45;59;8.791;0.22;0
6990;80;20:00;80;45.0;0.22;0
6990;81;20:15;81;45.0;0.22;0
6990;82;20:30;82;45.0;0.22;0
6990;83;20:45;83;45.0;0.22;0
6990;84;21:00;84;45.0;0.22;0
6990;85;21:15;85;45.0;0.22;0
6990;86;21:30;86;3.27;0.22;0
6990.1;168;18:00;72;45.0;0.15;0
6990.1;169;18:15;73;45.0;0.15;0
6990.1;170;18:30;74;45.0;0.15;1
6990.1;171;18:45;75;45.0;0.15;1
6990.1;172;19:00;76;8.151;0.22;1
6993;133;09:15;37;45.0;0.15;1
6993;134;09:30;38;45.0;0.15;1
6993;135;09:45;39;45.0;0.15;1
6993;136;10:00;40;45.0;0.15;1
6993;137;10:15;41;45.0;0.15;1
6993;138;10:30;42;45.0;0.15;1
6993;139;10:45;43;39.241;0.15;1
