metrica;red_completa;N=30;N=50;N=100;N=200;N=400
buses (cargas finales);4622.0;34.0;55.0;106.0;210.0;404.0
puestos;270.0;2.0;3.0;6.0;12.0;23.0
puestos por bus;0.0584;0.0588;0.0545;0.0566;0.0571;0.0569
% llegadas entre 19:00 y 02:00;90.0;91.2;94.5;92.5;92.4;92.3
% salidas entre 04:00 y 08:00;62.6;47.1;52.7;57.5;59.0;61.6
ventana mediana en el patio (h);8.98;10.37;9.15;9.13;9.1;8.92
energia media a reponer (kWh);217.3;203.2;210.5;213.7;214.7;218.9
carga / capacidad de 24 h (%);86.2;80.0;89.3;87.4;87.2;89.1
% buses con ciclo no cumplido (reactiva);26.1;11.8;21.8;21.7;22.9;26.5
USD/kWh (reactiva);0.142;0.1368;0.1445;0.1429;0.1432;0.1445
% energia en valle (reactiva);48.0;51.74;46.39;47.4;47.49;46.46
