charge_id;depot_id;start_hour;end_hour;capacity
1_0;1;0;1;150
1_1;1;1;2;150
1_2;1;2;3;150
1_3;1;3;4;150
1_4;1;4;5;150
1_5;1;5;6;150
1_6;1;6;7;150
1_7;1;7;8;150
1_8;1;8;9;150
1_9;1;9;10;150
1_10;1;10;11;150
1_11;1;11;12;150
1_12;1;12;13;150
1_13;1;13;14;150
1_14;1;14;15;150
1_15;1;15;16;150
1_16;1;16;17;150
1_17;1;17;18;150
1_18;1;18;19;150
1_19;1;19;20;150
1_20;1;20;21;150
1_21;1;21;22;150
1_22;1;22;23;150
1_23;1;23;24;150
2_0;2;0;1;180
2_1;2;1;2;180
2_2;2;2;3;180
2_3;2;3;4;180
2_4;2;4;5;180
2_5;2;5;6;180
2_6;2;6;7;180
2_7;2;7;8;180
2_8;2;8;9;180
2_9;2;9;10;180
2_10;2;10;11;180
2_11;2;11;12;180
2_12;2;12;13;180
2_13;2;13;14;180
2_14;2;14;15;180
2_15;2;15;16;180
2_16;2;16;17;180
2_17;2;17;18;180
2_18;2;18;19;180
2_19;2;19;20;180
2_20;2;20;21;180
2_21;2;21;22;180
2_22;2;22;23;180
2_23;2;23;24;180
3_0;3;0;1;120
3_1;3;1;2;120
3_2;3;2;3;120
3_3;3;3;4;120
3_4;3;4;5;120
3_5;3;5;6;120
3_6;3;6;7;120
3_7;3;7;8;120
3_8;3;8;9;120
3_9;3;9;10;120
3_10;3;10;11;120
3_11;3;11;12;120
3_12;3;12;13;120
3_13;3;13;14;120
3_14;3;14;15;120
3_15;3;15;16;120
3_16;3;16;17;120
3_17;3;17;18;120
3_18;3;18;19;120
3_19;3;19;20;120
3_20;3;20;21;120
3_21;3;21;22;120
3_22;3;22;23;120
3_23;3;23;24;120
4_0;4;0;1;100
4_1;4;1;2;100
4_2;4;2;3;100
4_3;4;3;4;100
4_4;4;4;5;100
4_5;4;5;6;100
4_6;4;6;7;100
4_7;4;7;8;100
4_8;4;8;9;100
4_9;4;9;10;100
4_10;4;10;11;100
4_11;4;11;12;100
4_12;4;12;13;100
4_13;4;13;14;100
4_14;4;14;15;100
4_15;4;15;16;100
4_16;4;16;17;100
4_17;4;17;18;100
4_18;4;18;19;100
4_19;4;19;20;100
4_20;4;20;21;100
4_21;4;21;22;100
4_22;4;22;23;100
4_23;4;23;24;100
5_0;5;0;1;150
5_1;5;1;2;150
5_2;5;2;3;150
5_3;5;3;4;150
5_4;5;4;5;150
5_5;5;5;6;150
5_6;5;6;7;150
5_7;5;7;8;150
5_8;5;8;9;150
5_9;5;9;10;150
5_10;5;10;11;150
5_11;5;11;12;150
5_12;5;12;13;150
5_13;5;13;14;150
5_14;5;14;15;150
5_15;5;15;16;150
5_16;5;16;17;150
5_17;5;17;18;150
5_18;5;18;19;150
5_19;5;19;20;150
5_20;5;20;21;150
5_21;5;21;22;150
5_22;5;22;23;150
5_23;5;23;24;150
