shape_id;distance_km
101I;25.15521008130318
101R;23.786698305229677
102I;29.405326171681217
102R;28.75223525400078
103I;21.957078210088625
103IPM;21.764621900436964
103R;23.1854184909066
104I;22.133800922522163
104IPM;22.407346978109256
104R;20.74034887099516
105I;27.017007190123863
105R;27.30348699776052
105cR;19.539203815778148
106I;38.49335732986236
106IPM;38.71114325910908
106R;38.42233012369841
107I;36.44703324291927
107R;36.89750005997035
107cI;10.544918986325362
107cR;10.644235122914024
108I;33.06918981807653
108R;33.23107851611185
109I;31.17199613116658
109NI;22.249608430490085
109NR;23.04057908499645
109R;32.54281306787984
110I;23.66075501327692
110R;23.768083039115357
110cI;19.913404666305457
110cR;19.626851900410152
111I;25.085958663653887
111R;25.32832713185516
113I;24.75535106516079
113R;24.79065241545596
113RPM;24.867140772804902
113cI;18.64683671112905
113cR;17.289120141171953
113eI;27.214079006190456
113eR;28.10108716358873
114I;19.48426013511514
114R;19.66984339277482
115I;21.910829715012937
115R;21.393474777840357
115RPM;21.4699631351893
115cI;27.38688205185431
116I;24.72920009174684
117I;26.019616595197256
117R;27.922771142855872
117cI;18.150246108590437
118I;32.08439030058054
118R;30.90446863781259
119I;19.49494307055709
119R;18.82674234290792
120I;21.978978708723396
120R;21.733762793805766
121I;17.631212423753613
121R;19.40351063571216
124I;25.281033891007436
124R;26.090551928672504
125I;16.59054078583674
125R;16.785538806862377
126I;31.465564410848664
126IPM;31.68335034009538
201I;33.515294734650034
201R;32.92542368047358
201eI;21.72059167356311
201eR;22.294474097932113
203I;27.788748140999356
203NI;36.797027967415985
203NR;37.29578312748184
203R;27.979196051015705
203cI;20.843050229323286
203eI;21.787645026967212
203eR;21.8156540372187
204I;25.154085481100804
204NI;27.762839095736236
204NR;26.93345275719131
204R;24.877951159973378
205I;25.148290287539414
205R;24.185884876755424
206I;21.344699812777794
206R;20.97361006011584
206cI;16.149797838227254
206cR;16.147287835151214
207I;25.56155292562674
207R;24.765499801296507
207cI;25.96134391181532
207eI;24.4602383246015
207eR;23.702284699695433
208I;19.51492983897991
208cI;8.076860694812769
209I;25.71331911791704
209R;25.647406269147424
209cI;31.491353369318198
210I;27.816238020539185
210R;27.869921288253895
210eI;27.816238020539185
210eR;28.368440513086732
210vI;28.778532063785626
210vR;29.51360873604789
211I;24.662886411413048
211R;23.810657744901416
211cI;13.995903940840336
211cR;13.431796812573992
212I;28.907094668109035
212IPM;29.180640723696133
212R;28.367491892087482
213eI;27.5332737051314
213eR;26.622577215561364
214I;28.175218949754438
214R;25.935830309890235
216I;29.492522910566098
216R;30.207701767011642
217eI;25.81209419440493
217eR;25.812681533657088
219eI;31.514211957834117
219eR;33.96757308395969
219eRPT;30.713821777932022
223I;16.858508965952893
223R;16.78488300222278
224I;20.03955187248821
224IPM;20.077009628910115
224R;20.10295342095161
225I;34.15309838071236
225R;31.341437583676417
225cI;20.293695958150945
226I;28.652608860652407
226R;28.069031378435174
227I;28.1632851790565
227R;26.99969497421586
227RPM;27.33588334610422
228I;12.840954287941875
228R;14.328838913743901
229I;19.047059260547172
229R;19.560148060828407
230I;26.637653427515243
233I;31.550477796910748
234I;19.408817803412692
234R;19.342784632109787
244I;20.060374087189484
245I;34.28396298513441
246I;11.73302934183125
262NI;24.08745413615782
262NR;23.13985374797105
264NI;37.8027822017078
264NR;36.524058550107625
271I;23.593402956738245
271R;24.169268118101733
272I;25.111595522765032
282I;23.416325084948184
282R;21.792731385576026
286I;31.413675793394912
286R;33.18235839827657
301I;26.210621133413934
301R;26.372532070818266
301cI;8.31967808901434
301cIPM;8.839849174718319
301cR;7.757806073402308
301cRPM;8.111255512362755
302I;22.68369767679028
302NI;22.704920695541574
302NR;24.229240133893047
302R;23.25715575619903
303I;19.46975744085169
303R;19.714602612924356
306I;23.149407269417356
306R;24.881530908805942
307I;41.82192232594576
307cI;8.837375449855692
307cR;8.632900357426418
307eI;18.462421347626513
307eR;20.245130574904298
308I;18.409758614641746
308R;18.19222885584041
308cI;9.596187602046292
313eI;21.989603348817855
313eIPT;21.84472714520557
313eR;22.425697079499706
313eRPT;23.564759240191588
314I;40.21640423069076
314cI;9.956580940142324
315eI;22.62293948408919
315eIPMPT;20.732931540129393
315eR;24.528641619656778
315eRPMPT;22.055040987574905
320I;18.93790326032088
320IPM;19.335857363467643
320R;20.622965965807573
320cI;6.576869352858524
320cIPM;6.974823456005274
320cR;7.395371654747935
321I;9.306432767196663
321R;9.266500958679234
322I;7.51229379246691
322R;7.445918061314814
323I;9.478283205894035
323R;9.860673796802095
325I;21.877647689119335
325R;22.861026232198768
325RPM;23.43784744508663
329I;19.22262670399551
329R;18.919305653037455
345I;14.36097192333877
345R;15.70427968689683
345RPM;17.007088966052986
346NI;13.754529595496239
346NR;13.48870355060847
348I;22.268292368435446
348R;20.764188986835894
385I;25.960009167157985
385R;26.176656643734333
401I;37.233451196481155
401R;37.432181730679
401cI;9.889372806012641
401cR;10.314166586546376
402I;29.786619746815628
403I;17.3764016869634
403IPM;18.437544004976125
403R;16.675137904586183
404I;33.05272750483399
404IPM;29.351877271875736
404cI;7.866712792996786
404cR;6.4372929589864745
405I;35.932565187414234
405R;35.22370551104169
405cR;30.57680792068431
406I;30.89084240411354
406R;31.58175371407196
406cI;27.00996340194332
407I;30.756234499807444
407R;30.712170502099053
408I;15.355814750332057
408R;16.590352145667072
408eI;11.959448060407894
408eR;14.367150205738987
409I;22.17748812896291
409R;17.485303061505228
410I;17.264829084176256
410R;18.104114391940684
410RPT;17.584721767150878
410eI;16.26182179633585
411I;14.317873365258473
411R;15.174871767636667
412I;37.284847255802816
412R;38.302756027022525
414eI;32.8493552902848
414eR;32.54643110284396
415eI;25.047703060084032
415eR;24.78865336664443
417eI;36.70044781991986
417eR;37.51809313940945
418I;39.17896687393566
418R;39.51033073397482
418RPT;39.6007590046647
419I;25.333306388040718
419R;26.696331432348803
420I;24.196746005712576
420IPT;24.287174276402457
421I;37.35565268059737
421R;38.848988986563775
421cI;11.975977999740682
422I;34.14480708422908
422IPM;35.720236706266526
422R;33.65219248845251
422cI;7.466594072352242
422cR;7.397440375550959
423I;23.63836386227683
423R;25.456993352978966
424I;17.42165197106328
424R;19.14292670101191
425I;34.0764643721937
425R;33.71938949552707
426I;34.33432637478095
426IPRN;36.37871486894343
426R;33.85742228750612
426RPRN;32.67441840283449
428I;35.47784773855463
428IN;35.84450022517109
428R;36.29092799400819
428RN;35.5590305013474
428eI;34.01840926183931
428eITNOC;34.35908865399015
428eR;33.575267181281845
428eRTNOC;33.61958789070403
429I;33.87494035763851
429R;33.709463695199325
429RPT;33.82133077576393
429cI;22.576995256496584
429cIPT;20.132279937555115
429cR;21.219448057347066
429cRPT;20.858787575928556
430I;33.87205970707775
430R;33.05427278187515
431cI;16.491753524312294
431cR;16.786222623489884
432NI;37.174443533623446
432NR;36.83498896405843
435I;25.3056162927817
435R;24.963986510278847
444I;25.586926495203066
444ITNOC;25.927605887353916
444R;23.9814580708897
444RTNOC;24.025778780311896
445cI;11.709401163198471
445cR;10.708097727839894
481I;28.593508779154188
481R;24.021051245303756
486I;20.379506479336346
486ITNOC;18.1064768245456
501I;11.075832958718305
501R;10.835873605642693
502I;30.456107155634964
502R;30.15432010693317
502cI;17.120744933950288
502cR;14.671554346963394
503I;28.717894446835963
503IPM;28.938990892220524
503R;28.827391873568217
504I;31.8478737520892
504R;31.538804762140995
505I;35.6141064216732
505IPM;35.02452407716814
505R;35.82233314824014
505RPT;35.51569780528156
505cI;30.811086979564152
506I;36.928629704135254
506R;36.99880479608699
506eI;32.96394023881983
506eR;32.96563306147409
506vI;34.58246088378812
506vR;34.755748630565655
507I;31.884016754967856
507R;31.706159888244404
507cI;14.489416406601139
507cR;14.319272090837487
508I;33.3979868499537
508IPM;33.74606189900605
508R;33.14225457440727
508RPT;32.989554182283875
509I;24.253551591046907
509R;24.90213449328973
509RPM;25.530430085131723
510I;30.056892737609214
510IPM;29.988828634554444
510R;29.58427671127597
511I;35.7690854410411
511R;33.72341684595334
513I;31.10254751900148
513IPM;30.642348890667215
513R;31.157722882487334
514I;36.63990306564456
514IPM;36.54172156838413
514R;37.10479713870172
514RPM;37.47593003660526
514RPT;36.79816179574312
514cI;17.382426297640496
514cR;16.70095722652981
516I;28.718515866825058
516IPM;28.721789195148073
516R;28.80082722744054
517I;28.484073229956564
517IPM;28.70516967534113
517R;28.491204366339
518I;25.549149767982644
518R;25.26433624037162
519I;21.498593069575122
519IPM;21.569930500952907
519R;21.660322853717055
541NI;31.722826687980888
541NR;31.303200526585282
542I;30.105392346855478
542R;30.46166290363291
546eI;38.837766958744346
546eR;40.17640261370919
555I;13.249464962551516
555R;13.218814668628704
712I;42.326972444408604
712IPM;41.191850237342344
712R;41.52679100524044
712RPM;40.49003603396858
722I;22.765823267360968
722IPM;22.95082773124301
722R;23.343528479160383
B01I;21.588914313197662
B02I;29.177966126039685
B02NI;30.55074367555554
B03I;36.45246935142542
B04I;22.234712771952225
B04ITNOC;20.090174486377144
B05I;13.774385959788129
B05R;14.039010126475326
B06I;16.81307167250558
B06R;16.176067428504417
B07I;15.943887622705775
B07ITNOC;15.193642515088428
B08I;15.438238133754421
B08R;13.461012628716565
B09I;28.041222336158107
B10I;20.877428006301834
B11I;17.813377856576057
B11R;18.08407425686048
B12I;22.55455518883355
B12IPM;23.05629949507381
B12R;21.98095523226408
B12cI;11.901587835747652
B12cR;11.854534803052845
B13I;22.221698503459894
B14I;24.376379846911757
B15I;25.26348294781671
B16I;8.184899498130484
B16R;8.617081982404049
B17I;20.14774919037744
B18I;10.431145520558257
B18IPRN;10.791678621100916
B18R;13.158456211791783
B18eI;7.271644558633867
B18eR;7.91308073353665
B19R;11.121761601600754
B20I;34.81898581654835
B21I;20.273189920473325
B21R;19.574864823529882
B22I;14.812830225728714
B22R;15.171959328336543
B24I;26.322447949814492
B25I;15.665733186702052
B26I;33.292185190692734
B27I;13.917516162347345
B27R;12.893243776618963
B28I;24.68210437458898
B29I;36.84930914889706
B30NI;36.03238293066233
B31NI;23.036238653515408
B31NR;22.644964156329195
B32I;12.606965221389748
B33I;17.027517762762027
B33ITNOC;16.590630123327102
B35I;20.710550903502657
B36I;14.568437095954604
B37I;19.50845921736618
B38I;27.90509545078022
B41I;21.277499514121573
B42I;13.704876644936908
B42R;13.734907029666086
B43I;18.520331411983857
B43IPRN;18.55067341720837
B43R;17.596698763492505
B45I;12.458875018348873
B45R;13.027746609117758
C01I;21.092733860129847
C01R;21.299802864344286
C01cI;11.777044173965143
C01cR;11.719584685582992
C02I;17.48265627838523
C02cI;4.966856160030947
C02cR;4.624783397546534
C03R;32.876887244315355
C03cI;6.926741624328787
C03cR;7.036450163395798
C05I;13.214355989428796
C05R;14.656042892296867
C05RPM;15.193409364423747
C06I;18.50849627639591
C06R;14.507285699102612
C06RPM;14.72838214448715
C07I;11.943682954721604
C07IPM;10.843083851620351
C07R;12.680267765505477
C07RPM;12.037166461339634
C09I;31.542712086795692
C09cI;12.138576091658535
C10eI;20.65491741997498
C10eR;19.84863181285209
C11I;15.219243789266551
C13I;29.774609150886658
C14I;15.392124584076909
C14R;14.702463584178997
C15I;15.499104954538902
C16I;16.133379471487743
C16R;16.66959210730399
C17I;9.773239559352893
C17R;11.006351475218468
C18I;18.648046410721115
C18R;18.61328072394969
C19I;13.978041141072115
C19R;14.049067359751113
C20I;5.076193107005409
C22I;7.397287466907874
C22R;7.752733156352167
C22RPM;7.2232193311858275
C25I;14.933039559348083
C25R;14.0596093960672
C26cI;13.234191630614607
C27I;15.630665194970529
C28I;19.932365897456666
C28R;20.556343971176553
C30eI;19.256243929879243
C30eR;18.288572790540282
C33cI;7.64344503257312
C37R;17.59307610606196
D01I;21.750802312496532
D01IPM;22.207933449682955
D02I;17.527797415896927
D02IPM;17.1916281991259
D02IPT;17.190207640483536
D02R;16.832911879599525
D02RPM;16.49523229767501
D03I;14.889358922192612
D03R;15.191308228465047
D03RPM;17.022261823004687
D03cI;18.862256058236856
D03cIPM;19.07700356353511
D05I;14.391232631446218
D05R;15.008369523699468
D05RPT;15.208954358309493
D07I;20.04762947798629
D07R;21.173675889290994
D07RPRN;21.07966359953748
D07cI;16.02289086274404
D08I;26.07123718602087
D09I;29.351668652366794
D09IPM;29.285994238835812
D09IPT;30.064727043776188
D10I;23.725609649103596
D10IPM;22.570777571515094
D10IPT;23.71834433081026
D10R;23.769877761146013
D10RPM;23.69434430662096
D11I;15.000518278070333
D11R;14.98013018247219
D13I;12.5143910621773
D13R;13.44223436522387
D14I;10.334190872265287
D14R;10.472684273413458
D15I;30.78609779047521
D15IPM;30.355540538542584
D16I;15.55032511379785
D16R;15.509900297689548
D17I;21.991562364751072
D17vI;21.921697609978168
D18I;17.150534734265253
D18IPT;17.920996319199357
D18R;16.507735076042994
D18RPM;16.66948024043991
D20I;20.663399202756093
D26I;20.482375060610703
E01I;11.432644253325227
E01R;11.232357254772385
E02I;16.97337404291918
E02R;15.54978968265545
E03I;14.852526674349498
E03IN;14.825776807869692
E03R;14.199379242497814
E03RN;14.750338094917122
E04I;17.49148390217816
E04R;18.00031297931471
E05I;11.214248224221935
E05IPM;10.960237595726024
E05R;11.458748129217916
E07I;7.088270092874312
E07R;6.437125700708559
E08I;8.59751896016736
E08IPT;9.095664859341571
E08R;8.914481774434323
E08RPM;9.412627673608537
E09I;9.930661512560125
E09R;10.006163137234525
E10I;14.77070033413848
E10R;14.260863212458917
E10RPM;14.299159141000136
E11I;11.386889205292313
E11R;12.104727135529373
E12I;38.191521076272636
E13I;8.589206612865773
E13IPT;8.588262004982488
E13R;9.915804697844562
E13RPM;9.953011327841008
E14I;8.18794295738055
E14IPMPT;6.882876632325718
E14R;8.472670476505455
E14RPMPT;7.347531473478099
E15cI;9.35697265828066
E15cR;10.446486571416862
E16I;13.805507965653618
E16R;11.442503785585481
E17I;8.955857347951314
E17R;7.981525558886794
E18I;14.876214605847041
E18R;15.918643145942188
E20I;18.670199041347185
F01I;16.46302452321486
F01R;16.07494600152431
F01cR;13.286505917380506
F02I;15.535230028051474
F03I;21.673871907537364
F03R;24.899254574333003
F03cI;16.725727392402728
F05I;19.152136494232305
F05IPRN;19.663013365308778
F05R;20.90540507048319
F06I;22.566890529907052
F06IPRN;23.071512610913643
F06R;22.241997204549214
F07R;20.432705760977385
F08I;22.351805571797193
F09I;10.482662073645175
F09R;10.011560975943071
F10I;15.13746154606262
F10R;14.485053809076796
F10cI;17.4216259954649
F11I;20.58888170778687
F12I;10.394510709121585
F12R;11.756233197169092
F12cI;9.199724532040642
F12cR;10.041450690602431
F13I;18.25238339767548
F13R;18.075373123909184
F13cI;8.054937119918222
F14I;13.935193856213944
F14R;15.661486109755035
F15I;14.167853714556847
F15R;16.477560323938317
F16I;9.959377942430462
F16R;11.760853868481606
F18I;10.439485970461543
F18R;11.49701446858336
F20I;21.70346755266083
F20IPRN;22.208089633667417
F20R;22.559657730415744
F20RPRN;22.586937039865752
F24I;15.092988379926803
F24R;15.205714697503877
F25I;19.443721799239118
F25IPRN;20.205426155096298
F25R;20.10730517183082
F25RPM;20.850755752909272
F25RPRN;20.869009527688004
F25eI;18.605433136450383
F25eIPT;15.556360416370381
F25eR;15.747229851850443
F25eRPT;19.07301638422844
F26I;23.925308323525037
F27I;18.773419051789862
F28I;10.74789996459466
F28R;10.791101019840703
F29I;19.885063004951427
F29R;19.18626750307891
F30NI;34.79641809645681
F30NR;33.82414107675522
F33I;9.346686107299778
F33R;10.787894382395997
G01I;17.407963306504477
G01R;17.804366649614476
G01cI;11.513361237443851
G01cR;11.216356030087603
G02I;17.89082629169802
G02R;14.909592248909757
G04I;8.658743580738303
G04IPRN;8.371537063658803
G04R;8.719610589105605
G05I;15.699605473979506
G05IN;15.803047323072185
G05R;14.606998172361667
G05RN;15.035457713725584
G07I;24.974866664236966
G07R;25.189066824650823
G08I;17.526146715576726
G08IN;18.204608124299156
G08R;18.473196392395124
G08RN;18.185989875315624
G08vI;21.55868230564323
G08vR;20.19249227499737
G09I;42.65865665307952
G11I;32.609498905307255
G11IPRN;30.113706192176565
G12I;17.60641402228663
G12R;15.291765814665848
G13I;14.306719256952013
G13R;14.955325446633925
G13cI;21.033878120349282
G14I;15.402060451006164
G14R;16.10297965351129
G15I;10.505638763932366
G15IN;10.934098305296283
G15R;10.34461288773075
G15RN;10.44805473682343
G16I;15.784482475706563
G16IPRN;15.497275958627064
G16R;17.59158559302555
G16RPRN;18.270047001747983
G18I;17.089950408173884
G18R;17.61313616859569
G22I;14.207606324654696
G22IN;14.886067733377121
G22R;14.360755977180016
G22RN;14.067294670030632
G23I;11.669106257768872
G23R;11.475281210988467
G24I;24.00965831284646
G27I;16.153991900298774
G28I;33.63359751469243
G31I;5.247535608970881
G31R;4.771685716805335
G32I;16.447069898998464
G34I;14.529655679637514
G35I;22.288164706836
G37I;15.953781858293418
G37R;15.871219171913548
G38I;22.55177727671036
G39I;34.02986938954149
G43I;7.317438077964167
G43R;7.119552722599712
G46I;20.32618836481216
H03I;13.28657353481969
H03IN;13.123554465449455
H03R;11.316492641556684
H03RN;11.835515683556407
H05I;14.6839577926533
H05R;15.517147874209
H07I;15.915936437999356
H07IPM;15.582030837286032
H07R;14.47240742490099
H08I;7.97596074593599
H08R;7.949988543563344
H09I;14.38996283914149
H09R;14.395639289204109
H12I;15.667148119798572
H12R;15.84388362620028
H13I;34.71708370324255
H13IPM;35.877226808639165
H24I;21.033108977325515
H24R;21.645340975882426
I01I;21.584184217772783
I01R;25.32621120142177
I01RPM;25.000009026511627
I02I;20.555590871942705
I02R;19.871684378108
I03I;24.027058670242678
I03IPM;23.56919509741274
I03R;23.53415655439224
I03RPM;22.371508540656635
I03cI;9.219088388145579
I03cR;8.69383921092533
I04I;23.706383716830818
I04R;25.18499042648352
I04cI;9.235253936172217
I04cR;8.546841239576727
I04eI;4.526122927883161
I05I;18.71972480780192
I05R;18.310053381326203
I07I;14.307273764961653
I07R;12.991537095108336
I08I;14.478771393325934
I08NI;22.19225653785883
I08NR;19.134153017776914
I08R;15.155440024201472
I08cI;2.347235206842766
I09I;19.41599023607631
I09R;18.866326843344112
I09cI;13.194795625435345
I09cR;12.970826435532524
I09eI;20.034085738439035
I09eR;19.149587869064515
I10I;22.38351527277821
I10NI;24.445284662035565
I10NR;22.827874576179017
I10R;20.89416716113751
I11I;16.173877983618816
I11NI;14.333600208476803
I11NR;13.852474271623413
I11R;15.542193315679304
I12I;18.08815378437295
I12R;17.396214923742953
I13I;12.462942268558718
I13R;11.843750173541096
I14I;13.859742548624913
I14NI;18.917545305273403
I14NR;17.18821868888152
I14R;15.9476624011476
I16I;10.826962533929242
I16R;10.252135143790488
I17I;9.823895360643473
I17R;9.771388664380853
I18I;21.361937945626234
I18R;22.3225244837639
I20I;11.62331312492465
I20R;10.716655850059094
I21I;9.493042976000188
I21R;9.907886355976645
I22I;5.07071528872904
I22R;5.339944368981402
I24I;18.527058190446795
I24R;18.324676655529355
I25I;31.092695143599563
I26I;30.432461432035737
I35I;17.29135492627332
I35R;16.95358277534054
I39I;6.363257516271188
J01I;20.778943780704147
J01R;18.534258122709257
J01cI;4.375268553375257
J01cR;3.7144696458925757
J02I;26.519362813797024
J03I;26.442617488602504
J04I;10.137856331590392
J04R;9.381427376258797
J05I;28.77999790327095
J06I;9.40829253882444
J06R;8.083008429503511
J07I;57.64292045825917
J07cI;13.881026633133352
J07eI;54.15535341482633
J08I;19.669225101264523
J08R;18.923665805381948
J10I;17.001088923933775
J10R;16.22641586887057
J11I;14.152209762112046
J11R;15.648023515302398
J12I;21.44160485700262
J12R;20.239061706100767
J13I;14.333530012743054
J13R;15.49511558760305
J13cI;8.58240789535643
J13cR;8.151719223941647
J15cI;8.964244392137708
J15cR;9.34645122510713
J16I;31.73234051708668
J17I;9.122918178304694
J17R;7.869676257429699
J18I;9.542790504429611
J18R;11.156986791263181
J18cI;6.538268971242583
J18cR;7.597004225713555
J19I;13.65579096393485
J19IPM;12.972718316455069
J19R;12.49578217021235
J19RPM;12.929138906651549
J20I;13.014752285046935
J22I;22.486619365946098
J22R;21.302866699972896
