escenario;nivel_pct;buses_vsp;buses_final;jornadas_partidas;por_sin_hueco;por_sin_puesto;eventos_intermedios;ciclos_no_cumplidos;retraso_ciclo_max_min;kwh_deficit;cota_lp_pct;buses_reserva;buses_totales;espera_cola_h;kwh_cargados;costo_flota_usd;costo_km_vacios_usd;costo_espera_usd;costo_energia_usd;costo_eventos_usd;costo_reservas_usd;costo_sin_reservas_usd;costo_total_usd;factible;ciclica_sin_reservas;es_minimo;en_empate;elegido
E1;100;7366;10295;2929;2925;4;60;2207;911.7;0.0;84.02;2207;12502;59285.6;2221447.8;2573750;120668;143218;310089;51775;551750;3199500;3751250;True;False;True;True;True
E1;90;7366;11791;4425;4422;3;99;1417;894.1;0.0;95.49;1417;13208;66878.0;2266081.6;2947750;136609;156483;319242;59450;354250;3619533;3973783;True;False;False;False;False
E1;80;7366;13267;5901;5890;11;201;246;464.2;0.0;100.0;246;13513;61437.5;2303054.6;3316750;149813;145552;328396;67340;61500;4007852;4069352;True;False;False;False;False
E1;70;7366;14747;7381;7218;163;403;73;579.7;0.0;99.98;73;14820;52039.6;2352570.8;3686750;167498;126124;349633;75750;18250;4405755;4424005;True;False;False;False;False
E1;65;7366;15936;8570;8228;342;553;50;409.2;0.0;99.99;50;15986;49933.5;2392181.7;3984000;181644;120582;356752;82445;12500;4725423;4737923;True;False;False;False;False
E1;60;7366;17717;10351;9787;564;703;20;178.4;0.0;;20;17737;47459.4;2444979.4;4429250;200501;114307;365407;92100;5000;5201564;5206564;True;False;False;False;False
E1;55;7366;19671;12305;11586;719;722;13;216.3;0.0;;13;19684;50458.9;2493654.6;4917750;217885;118499;373233;101965;3250;5729331;5732581;True;False;False;False;False
E1;50;7366;22549;15183;14300;883;819;274;79.5;25270.8;;274;22823;55935.5;2541975.7;5637250;244167;126795;380179;116840;68500;6505232;6573732;False;False;False;False;False
E0;100;8654;11259;2605;2591;14;53;1988;981.2;0.0;89.51;1988;13247;56071.0;2247101.9;2814750;129830;145270;314653;56560;497000;3461063;3958063;True;False;True;True;True
E0;90;8654;12594;3940;3901;39;139;1211;918.2;0.0;;1211;13805;61458.8;2290280.0;3148500;145251;154365;321718;63665;302750;3833499;4136249;True;False;False;False;False
E0;80;8654;13944;5290;5247;43;256;341;787.6;0.0;;341;14285;57290.9;2322357.6;3486000;156707;145642;334396;71000;85250;4193744;4278994;True;False;False;False;False
E0;70;8654;15422;6768;6617;151;441;81;671.5;0.0;;81;15503;51871.5;2377948.8;3855500;176561;133805;352776;79315;20250;4597957;4618207;True;False;False;False;False
E0;65;8654;16566;7912;7598;314;581;46;623.5;0.0;;46;16612;49147.4;2415218.7;4141500;189872;127384;360383;85735;11500;4904873;4916373;True;False;False;False;False
E0;60;8654;18423;9769;9354;415;854;36;409.2;0.0;;36;18459;47685.2;2477033.3;4605750;211948;122864;370174;96385;9000;5407121;5416121;True;False;False;False;False
E0;55;8654;20303;11649;10964;685;834;27;396.2;0.0;;27;20330;48773.6;2510955.8;5075750;224064;123620;376125;105685;6750;5905243;5911993;True;False;False;False;False
E0;50;8654;23241;14587;13619;968;747;494;568.8;44448.0;;494;23735;55419.7;2551057.7;5810250;254260;133850;381697;119940;123500;6699997;6823497;False;False;False;False;False
