;E0 (por linea);E1 (+ interlining);LB (cota, no operacional)
buses_vsp;8654;7366;7055
brecha_buses_vs_cota_pct;32.3;12.6;7.9
brecha_buses_vs_LB_pct;22.7;4.4;0.0
pct_km_vacios_vsp;13.31;11.96;9.82
costo_operacion_vsp_usd;2311988;1970265;1873677
utilizacion_vsp_agregada_pct;68.6;71.8;73.2
utilizacion_vsp_promedio_jornada_pct;66.6;70.9;72.7
buses_tras_carga;11259;10295;
jornadas_partidas;2605;2929;
buses_reserva;1988;2207;
buses_totales;13247;12502;
ciclos_no_cumplidos;1988;2207;
recargas_intermedias;53;60;
pct_jornadas_con_recarga_intermedia;0.43;0.55;
pct_km_vacios_tras_carga;16.18;15.21;
costo_flota_usd;2814750.0;2573750.0;
costo_km_vacios_usd;129830.0;120668.0;
costo_espera_entre_viajes_usd;44342;36504;
costo_espera_por_puesto_usd;100928;106714;
costo_energia_usd;314653.0;310089.0;
costo_eventos_usd;56560.0;51775.0;
costo_reservas_usd;497000.0;551750.0;
costo_total_usd;3958063.0;3751250.0;
costo_total_sin_espera_por_puesto_usd;3857135;3644536;
costo_medio_energia_usd_kwh;0.14;0.1396;
pct_energia_en_valle;50.44;51.39;
energia_mwh;2247.1;2221.4;
factible;1;1;
cota_lp_pct;89.51;84.02;
utilizacion_tras_carga_agregada_pct;67.4;70.3;
utilizacion_tras_carga_promedio_jornada_pct;65.2;67.9;
