etiqueta;modo;subset;asignacion;unir;factor_desvio;layover_min;radio_km;n_expediciones;buses;km_comercial;km_pullout;km_interlining;km_pullin;km_vacios_total;pct_km_vacios;espera_h;jornadas_cruzan_patio;jornadas_sin_retorno;cost_bus_usd;cost_km_vacios_usd;cost_espera_usd;cost_operacion_usd;cost_km_comerciales_usd;tiempo_computo_s;pct_jornadas_sobre_bateria_100;pct_jornadas_sobre_bateria_90;pct_jornadas_sobre_bateria_80;pct_jornadas_sobre_bateria_70
E1_f1.2;cluster;;rutas_cluster_c1b.csv;3,5;1.2;3.0;3.0;64502;7294;1345412.7;76896.8;14692.1;76337.6;167926.4;11.1;20495.7;1127;0;1823500.0;83963.0;36892.0;1944356.0;672706.0;54.7;39.2;59.1;77.2;87.3
E1_f1.35;cluster;;rutas_cluster_c1b.csv;3,5;1.35;3.0;3.0;64502;7401;1345412.7;88048.2;14957.1;87356.3;190361.6;12.4;20713.4;1052;0;1850250.0;95181.0;37284.0;1982715.0;672706.0;19.7;40.1;59.6;77.7;86.0
E1_f1.5;cluster;;rutas_cluster_c1b.csv;3,5;1.5;3.0;3.0;64502;7441;1345412.7;98632.1;15466.3;98022.3;212120.7;13.62;21013.3;1011;0;1860250.0;106060.0;37824.0;2004134.0;672706.0;16.2;41.7;61.2;77.7;86.3
E1_l0;cluster;;rutas_cluster_c1b.csv;3,5;1.3;0.0;3.0;64502;7161;1345412.7;82337.7;14847.4;81520.4;178705.5;11.73;20814.1;1024;0;1790250.0;89353.0;37465.0;1917068.0;672706.0;17.2;43.9;63.1;79.3;87.1
E1_l10;cluster;;rutas_cluster_c1b.csv;3,5;1.3;10.0;3.0;64502;7810;1345412.7;89093.5;14733.3;88164.8;191991.6;12.49;21359.4;1070;0;1952500.0;95996.0;38447.0;2086943.0;672706.0;16.1;30.1;50.4;71.3;84.6
E1_r1;cluster;;rutas_cluster_c1b.csv;3,5;1.3;3.0;1.0;64502;8198;1345412.7;94657.7;9622.8;94133.7;198414.1;12.85;21709.0;1146;0;2049500.0;99207.0;39076.0;2187783.0;672706.0;20.2;31.9;49.5;65.3;75.4
E1_r2;cluster;;rutas_cluster_c1b.csv;3,5;1.3;3.0;2.0;64502;7577;1345412.7;87230.2;12103.8;86877.9;186211.9;12.16;21220.8;1034;0;1894250.0;93106.0;38197.0;2025553.0;672706.0;38.8;36.7;56.3;74.7;83.5
E1_r4;cluster;;rutas_cluster_c1b.csv;3,5;1.3;3.0;4.0;64502;7201;1345412.7;81594.6;18427.3;80434.8;180456.6;11.83;20532.7;1071;0;1800250.0;90228.0;36959.0;1927437.0;672706.0;79.3;41.2;61.9;80.2;89.3
E1_r5;cluster;;rutas_cluster_c1b.csv;3,5;1.3;3.0;5.0;64502;7118;1345412.7;79370.5;22263.3;77564.7;179198.5;11.75;20500.3;1105;0;1779500.0;89599.0;36901.0;1906000.0;672706.0;119.5;42.2;62.5;80.9;90.3
