hora;pct_buses_en_patio;pct_puestos_ocupados;buses_en_patio;buses_cargando
0;81.3;100.0;8366.0;700.0
1;91.1;100.0;9379.0;700.0
2;94.3;100.0;9710.0;700.0
3;94.3;94.9;9708.0;664.0
4;92.9;81.0;9566.0;567.0
5;76.6;78.6;7890.0;550.0
6;52.2;78.6;5372.0;550.0
7;35.8;78.8;3681.0;552.0
8;32.2;78.8;3318.0;551.0
9;33.7;79.5;3469.0;557.0
10;34.4;79.9;3538.0;559.0
11;34.5;79.0;3549.0;553.0
12;34.4;79.0;3545.0;553.0
13;34.4;73.6;3547.0;515.0
14;34.4;57.5;3538.0;403.0
15;34.3;40.0;3529.0;280.0
16;34.0;15.8;3499.0;110.0
17;33.2;14.5;3414.0;101.0
18;31.6;20.5;3254.0;144.0
19;31.4;53.2;3234.0;372.0
20;34.5;92.5;3549.0;648.0
21;44.8;100.0;4609.0;700.0
22;59.3;100.0;6108.0;700.0
23;72.6;100.0;7479.0;700.0
