t_min;concurrencia
0;157
1;157
2;157
3;157
4;157
5;157
6;157
7;157
8;157
9;157
10;157
11;157
12;157
13;157
14;157
15;158
16;158
17;158
18;157
19;157
20;181
21;180
22;180
23;180
24;180
25;180
26;179
27;177
28;177
29;175
30;292
31;291
32;290
33;287
34;287
35;284
36;282
37;282
38;280
39;280
40;304
41;303
42;301
43;298
44;294
45;289
46;287
47;285
48;281
49;278
50;273
51;270
52;268
53;267
54;265
55;263
56;259
57;254
58;249
59;247
60;478
61;476
62;475
63;472
64;470
65;464
66;460
67;457
68;454
69;452
70;447
71;446
72;441
73;435
74;429
75;424
76;421
77;411
78;403
79;398
80;394
81;392
82;394
83;389
84;394
85;390
86;384
87;389
88;376
89;373
90;413
91;409
92;400
93;399
94;395
95;390
96;385
97;376
98;374
99;366
100;360
101;360
102;347
103;340
104;340
105;342
106;336
107;328
108;323
109;327
110;319
111;313
112;307
113;299
114;317
115;314
116;305
117;300
118;295
119;291
120;332
121;325
122;321
123;315
124;313
125;309
126;304
127;317
128;310
129;306
130;300
131;296
132;290
133;290
134;286
135;286
136;279
137;281
138;277
139;267
140;264
141;275
142;270
143;267
144;260
145;256
146;252
147;248
148;245
149;245
150;331
151;330
152;324
153;322
154;320
155;320
156;317
157;309
158;307
159;303
160;298
161;299
162;291
163;288
164;286
165;286
166;283
167;280
168;302
169;298
170;296
171;291
172;295
173;290
174;283
175;286
176;278
177;273
178;269
179;266
180;313
181;309
182;311
183;307
184;304
185;299
186;298
187;295
188;289
189;284
190;277
191;271
192;265
193;260
194;262
195;359
196;354
197;350
198;346
199;342
200;338
201;332
202;332
203;326
204;318
205;315
206;308
207;312
208;310
209;306
210;345
211;341
212;334
213;333
214;337
215;335
216;331
217;334
218;330
219;329
220;323
221;320
222;335
223;331
224;325
225;321
226;320
227;316
228;316
229;306
230;301
231;301
232;300
233;296
234;291
235;285
236;279
237;275
238;272
239;272
240;358
241;354
242;352
243;351
244;349
245;344
246;341
247;332
248;327
249;339
250;334
251;333
252;329
253;324
254;322
255;319
256;324
257;320
258;312
259;307
260;303
261;297
262;315
263;311
264;303
265;298
266;288
267;287
268;281
269;273
270;319
271;311
272;305
273;302
274;297
275;295
276;318
277;315
278;309
279;303
280;307
281;307
282;302
283;297
284;296
285;299
286;298
287;294
288;295
289;288
290;283
291;284
292;281
293;272
294;264
295;259
296;255
297;252
298;250
299;246
300;290
301;285
302;281
303;296
304;295
305;303
306;298
307;299
308;293
309;291
310;288
311;284
312;276
313;273
314;268
315;268
316;265
317;262
318;255
319;242
320;234
321;228
322;226
323;220
324;214
325;209
326;201
327;199
328;196
329;214
330;829
331;828
332;823
333;823
334;837
335;855
336;869
337;902
338;954
339;957
340;1070
341;1070
342;1230
343;1238
344;1237
345;1395
346;1397
347;1445
348;1455
349;1445
350;1635
351;1639
352;1669
353;1670
354;1827
355;1889
356;1884
357;1890
358;1885
359;1873
360;2164
361;2158
362;2162
363;2155
364;2196
365;2196
366;2354
367;2381
368;2374
369;2352
370;2530
371;2519
372;2568
373;2552
374;2536
375;2683
376;2671
377;2639
378;2778
379;2760
380;2859
381;2900
382;2914
383;2891
384;2882
385;2882
386;2856
387;2830
388;2799
389;2830
390;3469
391;3441
392;3408
393;3383
394;3382
395;3388
396;3417
397;3446
398;3480
399;3533
400;3651
401;3759
402;3809
403;3804
404;3783
405;3868
406;3908
407;3880
408;3970
409;3942
410;4056
411;4047
412;4213
413;4176
414;4225
415;4266
416;4258
417;4320
418;4301
419;4270
420;4466
421;4459
422;4498
423;4609
424;4600
425;4578
426;4666
427;4702
428;4732
429;4698
430;4846
431;4829
432;4846
433;4808
434;4800
435;5062
436;5023
437;5032
438;5040
439;5060
440;5157
441;5173
442;5222
443;5165
444;5223
445;5229
446;5332
447;5361
448;5349
449;5299
450;5487
451;5464
452;5451
453;5498
454;5510
455;5543
456;5519
457;5677
458;5637
459;5609
460;5687
461;5651
462;5721
463;5760
464;5709
465;5768
466;5747
467;5769
468;5871
469;5828
470;5896
471;5998
472;5994
473;5985
474;5977
475;5959
476;5890
477;5834
478;5780
479;5936
480;6539
481;6454
482;6394
483;6332
484;6269
485;6226
486;6209
487;6176
488;6141
489;6135
490;6166
491;6200
492;6309
493;6261
494;6189
495;6234
496;6206
497;6141
498;6159
499;6101
500;6162
501;6100
502;6184
503;6110
504;6085
505;6180
506;6128
507;6138
508;6080
509;6017
510;6177
511;6106
512;6083
513;6116
514;6044
515;5979
516;6010
517;5978
518;6081
519;6013
520;6073
521;6029
522;5977
523;5898
524;5866
525;6066
526;5999
527;5939
528;5883
529;5829
530;5877
531;5981
532;5948
533;5871
534;5879
535;5819
536;5858
537;5835
538;5763
539;5683
540;5841
541;5770
542;5715
543;5709
544;5800
545;5747
546;5672
547;5743
548;5683
549;5636
550;5679
551;5627
552;5623
553;5572
554;5503
555;5536
556;5476
557;5569
558;5597
559;5509
560;5561
561;5575
562;5545
563;5513
564;5451
565;5374
566;5307
567;5225
568;5146
569;5315
570;5833
571;5754
572;5691
573;5620
574;5549
575;5477
576;5425
577;5377
578;5334
579;5287
580;5334
581;5298
582;5449
583;5394
584;5337
585;5344
586;5286
587;5250
588;5218
589;5147
590;5175
591;5144
592;5120
593;5064
594;5160
595;5159
596;5087
597;5052
598;5001
599;4933
600;5038
601;5000
602;4945
603;4890
604;4858
605;4800
606;4921
607;4876
608;4855
609;4784
610;4812
611;4764
612;4750
613;4674
614;4618
615;4661
616;4608
617;4550
618;4659
619;4622
620;4624
621;4628
622;4621
623;4541
624;4499
625;4448
626;4424
627;4375
628;4311
629;4282
630;4550
631;4481
632;4433
633;4410
634;4409
635;4350
636;4308
637;4297
638;4254
639;4207
640;4241
641;4183
642;4317
643;4272
644;4240
645;4268
646;4214
647;4241
648;4219
649;4171
650;4192
651;4148
652;4109
653;4073
654;4227
655;4212
656;4166
657;4109
658;4047
659;4050
660;4210
661;4158
662;4109
663;4066
664;4047
665;4015
666;4144
667;4106
668;4070
669;4037
670;4068
671;4046
672;4075
673;4023
674;3980
675;4040
676;4005
677;3967
678;4086
679;4055
680;4086
681;4059
682;4055
683;4009
684;3977
685;3989
686;3973
687;3934
688;3884
689;3851
690;4132
691;4085
692;4044
693;4030
694;3988
695;3941
696;3918
697;3926
698;3953
699;3911
700;3955
701;3908
702;4031
703;3990
704;3929
705;4002
706;3950
707;3953
708;3929
709;3893
710;3946
711;3946
712;3924
713;3889
714;4014
715;3987
716;3965
717;3938
718;3918
719;3859
720;3982
721;3951
722;3920
723;3888
724;3919
725;3875
726;3996
727;3994
728;3984
729;3935
730;3980
731;3928
732;3921
733;3895
734;3837
735;3881
736;3859
737;3862
738;4004
739;3994
740;4026
741;4028
742;3993
743;3949
744;3904
745;3855
746;3805
747;3752
748;3696
749;3839
750;4367
751;4313
752;4265
753;4219
754;4166
755;4101
756;4070
757;4059
758;4014
759;4011
760;4066
761;4150
762;4221
763;4175
764;4110
765;4189
766;4165
767;4109
768;4107
769;4065
770;4125
771;4071
772;4181
773;4147
774;4113
775;4175
776;4117
777;4113
778;4060
779;3992
780;4188
781;4152
782;4116
783;4203
784;4152
785;4103
786;4104
787;4083
788;4146
789;4104
790;4171
791;4121
792;4073
793;4024
794;3971
795;4226
796;4177
797;4127
798;4084
799;4056
800;4105
801;4170
802;4146
803;4095
804;4094
805;4061
806;4145
807;4125
808;4061
809;4014
810;4205
811;4154
812;4109
813;4087
814;4141
815;4103
816;4063
817;4182
818;4134
819;4101
820;4163
821;4113
822;4106
823;4069
824;4001
825;4091
826;4056
827;4111
828;4191
829;4146
830;4204
831;4195
832;4170
833;4133
834;4086
835;4034
836;3992
837;3944
838;3895
839;3991
840;4521
841;4467
842;4407
843;4364
844;4311
845;4272
846;4255
847;4234
848;4228
849;4200
850;4280
851;4315
852;4370
853;4367
854;4320
855;4364
856;4345
857;4323
858;4302
859;4262
860;4313
861;4319
862;4292
863;4336
864;4291
865;4358
866;4339
867;4331
868;4306
869;4260
870;4391
871;4358
872;4363
873;4338
874;4381
875;4347
876;4288
877;4385
878;4334
879;4314
880;4398
881;4371
882;4382
883;4329
884;4304
885;4346
886;4402
887;4354
888;4315
889;4263
890;4425
891;4385
892;4385
893;4360
894;4367
895;4335
896;4321
897;4348
898;4327
899;4279
900;4410
901;4403
902;4452
903;4401
904;4401
905;4378
906;4367
907;4337
908;4335
909;4357
910;4437
911;4397
912;4351
913;4294
914;4328
915;4499
916;4455
917;4410
918;4368
919;4340
920;4451
921;4452
922;4419
923;4392
924;4384
925;4395
926;4351
927;4398
928;4379
929;4323
930;4456
931;4451
932;4475
933;4453
934;4414
935;4407
936;4430
937;4415
938;4370
939;4316
940;4479
941;4426
942;4417
943;4452
944;4414
945;4469
946;4424
947;4428
948;4396
949;4395
950;4462
951;4425
952;4514
953;4464
954;4448
955;4494
956;4458
957;4464
958;4422
959;4363
960;4504
961;4483
962;4483
963;4474
964;4425
965;4511
966;4552
967;4506
968;4499
969;4468
970;4519
971;4491
972;4471
973;4450
974;4421
975;4463
976;4464
977;4512
978;4529
979;4511
980;4576
981;4588
982;4556
983;4529
984;4479
985;4433
986;4384
987;4338
988;4280
989;4480
990;5094
991;5043
992;4987
993;4930
994;4880
995;4861
996;4854
997;4844
998;4859
999;4865
1000;5000
1001;4955
1002;5058
1003;5068
1004;5032
1005;5038
1006;5029
1007;5040
1008;5059
1009;5005
1010;5103
1011;5132
1012;5118
1013;5065
1014;5194
1015;5211
1016;5211
1017;5229
1018;5201
1019;5142
1020;5264
1021;5226
1022;5273
1023;5255
1024;5266
1025;5234
1026;5376
1027;5347
1028;5297
1029;5244
1030;5424
1031;5368
1032;5395
1033;5420
1034;5375
1035;5390
1036;5412
1037;5348
1038;5469
1039;5430
1040;5500
1041;5518
1042;5483
1043;5495
1044;5526
1045;5539
1046;5535
1047;5493
1048;5429
1049;5412
1050;5713
1051;5661
1052;5631
1053;5609
1054;5635
1055;5659
1056;5669
1057;5640
1058;5643
1059;5582
1060;5661
1061;5603
1062;5731
1063;5758
1064;5715
1065;5729
1066;5747
1067;5730
1068;5690
1069;5637
1070;5805
1071;5777
1072;5790
1073;5736
1074;5837
1075;5862
1076;5817
1077;5830
1078;5809
1079;5741
1080;5858
1081;5832
1082;5831
1083;5842
1084;5831
1085;5769
1086;5910
1087;5866
1088;5885
1089;5826
1090;5925
1091;5935
1092;5946
1093;5893
1094;5857
1095;5877
1096;5880
1097;5818
1098;5916
1099;5921
1100;6033
1101;6019
1102;6015
1103;5970
1104;5930
1105;5891
1106;5830
1107;5767
1108;5709
1109;5860
1110;6462
1111;6412
1112;6352
1113;6292
1114;6233
1115;6182
1116;6144
1117;6102
1118;6115
1119;6097
1120;6212
1121;6151
1122;6271
1123;6294
1124;6248
1125;6261
1126;6225
1127;6218
1128;6208
1129;6130
1130;6192
1131;6228
1132;6182
1133;6125
1134;6274
1135;6277
1136;6288
1137;6267
1138;6210
1139;6139
1140;6238
1141;6163
1142;6211
1143;6169
1144;6175
1145;6118
1146;6269
1147;6211
1148;6155
1149;6081
1150;6208
1151;6159
1152;6153
1153;6179
1154;6105
1155;6108
1156;6098
1157;6024
1158;6157
1159;6079
1160;6111
1161;6103
1162;6072
1163;6063
1164;6077
1165;6034
1166;5985
1167;5927
1168;5844
1169;5832
1170;6133
1171;6055
1172;6004
1173;5928
1174;5919
1175;5924
1176;5918
1177;5856
1178;5840
1179;5772
1180;5797
1181;5738
1182;5867
1183;5842
1184;5752
1185;5753
1186;5753
1187;5721
1188;5673
1189;5570
1190;5697
1191;5643
1192;5630
1193;5552
1194;5655
1195;5637
1196;5597
1197;5616
1198;5567
1199;5491
1200;5580
1201;5501
1202;5463
1203;5470
1204;5447
1205;5390
1206;5533
1207;5485
1208;5505
1209;5428
1210;5492
1211;5438
1212;5432
1213;5361
1214;5317
1215;5344
1216;5333
1217;5263
1218;5361
1219;5375
1220;5453
1221;5418
1222;5387
1223;5327
1224;5272
1225;5213
1226;5129
1227;5057
1228;4986
1229;5106
1230;5653
1231;5577
1232;5507
1233;5437
1234;5370
1235;5287
1236;5211
1237;5129
1238;5061
1239;4996
1240;4971
1241;5001
1242;5103
1243;5029
1244;4944
1245;5032
1246;4965
1247;4884
1248;4886
1249;4797
1250;4771
1251;4707
1252;4760
1253;4688
1254;4633
1255;4739
1256;4649
1257;4583
1258;4505
1259;4427
1260;4578
1261;4501
1262;4438
1263;4466
1264;4391
1265;4328
1266;4320
1267;4253
1268;4366
1269;4300
1270;4286
1271;4204
1272;4130
1273;4062
1274;4002
1275;4216
1276;4137
1277;4063
1278;4007
1279;3953
1280;3926
1281;4032
1282;3954
1283;3893
1284;3907
1285;3845
1286;3862
1287;3805
1288;3749
1289;3676
1290;3828
1291;3755
1292;3677
1293;3632
1294;3752
1295;3700
1296;3641
1297;3699
1298;3626
1299;3562
1300;3544
1301;3478
1302;3492
1303;3437
1304;3381
1305;3489
1306;3433
1307;3545
1308;3579
1309;3525
1310;3503
1311;3478
1312;3422
1313;3365
1314;3319
1315;3260
1316;3193
1317;3133
1318;3087
1319;3241
1320;3755
1321;3705
1322;3641
1323;3582
1324;3523
1325;3462
1326;3411
1327;3356
1328;3306
1329;3256
1330;3201
1331;3149
1332;3093
1333;3070
1334;3010
1335;3001
1336;2943
1337;3028
1338;2973
1339;2919
1340;2949
1341;2900
1342;2840
1343;2790
1344;2809
1345;2754
1346;2729
1347;2675
1348;2620
1349;2560
1350;2639
1351;2592
1352;2530
1353;2484
1354;2580
1355;2521
1356;2480
1357;2441
1358;2388
1359;2335
1360;2471
1361;2416
1362;2374
1363;2315
1364;2272
1365;2278
1366;2231
1367;2183
1368;2209
1369;2166
1370;2120
1371;2211
1372;2164
1373;2150
1374;2108
1375;2071
1376;2020
1377;1977
1378;1937
1379;1901
1380;2110
1381;2070
1382;2036
1383;1993
1384;1953
1385;1919
1386;1906
1387;1871
1388;1972
1389;1932
1390;1897
1391;1857
1392;1887
1393;1848
1394;1816
1395;1827
1396;1797
1397;1760
1398;1730
1399;1697
1400;1846
1401;1813
1402;1784
1403;1737
1404;1701
1405;1806
1406;1769
1407;1741
1408;1712
1409;1674
1410;1776
1411;1745
1412;1713
1413;1713
1414;1686
1415;1650
1416;1675
1417;1637
1418;1619
1419;1589
1420;1655
1421;1614
1422;1728
1423;1690
1424;1663
1425;1680
1426;1684
1427;1658
1428;1639
1429;1617
1430;1589
1431;1559
1432;1527
1433;1494
1434;1466
1435;1431
1436;1404
1437;1375
1438;1339
1439;1457
1440;1428
1441;1403
1442;1377
1443;1343
1444;1315
1445;1285
1446;1258
1447;1228
1448;1205
1449;1181
1450;1159
1451;1133
1452;1108
1453;1088
1454;1073
1455;1032
1456;1007
1457;980
1458;963
1459;936
1460;915
1461;888
1462;861
1463;837
1464;811
1465;787
1466;764
1467;735
1468;709
1469;687
1470;667
1471;642
1472;610
1473;587
1474;571
1475;554
1476;539
1477;522
1478;508
1479;492
1480;479
1481;463
1482;448
1483;431
1484;414
1485;392
1486;370
1487;359
1488;347
1489;327
1490;316
1491;301
1492;290
1493;279
1494;270
1495;260
1496;249
1497;239
1498;228
1499;217
1500;213
1501;203
1502;192
1503;181
1504;176
1505;169
1506;157
1507;147
1508;137
1509;131
1510;128
1511;122
1512;115
1513;113
1514;110
1515;101
1516;97
1517;93
1518;91
1519;78
1520;71
1521;64
1522;59
1523;53
1524;44
1525;40
1526;35
1527;33
1528;30
1529;29
1530;29
1531;28
1532;25
1533;23
1534;20
1535;19
1536;16
1537;12
1538;10
1539;8
1540;6
1541;4
1542;4
1543;3
1544;3
1545;3
1546;3
1547;3
1548;3
1549;2
1550;2
1551;2
1552;2
1553;1
1554;0
1555;0
1556;0
1557;0
1558;0
1559;0
1560;0
1561;0
1562;0
1563;0
1564;0
1565;0
1566;0
1567;0
1568;0
1569;0
1570;0
1571;0
1572;0
1573;0
1574;0
1575;0
1576;0
1577;0
1578;0
1579;0
1580;0
1581;0
1582;0
1583;0
1584;0
1585;0
1586;0
1587;0
1588;0
1589;0
1590;0
1591;0
1592;0
1593;0
1594;0
1595;0
1596;0
1597;0
1598;0
1599;0
1600;0
1601;0
1602;0
1603;0
1604;0
1605;0
1606;0
1607;0
1608;0
1609;0
1610;0
1611;0
1612;0
1613;0
1614;0
1615;0
1616;0
1617;0
1618;0
1619;0
1620;0
1621;0
1622;0
1623;0
1624;0
1625;0
1626;0
1627;0
1628;0
1629;0
1630;0
1631;0
1632;0
1633;0
1634;0
1635;0
1636;0
1637;0
1638;0
1639;0
1640;0
1641;0
1642;0
1643;0
1644;0
1645;0
1646;0
1647;0
1648;0
1649;0
1650;0
1651;0
1652;0
1653;0
1654;0
1655;0
1656;0
1657;0
1658;0
1659;0
1660;0
1661;0
1662;0
1663;0
1664;0
1665;0
1666;0
1667;0
1668;0
1669;0
1670;0
1671;0
1672;0
1673;0
1674;0
1675;0
1676;0
1677;0
1678;0
1679;0
1680;0
1681;0
1682;0
1683;0
1684;0
1685;0
1686;0
1687;0
1688;0
1689;0
1690;0
1691;0
1692;0
1693;0
1694;0
1695;0
1696;0
1697;0
1698;0
1699;0
1700;0
1701;0
1702;0
1703;0
1704;0
1705;0
1706;0
1707;0
1708;0
1709;0
1710;0
1711;0
1712;0
1713;0
1714;0
1715;0
1716;0
1717;0
1718;0
1719;0
1720;0
1721;0
1722;0
1723;0
1724;0
1725;0
1726;0
1727;0
1728;0
1729;0
1730;0
1731;0
1732;0
1733;0
1734;0
1735;0
1736;0
1737;0
1738;0
1739;0
1740;0
1741;0
1742;0
1743;0
1744;0
1745;0
1746;0
1747;0
1748;0
1749;0
1750;0
1751;0
1752;0
1753;0
1754;0
1755;0
1756;0
1757;0
1758;0
1759;0
1760;0
1761;0
1762;0
1763;0
1764;0
1765;0
1766;0
1767;0
1768;0
1769;0
1770;0
1771;0
1772;0
1773;0
1774;0
1775;0
1776;0
1777;0
1778;0
1779;0
1780;0
1781;0
1782;0
1783;0
1784;0
1785;0
1786;0
1787;0
1788;0
1789;0
1790;0
1791;0
1792;0
1793;0
1794;0
1795;0
1796;0
1797;0
1798;0
1799;0
