route_id;d_stop_ida;d_lat_ida;d_lon_ida;n_d_stops_ida;o_stop_vuelta;o_lat_vuelta;o_lon_vuelta;n_o_stops_vuelta;distancia_fin_ida_inicio_vuelta_m;bajo_500m
101;PI1243;-33.508;-70.735;1;PI883;-33.507;-70.735;1;144.385;True
102;PF879;-33.603;-70.555;1;PF1106;-33.603;-70.555;1;50.28;True
103;PD620;-33.505;-70.564;1;PD614;-33.505;-70.561;1;306.737;True
104;PF1206;-33.592;-70.541;1;PF696;-33.589;-70.542;1;367.678;True
105;PG1704;-33.54;-70.704;1;PG1634;-33.543;-70.707;1;374.798;True
106;PE40;-33.518;-70.557;1;PE42;-33.518;-70.558;1;49.75;True
107;PD620;-33.505;-70.564;1;PD614;-33.505;-70.561;1;306.737;True
107c;PB2012;-33.405;-70.704;1;PJ1961;-33.409;-70.707;1;476.021;True
108;PE40;-33.518;-70.557;1;PE42;-33.518;-70.558;1;49.75;True
109;PI1858;-33.521;-70.801;1;PI1857;-33.521;-70.801;1;15.254;True
109N;PI1858;-33.521;-70.801;1;PI1857;-33.521;-70.801;1;15.254;True
110;PI111;-33.511;-70.741;1;PI223;-33.513;-70.742;1;298.678;True
110c;PI212;-33.47;-70.762;1;PI241;-33.467;-70.762;1;261.791;True
111;PI1938;-33.556;-70.778;1;PI1939;-33.556;-70.778;1;35.401;True
113;PA81;-33.447;-70.66;1;PA166;-33.446;-70.658;1;238.852;True
113c;PI289;-33.479;-70.687;1;PI181;-33.484;-70.696;1;995.314;False
113e;PA675;-33.448;-70.66;1;PA675;-33.448;-70.66;1;0.0;True
114;PF1206;-33.592;-70.541;1;PF696;-33.589;-70.542;1;367.678;True
115;PA81;-33.447;-70.66;1;PA166;-33.446;-70.658;1;238.852;True
117;PD620;-33.505;-70.564;1;PD614;-33.505;-70.561;1;306.737;True
118;PE504;-33.515;-70.549;1;PE1503;-33.514;-70.549;1;35.025;True
119;PG1635;-33.536;-70.7;1;PG1706;-33.534;-70.699;1;189.83;True
120;PG264;-33.537;-70.666;1;PG406;-33.537;-70.665;1;64.735;True
121;PG1635;-33.536;-70.7;1;PG1706;-33.534;-70.699;1;189.83;True
124;PF494;-33.63;-70.612;1;PF467;-33.629;-70.612;1;74.605;True
125;PG1635;-33.536;-70.7;1;PG1707;-33.538;-70.702;1;294.606;True
201;PG1580;-33.598;-70.694;1;PG1581;-33.599;-70.694;1;65.558;True
201e;PG1580;-33.598;-70.694;1;PG1581;-33.599;-70.694;1;65.558;True
203;PG1756;-33.585;-70.661;1;PG1779;-33.587;-70.664;1;290.554;True
203N;PG180;-33.605;-70.627;1;PG190;-33.603;-70.627;1;181.873;True
203e;PG1756;-33.585;-70.661;1;PG1779;-33.587;-70.664;1;290.554;True
204;PF879;-33.603;-70.555;1;PF1106;-33.603;-70.555;1;50.28;True
204N;PF879;-33.603;-70.555;1;PF1106;-33.603;-70.555;1;50.28;True
205;PF89;-33.612;-70.576;1;PF93;-33.613;-70.574;1;142.504;True
206;PG1756;-33.585;-70.661;1;PG1779;-33.587;-70.664;1;290.554;True
206c;PG1756;-33.585;-70.661;1;PG1779;-33.587;-70.664;1;290.554;True
207;PF1109;-33.633;-70.625;1;PF1140;-33.638;-70.63;1;719.705;False
207e;PG1918;-33.633;-70.63;1;PF1140;-33.638;-70.63;1;584.864;False
209;PF1108;-33.633;-70.62;1;PF1140;-33.638;-70.63;1;1088.97;False
210;PF89;-33.612;-70.576;1;PF93;-33.613;-70.574;1;142.504;True
210e;PF88;-33.608;-70.576;1;PF126;-33.612;-70.574;1;393.284;True
210v;PF879;-33.603;-70.555;1;PF1106;-33.603;-70.555;1;50.28;True
211;PG1702;-33.642;-70.709;1;PG1607;-33.643;-70.711;1;228.694;True
211c;PG1456;-33.623;-70.7;1;PG1453;-33.623;-70.7;1;18.883;True
212;PG1756;-33.585;-70.661;1;PG1347;-33.585;-70.658;1;254.345;True
213e;PF1152;-33.631;-70.611;1;PF951;-33.624;-70.598;1;1498.468;False
214;PB1610;-33.364;-70.677;1;PB911;-33.359;-70.683;1;711.22;False
216;PC100;-33.394;-70.572;1;PC101;-33.392;-70.572;1;236.289;True
217e;PA190;-33.438;-70.66;1;PA190;-33.438;-70.66;1;0.0;True
219e;PB1560;-33.389;-70.617;1;PB101;-33.388;-70.616;1;108.299;True
223;PH358;-33.533;-70.703;1;PH73;-33.532;-70.702;1;128.009;True
224;PF60;-33.59;-70.596;1;PF62;-33.588;-70.596;1;257.289;True
225;PF112;-33.582;-70.606;1;PF1010;-33.58;-70.606;1;242.439;True
226;PF151;-33.604;-70.556;1;PF152;-33.604;-70.556;1;19.973;True
227;PI1947;-33.509;-70.706;1;PI1307;-33.51;-70.705;1;56.026;True
228;PG741;-33.593;-70.698;1;PG741;-33.593;-70.698;1;0.0;True
229;PG1756;-33.585;-70.661;1;PG1779;-33.587;-70.664;1;290.554;True
234;PF60;-33.59;-70.596;1;PF62;-33.588;-70.596;1;257.289;True
262N;PG1456;-33.623;-70.7;1;PG1453;-33.623;-70.7;1;18.883;True
264N;PE729;-33.563;-70.605;1;PE1268;-33.563;-70.605;1;64.217;True
271;PG1993;-33.603;-70.686;1;PG367;-33.601;-70.685;1;306.244;True
282;PF94;-33.611;-70.575;1;PF95;-33.607;-70.576;1;499.34;True
286;PC144;-33.389;-70.545;1;PC329;-33.386;-70.54;1;487.419;True
301;PG366;-33.603;-70.686;1;PG367;-33.601;-70.685;1;313.735;True
301c;PG366;-33.603;-70.686;1;PG367;-33.601;-70.685;1;313.735;True
302;PG889;-33.586;-70.657;1;PG864;-33.586;-70.656;1;19.524;True
302N;PG889;-33.586;-70.657;1;PG864;-33.586;-70.656;1;19.524;True
303;PA373;-33.438;-70.637;1;PA373;-33.438;-70.637;1;0.0;True
306;PH467;-33.525;-70.701;1;PH468;-33.525;-70.704;1;211.284;True
307c;PB1979;-33.365;-70.693;1;PB1989;-33.365;-70.692;1;82.515;True
307e;PA371;-33.443;-70.645;1;PA169;-33.44;-70.641;1;514.17;False
308;PA84;-33.432;-70.653;1;PA87;-33.433;-70.652;1;90.69;True
313e;PA331;-33.441;-70.68;2;PA331;-33.441;-70.68;2;0.0;True
315e;PA371;-33.443;-70.645;1;PA169;-33.44;-70.641;1;514.17;False
320;PE1338;-33.514;-70.548;1;PE505;-33.516;-70.547;1;181.147;True
320c;PE1338;-33.514;-70.548;1;PE505;-33.516;-70.547;1;181.147;True
321;PH467;-33.525;-70.701;1;PH1511;-33.525;-70.702;1;58.065;True
322;PE1377;-33.536;-70.55;1;PE1493;-33.535;-70.546;1;380.357;True
323;PE1377;-33.536;-70.55;1;PE1493;-33.535;-70.546;1;380.357;True
325;PD427;-33.453;-70.629;1;PD428;-33.455;-70.628;1;193.61;True
329;PE1419;-33.512;-70.606;1;PE1419;-33.512;-70.606;1;0.0;True
345;PA715;-33.443;-70.638;1;PA816;-33.441;-70.639;1;206.355;True
346N;PA344;-33.443;-70.647;1;PA344;-33.443;-70.647;1;0.0;True
348;PG1585;-33.517;-70.66;1;PG1585;-33.517;-70.66;1;0.0;True
385;PE1419;-33.512;-70.606;1;PE1419;-33.512;-70.606;1;0.0;True
401;PC667;-33.427;-70.53;1;PC1223;-33.425;-70.53;1;174.227;True
401c;PC667;-33.427;-70.53;1;PC1223;-33.425;-70.53;1;174.227;True
403;PD727;-33.465;-70.531;1;PD738;-33.463;-70.531;1;289.663;True
404c;PI437;-33.458;-70.707;1;PJ165;-33.458;-70.708;1;87.383;True
405;PC290;-33.373;-70.518;1;PC290;-33.373;-70.518;1;0.0;True
406;PC290;-33.373;-70.518;1;PC290;-33.373;-70.518;1;0.0;True
407;PC667;-33.427;-70.53;1;PC1223;-33.425;-70.53;1;174.227;True
408;PA380;-33.433;-70.651;1;PA380;-33.433;-70.651;1;0.0;True
408e;PA380;-33.433;-70.651;1;PA380;-33.433;-70.651;1;0.0;True
409;PC1250;-33.362;-70.495;1;PC609;-33.364;-70.495;1;207.978;True
410;PC349;-33.424;-70.614;1;PC349;-33.424;-70.614;1;0.0;True
411;PC358;-33.363;-70.494;1;PC1248;-33.362;-70.498;1;393.035;True
412;PD727;-33.465;-70.531;1;PD1424;-33.467;-70.534;1;291.64;True
414e;PC371;-33.343;-70.546;1;PC372;-33.343;-70.546;1;47.777;True
415e;PC373;-33.409;-70.569;1;PC1065;-33.41;-70.57;1;80.271;True
417e;PC373;-33.409;-70.569;1;PC378;-33.408;-70.566;1;360.43;True
418;PE510;-33.517;-70.552;1;PE1517;-33.519;-70.552;1;204.683;True
419;PA342;-33.438;-70.637;1;PA343;-33.437;-70.636;1;84.289;True
421;PC1272;-33.398;-70.507;1;PC1320;-33.4;-70.506;1;205.682;True
422;PD1439;-33.481;-70.524;1;PD1429;-33.481;-70.524;1;28.088;True
422c;PJ128;-33.444;-70.725;1;PJ149;-33.444;-70.724;1;62.323;True
423;PA342;-33.438;-70.637;1;PA343;-33.437;-70.636;1;84.289;True
424;PA339;-33.444;-70.65;1;PA92;-33.445;-70.647;1;275.278;True
425;PD381;-33.48;-70.578;1;PD381;-33.48;-70.578;1;0.0;True
426;PC434;-33.354;-70.508;2;PC434;-33.354;-70.508;1;0.0;True
428;PG1583;-33.538;-70.664;2;PG1583;-33.538;-70.664;2;0.0;True
428e;PG1583;-33.538;-70.664;2;PG1583;-33.538;-70.664;2;0.0;True
429;PD381;-33.48;-70.578;1;PD381;-33.48;-70.578;1;0.0;True
429c;PC155;-33.419;-70.603;1;PC155;-33.419;-70.603;1;0.0;True
430;PC434;-33.354;-70.508;1;PC434;-33.354;-70.508;1;0.0;True
431c;PI1841;-33.463;-70.695;1;PI1840;-33.463;-70.695;1;31.071;True
432N;PD727;-33.465;-70.531;1;PD1215;-33.467;-70.532;1;226.891;True
435;PC332;-33.391;-70.553;1;PC332;-33.391;-70.553;1;0.0;True
444;PG1583;-33.538;-70.664;2;PG1583;-33.538;-70.664;2;0.0;True
445c;PC220;-33.391;-70.573;1;PC257;-33.391;-70.573;1;55.106;True
481;PI368;-33.52;-70.797;1;PI1668;-33.52;-70.797;1;17.065;True
501;PC667;-33.427;-70.53;1;PC1223;-33.425;-70.53;1;174.227;True
502;PC351;-33.373;-70.518;1;PC1133;-33.369;-70.513;1;630.147;False
502c;PC1225;-33.418;-70.612;1;PA393;-33.437;-70.636;1;3004.974;False
503;PC667;-33.427;-70.53;1;PC1223;-33.425;-70.53;1;174.227;True
504;PC667;-33.427;-70.53;1;PC1223;-33.425;-70.53;1;174.227;True
505;PD736;-33.469;-70.529;1;PD1215;-33.467;-70.532;1;271.253;True
506;PD1439;-33.481;-70.524;1;PD1429;-33.481;-70.524;1;28.088;True
506e;PD543;-33.48;-70.525;1;PD732;-33.479;-70.525;1;34.498;True
506v;PD543;-33.48;-70.525;1;PD544;-33.479;-70.528;1;289.041;True
507;PD1439;-33.481;-70.524;1;PD1429;-33.481;-70.524;1;28.088;True
507c;PD1439;-33.481;-70.524;1;PD1429;-33.481;-70.524;1;28.088;True
508;PE273;-33.512;-70.557;1;PD615;-33.512;-70.552;1;449.06;True
509;PA300;-33.433;-70.654;1;PA396;-33.433;-70.653;1;95.549;True
510;PD1439;-33.481;-70.524;1;PD1429;-33.481;-70.524;1;28.088;True
511;PD1439;-33.481;-70.524;1;PD1429;-33.481;-70.524;1;28.088;True
513;PD499;-33.468;-70.532;1;PD1215;-33.467;-70.532;1;69.258;True
514;PE274;-33.512;-70.554;1;PD615;-33.512;-70.552;1;158.277;True
514c;PE274;-33.512;-70.554;1;PD615;-33.512;-70.552;1;158.277;True
516;PD1439;-33.481;-70.524;1;PD1429;-33.481;-70.524;1;28.088;True
517;PD1047;-33.465;-70.533;1;PD1215;-33.467;-70.532;1;288.824;True
518;PC667;-33.427;-70.53;1;PC668;-33.427;-70.532;1;180.265;True
519;PD1439;-33.481;-70.524;1;PD1429;-33.481;-70.524;1;28.088;True
541N;PC667;-33.427;-70.53;1;PC1223;-33.425;-70.53;1;174.227;True
542;PC351;-33.373;-70.518;1;PC1133;-33.369;-70.513;1;630.147;False
546e;PC659;-33.388;-70.549;1;PC680;-33.388;-70.549;1;33.009;True
555;PJ2003;-33.457;-70.716;1;PJ2002;-33.458;-70.715;1;95.775;True
712;PC1119;-33.387;-70.601;2;PC1118;-33.387;-70.601;2;99.1;True
722;PC667;-33.427;-70.53;1;PC1223;-33.425;-70.53;1;174.227;True
B05;PB766;-33.39;-70.623;1;PB1581;-33.393;-70.623;1;387.528;True
B06;PB1595;-33.363;-70.759;1;PB534;-33.363;-70.758;1;148.871;True
B08;PB1047;-33.353;-70.678;1;PB1574;-33.353;-70.678;1;81.002;True
B11;PB1595;-33.363;-70.759;1;PB534;-33.363;-70.758;1;148.871;True
B12;PB1595;-33.363;-70.759;1;PB541;-33.363;-70.76;1;49.896;True
B12c;PB1733;-33.326;-70.706;1;PB1010;-33.327;-70.706;1;108.135;True
B16;PB1575;-33.38;-70.648;1;PB1575;-33.38;-70.648;1;0.0;True
B18;PB1575;-33.38;-70.648;2;PB1575;-33.38;-70.648;1;0.0;True
B18e;PB1979;-33.365;-70.693;1;PB1991;-33.365;-70.692;1;30.811;True
B21;PB1595;-33.363;-70.759;1;PB534;-33.363;-70.758;1;148.871;True
B22;PB1613;-33.396;-70.645;1;PB1613;-33.396;-70.645;1;0.0;True
B27;PC569;-33.433;-70.624;1;PC1226;-33.433;-70.626;1;236.037;True
B31N;PB1595;-33.363;-70.759;1;PB541;-33.363;-70.76;1;49.896;True
B42;PB2189;-33.314;-70.761;1;PB2190;-33.314;-70.761;1;21.757;True
B43;PB1595;-33.363;-70.759;1;PB541;-33.363;-70.76;1;49.896;True
B45;PB2027;-33.37;-70.75;1;PB2036;-33.37;-70.751;1;77.468;True
C01;PC602;-33.355;-70.502;1;PC598;-33.356;-70.502;1;43.739;True
C01c;PC1302;-33.363;-70.495;1;PC1308;-33.363;-70.494;1;45.312;True
C02c;PC1068;-33.408;-70.545;1;PC1064;-33.407;-70.545;1;106.914;True
C03c;PC667;-33.427;-70.53;1;PC668;-33.427;-70.532;1;180.265;True
C05;PC618;-33.431;-70.585;1;PC618;-33.431;-70.585;1;0.0;True
C06;PB766;-33.39;-70.623;1;PB101;-33.388;-70.616;1;706.528;False
C07;PC618;-33.431;-70.585;1;PC618;-33.431;-70.585;1;0.0;True
C10e;PC1097;-33.321;-70.565;1;PC1098;-33.321;-70.564;1;27.074;True
C14;PC914;-33.326;-70.542;1;PC907;-33.326;-70.542;1;28.721;True
C16;PC864;-33.326;-70.517;1;PC1043;-33.327;-70.518;1;43.058;True
C17;PC798;-33.335;-70.554;1;PC765;-33.335;-70.554;1;23.027;True
C18;PB305;-33.396;-70.643;1;PB1613;-33.396;-70.645;1;195.18;True
C19;PC1014;-33.333;-70.528;1;PC1011;-33.333;-70.528;1;17.559;True
C22;PC1328;-33.377;-70.571;1;PC759;-33.377;-70.57;1;93.511;True
C25;PD727;-33.465;-70.531;1;PD1215;-33.467;-70.532;1;226.891;True
C28;PC1097;-33.321;-70.565;1;PC1098;-33.321;-70.564;1;27.074;True
C30e;PC1337;-33.324;-70.53;1;PC1335;-33.324;-70.531;1;55.172;True
D02;PD1439;-33.481;-70.524;1;PD1429;-33.481;-70.524;1;28.088;True
D03;PA494;-33.453;-70.657;1;PA494;-33.453;-70.657;1;0.0;True
D05;PD620;-33.505;-70.564;1;PD614;-33.505;-70.561;1;306.737;True
D07;PA825;-33.476;-70.649;1;PA825;-33.476;-70.649;2;0.0;True
D10;PD1439;-33.481;-70.524;1;PD1429;-33.481;-70.524;1;28.088;True
D11;PC143;-33.392;-70.547;1;PC1053;-33.389;-70.545;1;378.375;True
D13;PD1324;-33.453;-70.629;1;PD428;-33.455;-70.628;1;252.782;True
D14;PD1613;-33.488;-70.578;1;PD1613;-33.488;-70.578;1;0.0;True
D16;PC1022;-33.433;-70.586;1;PC1022;-33.433;-70.586;1;0.0;True
D18;PC502;-33.442;-70.629;1;PC1003;-33.447;-70.629;1;513.317;False
E01;PE294;-33.545;-70.634;1;PE187;-33.544;-70.634;1;144.154;True
E02;PE339;-33.561;-70.567;1;PE340;-33.561;-70.567;1;27.567;True
E03;PE1377;-33.536;-70.55;1;PE1493;-33.535;-70.546;1;380.357;True
E04;PA826;-33.476;-70.649;1;PA826;-33.476;-70.649;1;0.0;True
E05;PE1282;-33.52;-70.598;1;PE1282;-33.52;-70.598;1;0.0;True
E07;PE1377;-33.536;-70.55;1;PE1493;-33.535;-70.546;1;380.357;True
E08;PE1282;-33.52;-70.598;1;PE1282;-33.52;-70.598;1;0.0;True
E09;PE187;-33.544;-70.634;1;PE187;-33.544;-70.634;1;0.0;True
E10;PE1328;-33.534;-70.634;1;PE116;-33.533;-70.635;1;154.045;True
E11;PE187;-33.544;-70.634;1;PG1624;-33.545;-70.634;1;85.845;True
E13;PE1282;-33.52;-70.598;1;PE1282;-33.52;-70.598;1;0.0;True
E14;PE1282;-33.52;-70.598;1;PE1282;-33.52;-70.598;1;0.0;True
E15c;PE1282;-33.52;-70.598;1;PE1282;-33.52;-70.598;1;0.0;True
E16;PE294;-33.545;-70.634;1;PE187;-33.544;-70.634;1;144.154;True
E17;PE1338;-33.514;-70.548;1;PE505;-33.516;-70.547;1;181.147;True
E18;PE1282;-33.52;-70.598;1;PE1282;-33.52;-70.598;1;0.0;True
F01;PF194;-33.608;-70.518;1;PF1147;-33.608;-70.517;1;97.606;True
F03;PG1222;-33.585;-70.709;1;PG1202;-33.584;-70.71;1;98.755;True
F05;PF879;-33.603;-70.555;1;PF152;-33.604;-70.556;1;84.777;True
F06;PF879;-33.603;-70.555;1;PF152;-33.604;-70.556;1;84.777;True
F09;PF594;-33.569;-70.583;1;PF446;-33.569;-70.583;1;52.44;True
F10;PF9;-33.562;-70.556;1;PF2;-33.563;-70.555;1;166.952;True
F12;PF212;-33.609;-70.574;1;PF212;-33.609;-70.574;1;0.0;True
F12c;PF212;-33.609;-70.574;1;PF212;-33.609;-70.574;1;0.0;True
F13;PF9;-33.562;-70.556;1;PF2;-33.563;-70.555;1;166.952;True
F14;PF89;-33.612;-70.576;1;PF93;-33.613;-70.574;1;142.504;True
F15;PF446;-33.569;-70.583;1;PF446;-33.569;-70.583;1;0.0;True
F16;PF257;-33.627;-70.577;1;PF257;-33.627;-70.577;1;0.0;True
F18;PF725;-33.609;-70.576;1;PF212;-33.609;-70.574;1;206.447;True
F20;PF879;-33.603;-70.555;1;PF152;-33.604;-70.556;1;84.777;True
F24;PF1158;-33.597;-70.597;1;PF1191;-33.597;-70.597;1;36.097;True
F25;PE1282;-33.52;-70.598;2;PE1282;-33.52;-70.598;2;0.0;True
F25e;PE1282;-33.52;-70.598;1;PE1282;-33.52;-70.598;1;0.0;True
F28;PF151;-33.604;-70.556;1;PF152;-33.604;-70.556;1;19.973;True
F29;PF194;-33.608;-70.518;1;PF1147;-33.608;-70.517;1;97.606;True
F30N;PA184;-33.445;-70.655;1;PA215;-33.445;-70.654;1;107.942;True
F33;PF212;-33.609;-70.574;1;PF213;-33.608;-70.573;1;160.526;True
G01;PE1267;-33.563;-70.605;1;PE708;-33.562;-70.605;1;153.125;True
G01c;PE676;-33.533;-70.634;1;PE1277;-33.531;-70.634;1;251.493;True
G02;PG2105;-33.651;-70.662;1;PG2106;-33.651;-70.662;1;29.737;True
G04;PE1267;-33.563;-70.605;1;PE1268;-33.563;-70.605;1;13.888;True
G05;PG1583;-33.538;-70.664;2;PG1583;-33.538;-70.664;2;0.0;True
G07;PG1572;-33.666;-70.721;1;PG1798;-33.667;-70.726;1;528.444;False
G08;PG1583;-33.538;-70.664;2;PG1583;-33.538;-70.664;2;0.0;True
G08v;PG1583;-33.538;-70.664;1;PG1583;-33.538;-70.664;1;0.0;True
G12;PH72;-33.533;-70.702;1;PG421;-33.533;-70.701;1;79.665;True
G13;PG1766;-33.597;-70.607;1;PG1766;-33.597;-70.607;1;0.0;True
G14;PG2105;-33.651;-70.662;1;PG2106;-33.651;-70.662;1;29.737;True
G15;PE1267;-33.563;-70.605;1;PE1268;-33.563;-70.605;1;13.888;True
G16;PG1766;-33.597;-70.607;1;PG1767;-33.595;-70.611;1;428.161;True
G18;PG1585;-33.517;-70.66;1;PG1585;-33.517;-70.66;1;0.0;True
G22;PG1583;-33.538;-70.664;2;PG1583;-33.538;-70.664;2;0.0;True
G23;PG1588;-33.592;-70.628;1;PG190;-33.603;-70.627;1;1330.663;False
G31;PG1993;-33.603;-70.686;1;PG367;-33.601;-70.685;1;306.244;True
G37;PG2046;-33.694;-70.75;1;PG2034;-33.694;-70.75;1;30.741;True
G43;PG2009;-33.614;-70.678;1;PG2010;-33.614;-70.678;1;22.67;True
H03;PI643;-33.52;-70.715;1;PI981;-33.523;-70.717;1;349.708;True
H05;PI1430;-33.51;-70.703;1;PI1429;-33.511;-70.702;1;151.227;True
H07;PG1585;-33.517;-70.66;2;PG1585;-33.517;-70.66;1;0.0;True
H08;PG1585;-33.517;-70.66;1;PG1585;-33.517;-70.66;1;0.0;True
H09;PD200;-33.486;-70.619;1;PD1609;-33.486;-70.62;1;110.14;True
H12;PA828;-33.476;-70.65;1;PA828;-33.476;-70.65;1;0.0;True
H24;PI1947;-33.509;-70.706;1;PI1307;-33.51;-70.705;1;56.026;True
I01;PA103;-33.465;-70.642;1;PA104;-33.461;-70.643;2;419.528;True
I02;PJ1557;-33.463;-70.731;1;PI527;-33.461;-70.731;1;216.515;True
I03;PA191;-33.441;-70.68;1;PA191;-33.441;-70.68;1;0.0;True
I03c;PI438;-33.456;-70.699;1;PI1079;-33.453;-70.699;1;300.81;True
I04;PI401;-33.454;-70.691;1;PI911;-33.455;-70.691;1;61.539;True
I04c;PI1332;-33.511;-70.756;1;PI228;-33.511;-70.755;1;64.68;True
I05;PG1585;-33.517;-70.66;1;PG1585;-33.517;-70.66;1;0.0;True
I07;PI415;-33.477;-70.741;1;PI1024;-33.475;-70.741;1;209.331;True
I08;PI1230;-33.455;-70.692;1;PI1230;-33.455;-70.692;1;0.0;True
I08N;PA374;-33.443;-70.648;1;PA374;-33.443;-70.648;1;0.0;True
I09;PA167;-33.444;-70.651;1;PA345;-33.443;-70.65;1;138.616;True
I09c;PI1042;-33.457;-70.705;1;PJ539;-33.457;-70.706;1;94.689;True
I09e;PA167;-33.444;-70.651;1;PA345;-33.443;-70.65;1;138.616;True
I10;PA191;-33.441;-70.68;1;PA191;-33.441;-70.68;1;0.0;True
I10N;PA374;-33.443;-70.648;1;PA344;-33.443;-70.647;1;104.786;True
I11;PI1357;-33.509;-70.803;1;PI949;-33.509;-70.803;1;50.478;True
I11N;PI657;-33.511;-70.755;1;PI228;-33.511;-70.755;1;31.308;True
I12;PI643;-33.52;-70.715;1;PI1979;-33.52;-70.716;1;99.215;True
I13;PI401;-33.454;-70.691;1;PI911;-33.455;-70.691;1;61.539;True
I14;PI1812;-33.451;-70.679;1;PA657;-33.45;-70.673;1;584.784;False
I14N;PA374;-33.443;-70.648;1;PA374;-33.443;-70.648;1;0.0;True
I16;PI1216;-33.477;-70.695;1;PI1589;-33.478;-70.696;1;63.122;True
I17;PA191;-33.441;-70.68;1;PA191;-33.441;-70.68;1;0.0;True
I18;PA15;-33.45;-70.675;1;PA657;-33.45;-70.673;1;205.204;True
I20;PI244;-33.465;-70.755;1;PI1018;-33.467;-70.755;1;171.9;True
I21;PI657;-33.511;-70.755;1;PI228;-33.511;-70.755;1;31.308;True
I22;PI1788;-33.49;-70.753;1;PI1788;-33.49;-70.753;1;0.0;True
I24;PI642;-33.519;-70.714;1;PI1979;-33.52;-70.716;1;278.245;True
I35;PI1929;-33.59;-70.809;1;PI1930;-33.591;-70.809;1;101.26;True
J01;PA427;-33.442;-70.679;1;PA5;-33.443;-70.68;1;161.558;True
J01c;PJ572;-33.415;-70.711;1;PJ604;-33.415;-70.715;1;321.918;True
J04;PJ1999;-33.421;-70.767;1;PJ2000;-33.421;-70.767;1;45.519;True
J06;PI753;-33.456;-70.72;1;PI754;-33.457;-70.719;1;159.866;True
J08;PJ1931;-33.409;-70.704;1;PJ1961;-33.409;-70.707;1;266.96;True
J10;PA701;-33.428;-70.677;1;PA701;-33.428;-70.677;1;0.0;True
J11;PI754;-33.457;-70.719;1;PJ96;-33.457;-70.717;1;160.087;True
J12;PJ2041;-33.465;-70.865;1;PJ2042;-33.465;-70.865;1;32.09;True
J13;PJ1988;-33.422;-70.765;1;PJ1986;-33.422;-70.765;1;61.644;True
J13c;PJ1988;-33.422;-70.765;1;PJ1986;-33.422;-70.765;1;61.644;True
J15c;PJ686;-33.451;-70.723;1;PJ1581;-33.452;-70.724;1;77.586;True
J17;PJ1600;-33.452;-70.783;1;PJ1059;-33.449;-70.784;1;339.377;True
J18;PJ618;-33.444;-70.723;1;PJ1587;-33.446;-70.722;1;215.652;True
J18c;PJ618;-33.444;-70.723;1;PJ1587;-33.446;-70.722;1;215.652;True
J19;PA427;-33.442;-70.679;2;PA191;-33.441;-70.68;2;104.468;True
J22;PJ2052;-33.46;-70.893;1;PJ2053;-33.459;-70.893;1;30.491;True
