route_id;depot_id;depot_nombre;distancia_km
101;2;El Conquistador;5.811232696951989
102;5;Santa Rosa;3.0230957195241466
103;4;La Reina;7.248666090707141
104;3;Los Espinos;9.332584578214442
105;2;El Conquistador;9.35569934814109
105c;5;Santa Rosa;6.902083487286965
106;3;Los Espinos;3.5377527876908395
107;4;La Reina;5.973789711118543
107c;1;Vespucio Norte;4.7945925393051585
108;3;Los Espinos;3.5375236310335527
109;2;El Conquistador;11.280426047795936
109N;2;El Conquistador;8.885141004560968
110;2;El Conquistador;6.3466475141823775
110c;2;El Conquistador;7.011676225528279
111;3;Los Espinos;11.791751821313245
113;3;Los Espinos;8.730014394484236
113c;3;Los Espinos;10.256351814998526
113e;3;Los Espinos;8.750991758920328
114;3;Los Espinos;9.018706048147001
115;3;Los Espinos;7.971814260149906
115c;5;Santa Rosa;13.50140367145644
116;1;Vespucio Norte;5.458781024802313
117;4;La Reina;7.882880033658988
117c;1;Vespucio Norte;5.162605928542383
118;5;Santa Rosa;2.382745722674567
119;3;Los Espinos;5.915319217742564
120;2;El Conquistador;7.183861913252762
121;3;Los Espinos;5.915332170415314
124;5;Santa Rosa;7.504175553816937
125;3;Los Espinos;5.249484851320462
126;4;La Reina;10.86301314402331
201;3;Los Espinos;7.266749966335346
201e;3;Los Espinos;3.2581461072608318
203;3;Los Espinos;5.241495450284481
203N;3;Los Espinos;5.819297910856516
203c;5;Santa Rosa;8.219200777234901
203e;3;Los Espinos;1.536832152884152
204;3;Los Espinos;5.996187070218678
204N;3;Los Espinos;5.995754820421476
205;5;Santa Rosa;4.794479655135052
206;3;Los Espinos;1.5380690775817965
206c;5;Santa Rosa;0.40096333198565154
207;5;Santa Rosa;1.4702301300634824
207c;5;Santa Rosa;15.41992710283478
207e;5;Santa Rosa;1.3272989246821
208;1;Vespucio Norte;5.903820775376755
208c;1;Vespucio Norte;5.903820775378441
209;5;Santa Rosa;2.2174804909518904
209c;5;Santa Rosa;15.3190447342686
210;5;Santa Rosa;2.090884252259419
210e;5;Santa Rosa;1.8812669471752275
210v;5;Santa Rosa;3.0228712954385712
211;5;Santa Rosa;6.579419876529254
211c;5;Santa Rosa;8.220189525168792
212;3;Los Espinos;3.356418528722602
213e;5;Santa Rosa;3.5207041130127092
214;2;El Conquistador;4.034497633825577
216;3;Los Espinos;6.0295053058071835
217e;5;Santa Rosa;4.1919045894734515
219e;3;Los Espinos;8.200928019271073
223;3;Los Espinos;5.589632491575466
224;3;Los Espinos;6.240762530351068
225;4;La Reina;7.8985684076251355
225c;5;Santa Rosa;9.096243897635205
226;3;Los Espinos;5.797674079210709
227;3;Los Espinos;5.805827625057795
228;5;Santa Rosa;6.369403691706705
229;3;Los Espinos;1.1651142677428994
230;1;Vespucio Norte;1.0405954408174383
233;5;Santa Rosa;10.672009770305895
234;3;Los Espinos;3.5275589732891635
244;5;Santa Rosa;9.95996803642701
245;5;Santa Rosa;15.547395943229548
246;5;Santa Rosa;8.306623692888227
262N;5;Santa Rosa;5.209204539233595
264N;3;Los Espinos;8.411916248894947
271;3;Los Espinos;3.099556791668927
272;1;Vespucio Norte;1.0405954408164355
282;5;Santa Rosa;11.80449131888213
286;4;La Reina;8.70601552212243
301;3;Los Espinos;4.376110559829978
301c;5;Santa Rosa;6.479009312843456
302;3;Los Espinos;1.537982127917157
302N;3;Los Espinos;0.8266322010904528
303;2;El Conquistador;2.4335543282108265
306;2;El Conquistador;6.725601022739633
307;1;Vespucio Norte;10.303240292560305
307c;1;Vespucio Norte;5.9265722549708615
307e;2;El Conquistador;2.851807455254155
308;2;El Conquistador;3.309392805859269
308c;1;Vespucio Norte;10.303240292560305
313e;2;El Conquistador;3.232629157890907
314;1;Vespucio Norte;10.303240292560396
314c;1;Vespucio Norte;10.303240292558597
315e;2;El Conquistador;2.6122292717445745
320;3;Los Espinos;7.123920373959172
320c;3;Los Espinos;9.310492300273374
321;3;Los Espinos;3.7800735675376482
322;5;Santa Rosa;9.286996772934193
323;5;Santa Rosa;9.287543967433194
325;3;Los Espinos;3.9729295497795643
329;3;Los Espinos;1.389185253260704
345;3;Los Espinos;5.804785672748681
346N;3;Los Espinos;5.984209985743868
348;3;Los Espinos;9.931007001482566
385;3;Los Espinos;4.077312917053842
401;3;Los Espinos;6.924209152668404
401c;4;La Reina;3.49061105872161
402;2;El Conquistador;11.326127647650596
403;4;La Reina;6.888398011468699
404;2;El Conquistador;10.065302744208811
404c;2;El Conquistador;7.42115964000552
405;2;El Conquistador;6.284307033049242
405c;4;La Reina;9.9487341835973
406;1;Vespucio Norte;6.0935959939322295
406c;4;La Reina;6.38891232144916
407;2;El Conquistador;5.721680800966268
408;2;El Conquistador;1.3875368611452812
408e;2;El Conquistador;0.7263692573315124
409;4;La Reina;7.193803741039642
410;2;El Conquistador;3.012148646205699
410e;2;El Conquistador;2.2954466358339936
411;4;La Reina;6.821589746419813
412;2;El Conquistador;6.750323170763222
414e;1;Vespucio Norte;5.607681296527306
415e;2;El Conquistador;5.542006345110081
417e;2;El Conquistador;6.72474006701209
418;3;Los Espinos;6.883778574880864
419;2;El Conquistador;8.80820325904696
420;4;La Reina;9.734825880827984
421;2;El Conquistador;7.991845705560251
421c;4;La Reina;7.18446316252152
422;2;El Conquistador;7.873442987491214
422c;2;El Conquistador;6.342844466583413
423;2;El Conquistador;8.710664098551257
424;2;El Conquistador;5.276971204506613
425;2;El Conquistador;3.764864053821093
426;1;Vespucio Norte;5.951844069944933
428;2;El Conquistador;5.333629486263373
428e;2;El Conquistador;5.316783117502195
429;2;El Conquistador;3.7147047298699025
429c;1;Vespucio Norte;3.787959934702003
430;1;Vespucio Norte;5.751725379315465
431c;2;El Conquistador;11.860128932425354
432N;3;Los Espinos;4.269736791793589
435;1;Vespucio Norte;3.459252505495792
444;2;El Conquistador;8.827329461154623
445c;4;La Reina;9.717247196551618
481;2;El Conquistador;8.682715748650908
486;2;El Conquistador;11.286563625208682
501;4;La Reina;5.05577909243761
502;1;Vespucio Norte;6.090283040695661
502c;2;El Conquistador;0.6203187751150995
503;2;El Conquistador;6.1716427548714075
504;2;El Conquistador;5.9247900826969655
505;2;El Conquistador;8.153329584608278
505c;4;La Reina;4.180698155781228
506;3;Los Espinos;3.0453669946572757
506e;3;Los Espinos;1.5058955822653004
506v;3;Los Espinos;1.3031951506272221
507;2;El Conquistador;7.873444751905612
507c;4;La Reina;7.507351165414916
508;3;Los Espinos;7.071147250851746
509;3;Los Espinos;9.802898842409151
510;3;Los Espinos;6.482269037170526
511;2;El Conquistador;8.076241953281434
513;2;El Conquistador;8.076137518398436
514;3;Los Espinos;6.859376816195493
514c;4;La Reina;7.683325477611443
516;3;Los Espinos;6.482192204015872
517;2;El Conquistador;8.126869715802028
518;2;El Conquistador;6.320940838203192
519;3;Los Espinos;8.157577546023406
541N;2;El Conquistador;5.542760077951359
542;1;Vespucio Norte;6.104707860913151
546e;3;Los Espinos;7.610079614541115
555;2;El Conquistador;7.195929386143531
712;4;La Reina;8.546807407542092
722;1;Vespucio Norte;9.808841073634913
B01;1;Vespucio Norte;3.081803306091504
B02;1;Vespucio Norte;4.120519562831039
B02N;1;Vespucio Norte;4.120519562830854
B03;2;El Conquistador;9.08964174056474
B04;1;Vespucio Norte;1.634017617866182
B05;1;Vespucio Norte;2.956213571066948
B06;1;Vespucio Norte;2.698303581863271
B07;1;Vespucio Norte;1.5672192158482732
B08;1;Vespucio Norte;4.972680760265194
B09;2;El Conquistador;10.008340282229552
B10;1;Vespucio Norte;1.8152621939265086
B11;1;Vespucio Norte;2.483920816252775
B12;1;Vespucio Norte;2.7276916591197664
B12c;1;Vespucio Norte;7.343716524803355
B13;1;Vespucio Norte;12.638941413351441
B14;1;Vespucio Norte;6.415739025796383
B15;1;Vespucio Norte;7.400762973481589
B16;1;Vespucio Norte;2.040677255946333
B17;1;Vespucio Norte;3.081803306091504
B18;1;Vespucio Norte;1.4473551312737465
B18e;1;Vespucio Norte;3.4622071089207678
B19;1;Vespucio Norte;4.188062604793684
B20;2;El Conquistador;9.089641740563044
B21;1;Vespucio Norte;4.486583189837046
B22;1;Vespucio Norte;6.454657049008945
B24;1;Vespucio Norte;3.053384585934252
B25;1;Vespucio Norte;4.188062604793684
B26;1;Vespucio Norte;1.647236179070019
B27;1;Vespucio Norte;7.469839826639551
B28;1;Vespucio Norte;3.053384585934252
B29;2;El Conquistador;9.089641740563044
B30N;2;El Conquistador;9.08964174056474
B31N;2;El Conquistador;2.528862577316378
B32;1;Vespucio Norte;5.482669518825969
B33;1;Vespucio Norte;1.5827990586852847
B35;1;Vespucio Norte;1.6047984870436143
B36;1;Vespucio Norte;1.6245575159151604
B37;1;Vespucio Norte;1.5752048761411956
B38;2;El Conquistador;7.865252893046446
B41;1;Vespucio Norte;0.9453982045930417
B42;1;Vespucio Norte;7.132751753500248
B43;1;Vespucio Norte;2.8461621056441135
B45;1;Vespucio Norte;9.386753847997634
C01;4;La Reina;6.722809772217041
C01c;4;La Reina;7.346331809226929
C02;4;La Reina;6.9863198446671
C02c;4;La Reina;5.446888639928877
C03;4;La Reina;2.180792533909786
C03c;4;La Reina;5.333267016445931
C05;4;La Reina;6.102020343667215
C06;4;La Reina;6.217072724311478
C07;4;La Reina;7.768069804635047
C09;4;La Reina;15.723781233875108
C09c;4;La Reina;6.9863198446662675
C10e;4;La Reina;11.397876854060494
C11;4;La Reina;6.548093918326529
C13;4;La Reina;2.4413690945326985
C14;4;La Reina;10.452735696610501
C15;4;La Reina;6.548093918326529
C16;4;La Reina;9.467865987833939
C17;4;La Reina;13.740461829559857
C18;1;Vespucio Norte;9.397418273073365
C19;4;La Reina;9.762198526715427
C20;4;La Reina;6.548093918326529
C22;4;La Reina;7.841796847669975
C25;4;La Reina;2.755912351014388
C26c;1;Vespucio Norte;7.787110092081184
C27;4;La Reina;7.18446316252152
C28;4;La Reina;11.238426926296402
C30e;4;La Reina;10.284276732072684
C33c;4;La Reina;9.787326003943798
C37;4;La Reina;6.9863198446662675
D01;4;La Reina;6.376003643584321
D02;4;La Reina;5.826682788642896
D03;4;La Reina;7.2167087050444865
D03c;4;La Reina;6.223511876677762
D05;3;Los Espinos;6.770008713411954
D07;4;La Reina;7.9015382200256505
D07c;4;La Reina;6.376003643582824
D08;4;La Reina;6.223511876677216
D09;4;La Reina;6.223511876677216
D10;4;La Reina;7.343604772387406
D11;4;La Reina;0.866616088215114
D13;3;Los Espinos;6.532361727693918
D14;3;Los Espinos;7.300118790402456
D15;4;La Reina;6.223511876677216
D16;4;La Reina;5.849118183465032
D17;4;La Reina;8.345793689240514
D17v;4;La Reina;8.345793689240514
D18;4;La Reina;5.478618440694349
D20;4;La Reina;6.223511876677762
D26;4;La Reina;9.734825880827984
E01;5;Santa Rosa;6.962953517314719
E02;5;Santa Rosa;4.577653205557682
E03;5;Santa Rosa;5.547315398526668
E04;3;Los Espinos;5.243708297124596
E05;5;Santa Rosa;2.3766340048372507
E07;5;Santa Rosa;9.286197027707656
E08;5;Santa Rosa;9.018848871273432
E09;5;Santa Rosa;6.809615321003154
E10;5;Santa Rosa;7.139445828114186
E11;5;Santa Rosa;8.072115679859714
E12;5;Santa Rosa;9.096243897635205
E13;5;Santa Rosa;6.478063463155695
E14;5;Santa Rosa;8.368043762227463
E15c;5;Santa Rosa;6.4748744046926205
E16;5;Santa Rosa;5.972500610024321
E17;3;Los Espinos;9.31001101707751
E18;5;Santa Rosa;2.303487839989193
E20;5;Santa Rosa;12.356926146767623
F01;5;Santa Rosa;15.110635869151837
F01c;5;Santa Rosa;19.52804802940954
F02;5;Santa Rosa;15.566506433235961
F03;5;Santa Rosa;9.440327132114685
F03c;5;Santa Rosa;15.547395943228853
F05;5;Santa Rosa;7.661828159585703
F06;5;Santa Rosa;7.661519953319219
F07;5;Santa Rosa;10.709112251675524
F08;5;Santa Rosa;11.311287680593809
F09;5;Santa Rosa;12.695059836616535
F10;5;Santa Rosa;12.408943634377502
F10c;5;Santa Rosa;15.016056313820487
F11;5;Santa Rosa;15.566506433235961
F12;5;Santa Rosa;14.560247262024733
F12c;5;Santa Rosa;14.561030107938254
F13;5;Santa Rosa;12.407398031925252
F13c;5;Santa Rosa;12.319078826768578
F14;5;Santa Rosa;12.822269622103565
F15;5;Santa Rosa;11.820625743995588
F16;5;Santa Rosa;13.6636783600654
F18;5;Santa Rosa;14.535891044220884
F20;5;Santa Rosa;7.661782124681133
F24;5;Santa Rosa;15.308469979243807
F25;5;Santa Rosa;8.379665188482644
F25e;5;Santa Rosa;8.091988463513578
F26;5;Santa Rosa;11.28347859031694
F27;5;Santa Rosa;10.827143968608313
F28;5;Santa Rosa;14.58039386876258
F29;5;Santa Rosa;17.507479119105188
F30N;5;Santa Rosa;2.2515134969831867
F33;5;Santa Rosa;14.53052489175488
G01;5;Santa Rosa;5.03512081408352
G01c;5;Santa Rosa;3.7037015763236294
G02;5;Santa Rosa;15.315487883585755
G04;5;Santa Rosa;3.5346874689025958
G05;5;Santa Rosa;5.556591795802588
G07;5;Santa Rosa;14.667816535348496
G08;5;Santa Rosa;8.163325400409057
G08v;5;Santa Rosa;8.98555673071318
G09;5;Santa Rosa;6.3283723425230445
G11;3;Los Espinos;1.4995705862625526
G12;5;Santa Rosa;3.8102917340527527
G13;5;Santa Rosa;5.735386690723098
G13c;5;Santa Rosa;10.962798192141621
G14;5;Santa Rosa;12.397157908246905
G15;5;Santa Rosa;3.531287441174434
G16;5;Santa Rosa;5.615373114892617
G18;5;Santa Rosa;2.505089271822352
G22;5;Santa Rosa;8.239361825806025
G23;5;Santa Rosa;8.148581794137105
G24;5;Santa Rosa;17.464019829649082
G27;5;Santa Rosa;16.149196762512613
G28;5;Santa Rosa;11.17113623014864
G31;5;Santa Rosa;9.531217815470422
G32;5;Santa Rosa;15.186686615681237
G34;5;Santa Rosa;8.615662226677939
G35;5;Santa Rosa;10.672009770305895
G37;5;Santa Rosa;18.646268423047445
G38;5;Santa Rosa;16.149196762512613
G39;5;Santa Rosa;6.206268777935347
G43;5;Santa Rosa;10.276969819760135
G46;5;Santa Rosa;14.111961802958328
H03;3;Los Espinos;4.606570649247721
H05;3;Los Espinos;3.375236966638454
H07;3;Los Espinos;3.907680796952888
H08;3;Los Espinos;3.8654874197269975
H09;3;Los Espinos;3.374366561723571
H12;3;Los Espinos;4.235420712931827
H13;3;Los Espinos;3.47415068117515
H24;3;Los Espinos;6.083897466327614
I01;3;Los Espinos;8.25029364033604
I02;2;El Conquistador;12.422207605692126
I03;3;Los Espinos;10.901877878867438
I03c;2;El Conquistador;7.840892048644073
I04;3;Los Espinos;10.286486086263215
I04c;5;Santa Rosa;13.64221402953699
I04e;3;Los Espinos;13.615268084784395
I05;3;Los Espinos;9.89627618789635
I07;2;El Conquistador;13.57545204735816
I08;2;El Conquistador;7.081074398591034
I08N;2;El Conquistador;5.521013827798599
I08c;2;El Conquistador;11.919071394053113
I09;2;El Conquistador;8.706057512517814
I09c;2;El Conquistador;11.182994611832838
I09e;2;El Conquistador;8.70774901762316
I10;3;Los Espinos;10.901866186714479
I10N;3;Los Espinos;9.071267616321196
I11;5;Santa Rosa;17.00038663201192
I11N;5;Santa Rosa;14.089679571846437
I12;3;Los Espinos;12.736618740766437
I13;2;El Conquistador;7.926601815680661
I14;3;Los Espinos;7.476322772223263
I14N;3;Los Espinos;6.639556604597359
I16;2;El Conquistador;7.635136971159373
I17;2;El Conquistador;5.903275516643597
I18;2;El Conquistador;9.737031374166861
I20;2;El Conquistador;9.51509763298447
I21;5;Santa Rosa;15.051549190144028
I22;2;El Conquistador;13.333756645434192
I24;3;Los Espinos;14.961019031023513
I25;2;El Conquistador;8.856047855690653
I26;3;Los Espinos;18.22664748377997
I35;5;Santa Rosa;15.882349573372085
I39;3;Los Espinos;6.790851900971731
J01;2;El Conquistador;4.850506968604228
J01c;2;El Conquistador;2.6165923161365576
J02;2;El Conquistador;8.82281771307715
J03;2;El Conquistador;7.865252893046446
J04;2;El Conquistador;5.881387572066274
J05;2;El Conquistador;8.037519042795436
J06;2;El Conquistador;5.525718416911295
J07;2;El Conquistador;8.454033230008033
J07c;2;El Conquistador;7.064162860473539
J07e;2;El Conquistador;8.454033230008157
J08;2;El Conquistador;4.861493735601435
J10;2;El Conquistador;3.1812751804219266
J11;2;El Conquistador;9.927013142579753
J12;2;El Conquistador;12.521762666862378
J13;2;El Conquistador;3.4438765830293145
J13c;2;El Conquistador;5.554419971656546
J15c;2;El Conquistador;5.9068997934786545
J16;2;El Conquistador;7.8652528930464145
J17;2;El Conquistador;7.786758476229514
J18;2;El Conquistador;6.234268513194732
J18c;2;El Conquistador;6.428198945982709
J19;2;El Conquistador;4.914253398918044
J20;2;El Conquistador;8.037519042797152
J22;2;El Conquistador;13.893010998980364
