route_id;n_expediciones;km_dia;kwh_dia;dur_min_media;primera_salida_min;ultima_salida_min;n_buses_estimados;n_terminales_usados;centroide_lat;centroide_lon;h_r_comercial_horas_cargador;h_r_asignada_c2_horas_cargador;dist_km_a_Vespucio_Norte;dist_km_a_El_Conquistador;dist_km_a_Los_Espinos;dist_km_a_La_Reina;dist_km_a_Santa_Rosa;depot_c1a;depot_c1b;depot_c2;cambia_c1a_c1b;cambia_c1b_c2
101;171;4179.743;5851.641;94.991;60.0;1439.933;20.0;4;-33.456;-70.679;32.509;36.052;14.691;11.387;13.608;18.351;14.484;El Conquistador;El Conquistador;El Conquistador;False;False
102;184;5352.455;7493.437;111.051;0.0;1439.933;27.0;4;-33.533;-70.625;41.63;47.188;25.116;18.9;13.233;21.294;13.342;Santa Rosa;Los Espinos;Los Espinos;True;False
103;217;4898.071;6857.3;96.534;0.0;1439.933;25.0;4;-33.467;-70.591;38.096;41.86;17.639;15.246;12.181;9.679;13.064;La Reina;La Reina;La Reina;False;False
104;383;8226.347;11516.886;89.628;0.0;1439.933;44.0;3;-33.505;-70.575;63.983;74.335;23.564;21.083;15.848;15.125;16.112;Los Espinos;La Reina;La Reina;True;False
105;262;7116.271;9962.78;113.503;60.0;1439.933;41.0;4;-33.476;-70.74;55.349;63.812;18.797;13.27;14.58;26.677;14.876;El Conquistador;El Conquistador;El Conquistador;False;False
105c;39;762.029;1066.841;70.887;330.0;1275.0;7.0;2;-33.541;-70.706;5.927;6.679;24.814;17.448;7.374;24.731;6.904;Santa Rosa;Santa Rosa;Santa Rosa;False;False
106;208;8001.987;11202.782;159.624;330.0;1439.933;42.0;4;-33.519;-70.679;62.238;71.836;26.028;20.588;14.691;22.497;14.779;Los Espinos;Los Espinos;Los Espinos;False;False
107;316;11590.689;16226.964;125.45;0.0;1439.933;46.0;4;-33.447;-70.589;90.15;97.778;16.191;15.893;15.0;10.66;15.892;La Reina;La Reina;La Reina;False;False
107c;43;455.319;637.446;45.779;390.0;1229.933;9.0;3;-33.399;-70.659;3.541;4.474;7.325;6.663;18.381;15.958;19.75;Vespucio Norte;El Conquistador;El Conquistador;True;False
108;219;7259.313;10163.038;127.965;60.0;1439.933;36.0;4;-33.519;-70.679;56.461;64.689;26.028;20.588;14.691;22.497;14.779;Los Espinos;Los Espinos;Los Espinos;False;False
109;227;7235.058;10129.081;120.071;330.0;1439.933;35.0;4;-33.459;-70.781;56.273;63.626;18.349;13.506;20.189;30.485;20.792;El Conquistador;El Conquistador;El Conquistador;False;False
109N;22;498.192;697.469;52.086;0.0;300.0;4.0;4;-33.48;-70.718;3.875;4.721;18.708;13.604;15.018;22.56;15.752;El Conquistador;El Conquistador;El Conquistador;False;False
110;203;4814.188;6739.863;96.542;0.0;1425.0;27.0;4;-33.459;-70.724;37.444;40.841;13.935;8.088;14.352;23.511;15.14;El Conquistador;El Conquistador;El Conquistador;False;False
110c;174;3439.429;4815.201;82.793;330.0;1319.95;26.0;4;-33.419;-70.758;26.751;30.785;13.116;9.974;20.193;27.432;21.189;El Conquistador;El Conquistador;El Conquistador;False;False
111;195;4915.756;6882.059;97.707;60.0;1410.0;25.0;3;-33.507;-70.746;38.234;43.556;21.245;13.685;14.109;27.231;14.471;Los Espinos;El Conquistador;El Conquistador;True;False
113;180;4459.682;6243.554;86.241;330.0;1420.0;22.0;4;-33.501;-70.719;34.686;39.299;20.263;13.969;13.478;23.838;13.996;Los Espinos;Los Espinos;Los Espinos;False;False
113c;47;849.247;1188.946;61.233;330.0;1216.667;16.0;4;-33.519;-70.735;6.605;9.584;22.741;15.388;11.967;26.288;12.324;Los Espinos;Los Espinos;Los Espinos;False;False
113e;43;1195.929;1674.3;71.994;330.0;1297.5;9.0;3;-33.502;-70.719;9.302;11.179;20.319;13.973;13.408;23.885;13.925;Los Espinos;Los Espinos;Los Espinos;False;False
114;185;3621.662;5070.326;76.937;60.0;1416.0;22.0;4;-33.525;-70.576;28.168;32.7;25.609;21.68;13.242;15.221;13.462;Los Espinos;Los Espinos;Los Espinos;False;False
115;196;4244.798;5942.717;72.155;330.0;1439.933;19.0;4;-33.496;-70.71;33.015;36.627;19.187;12.876;12.222;22.533;12.778;Los Espinos;Los Espinos;Los Espinos;False;False
115c;32;876.38;1226.932;90.691;330.0;1229.933;7.0;2;-33.546;-70.76;6.816;8.286;27.094;19.521;13.82;30.645;13.502;Santa Rosa;Santa Rosa;Santa Rosa;False;False
116;95;2349.274;3288.984;110.008;330.0;1420.0;13.0;1;-33.381;-70.637;18.272;19.376;5.459;9.484;20.054;14.437;21.487;Vespucio Norte;Vespucio Norte;Vespucio Norte;False;False
117;215;5799.758;8119.662;109.682;60.0;1439.933;31.0;3;-33.443;-70.605;45.109;51.21;14.098;14.547;15.41;12.651;16.318;La Reina;La Reina;La Reina;False;False
117c;42;762.31;1067.234;65.458;330.0;1290.0;7.0;2;-33.378;-70.638;5.929;6.491;5.163;9.608;20.486;14.855;21.92;Vespucio Norte;Vespucio Norte;Vespucio Norte;False;False
118;198;6235.897;8730.256;120.206;330.0;1420.0;33.0;4;-33.529;-70.67;48.501;56.085;27.254;21.852;14.801;22.266;14.774;Santa Rosa;Santa Rosa;Santa Rosa;False;False
119;266;5095.448;7133.627;72.912;0.0;1439.933;28.0;4;-33.484;-70.674;39.631;43.725;16.854;11.493;9.399;18.413;9.951;Los Espinos;Los Espinos;Los Espinos;False;False
120;196;4284.83;5998.761;86.763;0.0;1420.0;20.0;4;-33.47;-70.698;33.326;36.712;15.896;10.881;11.262;22.108;11.414;El Conquistador;El Conquistador;El Conquistador;False;False
121;203;3761.683;5266.356;75.823;330.0;1420.0;23.0;4;-33.484;-70.674;29.258;32.62;16.854;11.493;9.399;18.413;9.951;Los Espinos;Los Espinos;Los Espinos;False;False
124;206;5290.464;7406.649;100.522;60.0;1439.933;24.0;4;-33.564;-70.603;41.148;45.443;29.732;24.513;11.848;19.697;11.505;Santa Rosa;Santa Rosa;Santa Rosa;False;False
125;177;2953.491;4134.887;63.997;60.0;1410.0;15.0;4;-33.49;-70.675;22.972;25.032;17.656;11.928;8.832;18.51;9.364;Los Espinos;Los Espinos;Los Espinos;False;False
126;89;2802.395;3923.353;135.669;330.0;1305.0;16.0;2;-33.515;-70.548;21.796;24.5;26.266;22.895;12.33;10.864;12.492;La Reina;La Reina;La Reina;False;False
201;285;9468.687;13256.162;134.116;0.0;1426.667;41.0;4;-33.481;-70.688;73.645;84.463;16.961;17.083;17.686;24.892;17.753;Los Espinos;Vespucio Norte;Vespucio Norte;True;False
201e;281;6185.551;8659.772;59.791;330.0;1425.0;29.0;4;-33.519;-70.677;48.11;53.57;21.532;15.607;12.104;21.938;12.178;Los Espinos;Los Espinos;Los Espinos;False;False
203;225;6273.608;8783.051;111.979;330.0;1439.933;33.0;4;-33.484;-70.651;48.795;56.412;18.144;16.774;14.839;20.202;14.848;Los Espinos;Los Espinos;Los Espinos;False;False
203N;26;963.207;1348.489;89.873;0.0;303.0;9.0;4;-33.483;-70.629;7.492;9.954;20.092;19.789;17.591;20.791;17.609;Los Espinos;Los Espinos;Los Espinos;False;False
203c;109;2271.892;3180.649;67.172;330.0;1302.0;14.0;2;-33.586;-70.662;17.67;19.46;31.158;24.328;9.638;25.687;8.22;Santa Rosa;Santa Rosa;Santa Rosa;False;False
203e;140;3052.343;4273.28;70.112;330.0;1319.95;25.0;4;-33.51;-70.655;23.74;28.014;20.582;15.458;10.988;19.393;10.998;Los Espinos;Los Espinos;Los Espinos;False;False
204;316;7904.51;11066.313;88.615;330.0;1426.667;35.0;3;-33.523;-70.6;61.48;69.005;24.022;19.472;13.822;18.168;14.037;Los Espinos;Los Espinos;Los Espinos;False;False
204N;26;710.222;994.311;67.67;0.0;329.867;7.0;3;-33.523;-70.6;5.524;7.029;24.021;19.471;13.821;18.167;14.036;Los Espinos;Los Espinos;Los Espinos;False;False
205;215;5303.905;7425.467;94.504;0.0;1420.0;28.0;3;-33.528;-70.61;41.253;47.147;24.203;19.427;13.532;18.952;13.668;Santa Rosa;Los Espinos;Los Espinos;True;False
206;275;5816.727;8143.417;77.51;0.0;1439.933;28.0;4;-33.51;-70.655;45.241;50.027;20.58;15.456;10.987;19.392;10.997;Los Espinos;Los Espinos;Los Espinos;False;False
206c;86;1388.772;1944.281;55.265;330.0;1302.0;14.0;4;-33.532;-70.652;10.802;12.516;23.685;17.622;7.87;19.576;7.873;Santa Rosa;Los Espinos;Los Espinos;True;False
207;296;7448.404;10427.765;81.886;0.0;1426.667;25.0;4;-33.534;-70.639;57.932;63.634;24.232;19.242;14.661;21.705;14.672;Santa Rosa;Los Espinos;Los Espinos;True;False
207c;55;1427.874;1999.023;70.671;330.0;1302.0;15.0;2;-33.636;-70.628;11.106;14.705;38.702;32.204;16.841;30.042;15.425;Santa Rosa;Santa Rosa;Santa Rosa;False;False
207e;107;2574.8;3604.72;74.779;390.0;1410.0;21.0;4;-33.534;-70.64;20.026;24.8;24.188;19.185;14.614;21.734;14.622;Santa Rosa;Los Espinos;Los Espinos;True;False
208;169;3298.023;4617.232;86.762;330.0;1426.667;18.0;2;-33.362;-70.632;25.651;27.304;5.904;11.662;22.753;15.733;24.184;Vespucio Norte;Vespucio Norte;Vespucio Norte;False;False
208c;156;1259.99;1763.986;33.67;330.0;1439.933;10.0;2;-33.362;-70.632;9.8;10.718;5.904;11.662;22.753;15.733;24.184;Vespucio Norte;Vespucio Norte;Vespucio Norte;False;False
209;234;6008.875;8412.425;81.921;0.0;1425.0;24.0;3;-33.54;-70.636;46.736;51.945;25.054;19.827;13.954;21.378;13.966;Santa Rosa;Los Espinos;Los Espinos;True;False
209c;62;1952.464;2733.449;76.922;330.0;1416.0;14.0;2;-33.634;-70.621;15.186;18.532;38.596;32.193;16.766;29.547;15.367;Santa Rosa;Santa Rosa;Santa Rosa;False;False
210;369;10274.284;14383.998;110.615;0.0;1428.0;52.0;4;-33.538;-70.635;79.911;90.407;25.264;18.833;12.976;22.084;13.006;Santa Rosa;Los Espinos;Los Espinos;True;False
210e;39;1095.877;1534.228;92.207;330.0;1218.0;11.0;4;-33.535;-70.635;8.523;10.755;24.86;18.433;13.043;21.903;13.085;Santa Rosa;Los Espinos;Los Espinos;True;False
210v;226;6587.012;9221.817;106.06;0.0;1439.933;28.0;4;-33.533;-70.625;51.232;56.996;25.116;18.9;13.232;21.293;13.341;Santa Rosa;Los Espinos;Los Espinos;True;False
211;222;5379.711;7531.596;86.179;60.0;1425.0;26.0;3;-33.576;-70.65;41.842;47.019;31.055;25.241;13.246;23.611;12.799;Santa Rosa;Santa Rosa;Santa Rosa;False;False
211c;352;4826.147;6756.606;47.718;330.0;1428.0;22.0;3;-33.581;-70.682;37.537;40.389;30.354;23.366;9.534;26.581;8.334;Santa Rosa;Santa Rosa;Santa Rosa;False;False
212;317;9080.503;12712.704;113.09;0.0;1426.667;48.0;4;-33.502;-70.633;70.626;79.959;21.146;17.788;12.532;17.004;12.499;Los Espinos;Santa Rosa;Santa Rosa;True;False
213e;198;5365.072;7511.101;88.302;60.0;1425.0;20.0;4;-33.532;-70.621;41.728;46.162;24.544;19.992;14.25;19.928;14.291;Santa Rosa;Los Espinos;Los Espinos;True;False
214;218;5898.104;8257.346;120.303;330.0;1439.933;34.0;4;-33.442;-70.679;45.874;52.015;11.611;11.871;13.276;20.433;14.054;El Conquistador;Vespucio Norte;Vespucio Norte;True;False
216;319;9518.252;13325.553;90.55;0.0;1425.0;49.0;4;-33.489;-70.616;74.031;85.433;22.258;20.106;15.027;16.629;14.959;Los Espinos;Santa Rosa;Santa Rosa;True;False
217e;40;1032.495;1445.493;62.192;330.0;1210.0;9.0;3;-33.526;-70.684;8.031;9.936;22.718;16.743;13.614;23.444;13.699;Santa Rosa;Los Espinos;Los Espinos;True;False
219e;88;2798.202;3917.483;63.337;330.0;1302.0;18.0;4;-33.464;-70.64;21.764;24.898;16.214;14.312;11.194;16.17;11.358;Los Espinos;Los Espinos;Los Espinos;False;False
223;246;4138.284;5793.598;76.516;0.0;1425.0;28.0;4;-33.489;-70.679;32.187;35.914;17.444;11.397;8.558;18.767;9.162;Los Espinos;Los Espinos;Los Espinos;False;False
224;215;4315.498;6041.697;82.226;330.0;1425.0;25.0;4;-33.521;-70.598;33.565;38.09;24.159;20.118;11.637;14.985;11.672;Los Espinos;Los Espinos;Los Espinos;False;False
225;218;7141.716;9998.403;125.578;0.0;1439.933;36.0;4;-33.486;-70.576;55.547;63.669;24.068;22.461;16.389;14.504;16.391;La Reina;La Reina;La Reina;False;False
225c;35;710.279;994.391;78.876;390.0;1319.933;9.0;2;-33.581;-70.606;5.524;6.798;31.673;25.825;10.298;21.837;9.096;Santa Rosa;Santa Rosa;Santa Rosa;False;False
226;240;6804.846;9526.785;122.814;0.0;1439.933;41.0;4;-33.519;-70.602;52.927;62.17;23.346;19.084;14.493;18.356;14.706;Los Espinos;Los Espinos;Los Espinos;False;False
227;191;5270.509;7378.712;103.915;330.0;1439.933;24.0;3;-33.485;-70.626;40.993;45.095;20.496;16.149;10.987;12.691;11.642;Los Espinos;Los Espinos;Los Espinos;False;False
228;313;4254.304;5956.026;54.903;330.0;1439.933;29.0;2;-33.566;-70.681;33.089;35.987;28.237;21.251;7.582;24.869;6.425;Santa Rosa;Santa Rosa;Santa Rosa;False;False
229;208;4016.689;5623.364;75.633;330.0;1410.0;23.0;4;-33.516;-70.659;31.241;34.868;21.259;15.48;10.139;19.788;10.148;Los Espinos;Los Espinos;Los Espinos;False;False
230;105;2796.954;3915.735;105.831;0.0;1439.933;12.0;2;-33.363;-70.682;21.754;21.948;1.041;8.505;22.904;20.378;24.322;Vespucio Norte;Vespucio Norte;Vespucio Norte;False;False
233;102;3218.149;4505.408;121.385;330.0;1410.0;18.0;2;-33.595;-70.607;25.03;28.019;33.513;27.534;11.952;23.719;10.673;Santa Rosa;Santa Rosa;Santa Rosa;False;False
234;186;3604.031;5045.644;68.18;60.0;1439.933;19.0;3;-33.516;-70.621;28.031;31.418;22.169;17.322;11.457;17.638;11.588;Los Espinos;Los Espinos;Los Espinos;False;False
244;61;1223.683;1713.156;78.505;330.0;1400.0;7.0;2;-33.583;-70.597;9.518;10.602;32.249;26.55;11.105;21.737;9.96;Santa Rosa;Santa Rosa;Santa Rosa;False;False
245;123;4216.927;5903.698;119.093;330.0;1410.0;29.0;2;-33.604;-70.556;32.798;39.812;36.787;31.63;16.56;23.602;15.547;Santa Rosa;Santa Rosa;Santa Rosa;False;False
246;81;950.375;1330.526;47.967;330.0;1420.0;5.0;2;-33.579;-70.614;7.392;8.038;31.096;25.127;9.556;21.866;8.307;Santa Rosa;Santa Rosa;Santa Rosa;False;False
262N;23;543.588;761.023;49.485;0.0;300.0;5.0;3;-33.566;-70.645;4.228;5.103;29.601;23.82;11.704;22.102;11.257;Santa Rosa;Santa Rosa;Santa Rosa;False;False
264N;24;891.922;1248.691;87.798;0.0;300.0;8.0;4;-33.462;-70.643;6.937;8.835;15.252;16.157;15.708;19.941;15.909;Los Espinos;Vespucio Norte;Vespucio Norte;True;False
271;191;4561.047;6385.466;98.557;330.0;1410.0;28.0;3;-33.517;-70.675;35.475;41.002;21.163;15.349;12.69;22.156;12.732;Los Espinos;Los Espinos;Los Espinos;False;False
272;109;2737.164;3832.029;96.578;330.0;1425.0;15.0;2;-33.363;-70.682;21.289;21.532;1.041;8.505;22.904;20.378;24.322;Vespucio Norte;Vespucio Norte;Vespucio Norte;False;False
282;28;632.927;886.098;65.721;0.0;1380.0;4.0;4;-33.612;-70.642;4.923;5.812;35.978;29.54;15.503;28.486;14.299;Santa Rosa;Santa Rosa;Santa Rosa;False;False
286;212;6854.254;9595.956;107.071;0.0;1425.0;30.0;4;-33.493;-70.576;53.311;60.715;25.34;23.724;17.661;15.866;17.613;La Reina;La Reina;La Reina;False;False
301;484;12725.123;17815.172;113.676;0.0;1439.933;61.0;4;-33.504;-70.681;98.973;112.771;19.34;14.764;14.541;23.186;14.575;Los Espinos;Los Espinos;Los Espinos;False;False
301c;261;2110.328;2954.459;34.721;60.0;1425.0;15.0;3;-33.57;-70.674;16.414;17.955;28.817;21.898;7.814;24.846;6.604;Santa Rosa;Santa Rosa;Santa Rosa;False;False
302;210;4826.083;6756.517;83.781;60.0;1425.0;24.0;4;-33.512;-70.658;37.536;41.537;20.598;14.948;10.717;19.878;10.717;Los Espinos;Santa Rosa;Santa Rosa;True;False
302N;22;516.276;722.786;53.231;0.0;300.0;4.0;3;-33.514;-70.652;4.015;4.657;21.191;15.807;10.31;19.108;10.312;Los Espinos;Los Espinos;Santa Rosa;False;True
303;267;5231.234;7323.728;70.514;0.0;1439.933;30.0;3;-33.404;-70.694;40.687;44.747;9.754;8.699;18.323;19.514;19.667;El Conquistador;El Conquistador;El Conquistador;False;False
306;229;5502.141;7702.997;95.362;330.0;1439.933;30.0;4;-33.466;-70.69;42.794;47.09;13.889;9.204;11.474;20.176;12.18;El Conquistador;El Conquistador;El Conquistador;False;False
307;137;5729.603;8021.445;158.899;60.0;1425.0;31.0;2;-33.364;-70.765;44.564;49.532;10.303;11.272;26.409;29.297;27.642;Vespucio Norte;Vespucio Norte;Vespucio Norte;False;False
307c;239;2087.187;2922.061;33.504;330.0;1439.933;18.0;4;-33.365;-70.729;16.234;17.904;5.966;9.591;24.609;25.294;25.927;Vespucio Norte;Vespucio Norte;Vespucio Norte;False;False
307e;105;2025.907;2836.27;61.354;60.0;1305.0;17.0;4;-33.401;-70.695;15.757;18.126;9.718;8.957;18.574;19.987;19.936;El Conquistador;El Conquistador;El Conquistador;False;False
308;232;4246.483;5945.076;70.6;60.0;1439.933;25.0;4;-33.398;-70.709;33.028;36.385;9.95;8.631;19.48;21.476;20.815;El Conquistador;El Conquistador;El Conquistador;False;False
308c;107;1026.792;1437.509;42.534;330.0;1400.0;12.0;2;-33.364;-70.765;7.986;9.909;10.303;11.272;26.409;29.297;27.642;Vespucio Norte;Vespucio Norte;Vespucio Norte;False;False
313e;78;1757.532;2460.544;57.71;330.0;1297.5;15.0;4;-33.399;-70.709;13.67;15.447;9.173;7.618;18.837;21.975;20.183;El Conquistador;El Conquistador;El Conquistador;False;False
314;109;4383.588;6137.023;149.356;60.0;1439.933;22.0;2;-33.364;-70.765;34.095;37.621;10.303;11.272;26.409;29.297;27.642;Vespucio Norte;Vespucio Norte;Vespucio Norte;False;False
314c;52;517.742;724.839;53.729;330.0;1229.933;9.0;2;-33.364;-70.765;4.027;5.469;10.303;11.272;26.409;29.297;27.642;Vespucio Norte;Vespucio Norte;Vespucio Norte;False;False
315e;309;6983.764;9777.27;67.782;60.0;1439.933;38.0;6;-33.402;-70.7;54.318;59.768;10.325;9.219;18.733;20.5;20.079;El Conquistador;El Conquistador;El Conquistador;False;False
320;157;3117.98;4365.172;72.265;60.0;1420.0;15.0;3;-33.496;-70.599;24.251;26.434;20.989;16.517;9.356;12.54;10.155;Los Espinos;Los Espinos;Los Espinos;False;False
320c;37;260.885;365.24;31.665;330.0;1290.0;4.0;3;-33.517;-70.573;2.029;2.609;24.972;20.895;9.313;12.141;9.483;Los Espinos;Los Espinos;Los Espinos;False;False
321;154;1430.116;2002.162;29.43;330.0;1410.0;8.0;4;-33.521;-70.681;11.123;11.598;21.866;14.928;3.82;20.688;4.254;Los Espinos;Los Espinos;Los Espinos;False;False
322;192;1436.121;2010.57;28.909;330.0;1439.933;9.0;3;-33.528;-70.573;11.17;12.483;26.146;21.804;9.381;13.598;9.383;Santa Rosa;Los Espinos;Santa Rosa;True;True
323;183;1768.941;2476.517;34.77;330.0;1410.0;9.0;3;-33.528;-70.573;13.758;15.072;26.146;21.804;9.381;13.598;9.383;Santa Rosa;Los Espinos;Santa Rosa;True;True
325;165;3696.047;5174.466;92.305;0.0;1439.933;18.0;4;-33.518;-70.617;28.747;31.564;22.64;17.887;10.062;16.348;10.157;Los Espinos;Los Espinos;Los Espinos;False;False
329;187;3566.422;4992.991;66.26;330.0;1416.0;18.0;3;-33.517;-70.661;27.739;29.616;22.323;16.15;6.706;18.711;6.973;Los Espinos;Los Espinos;Los Espinos;False;False
345;165;2490.134;3486.188;60.504;330.0;1416.0;13.0;4;-33.483;-70.67;19.368;21.145;16.941;11.553;8.79;17.466;9.509;Los Espinos;Los Espinos;Los Espinos;False;False
346N;22;299.676;419.546;32.202;0.0;300.0;4.0;3;-33.484;-70.674;2.331;2.871;16.796;11.114;8.688;17.981;9.411;Los Espinos;Los Espinos;Los Espinos;False;False
348;184;3955.98;5538.372;74.89;330.0;1439.933;19.0;3;-33.513;-70.732;30.769;33.71;23.064;16.28;9.951;25.772;10.507;Los Espinos;Los Espinos;Los Espinos;False;False
385;175;4562.067;6386.893;100.703;60.0;1420.0;22.0;3;-33.496;-70.669;35.483;38.348;19.666;13.454;8.372;18.437;9.0;Los Espinos;Los Espinos;Los Espinos;False;False
401;255;9520.166;13328.233;155.968;0.0;1426.667;52.0;4;-33.474;-70.665;74.046;88.583;23.014;19.772;19.028;17.972;19.552;Los Espinos;La Reina;La Reina;True;False
401c;24;242.442;339.419;42.793;390.0;1230.0;4.0;4;-33.42;-70.556;1.886;2.157;16.613;17.43;18.614;4.36;19.756;La Reina;La Reina;La Reina;False;False
402;100;2978.662;4170.127;124.742;330.0;1439.933;17.0;2;-33.442;-70.79;23.167;26.163;16.833;11.326;20.316;30.205;21.145;El Conquistador;El Conquistador;El Conquistador;False;False
403;268;4577.043;6407.86;74.593;0.0;1420.0;25.0;4;-33.452;-70.595;35.599;39.113;16.378;13.482;14.071;9.035;15.161;La Reina;La Reina;La Reina;False;False
404;107;3507.035;4909.849;114.389;0.0;1439.933;15.0;2;-33.468;-70.76;27.277;29.626;17.146;10.068;15.24;26.906;15.989;El Conquistador;El Conquistador;El Conquistador;False;False
404c;59;425.542;595.758;25.178;330.0;1290.0;8.0;4;-33.463;-70.734;3.31;4.279;15.094;7.786;13.296;23.657;14.254;El Conquistador;El Conquistador;El Conquistador;False;False
405;282;10033.034;14046.248;153.792;0.0;1428.0;51.0;3;-33.447;-70.659;78.035;94.687;22.89;20.991;22.339;21.77;22.941;El Conquistador;El Conquistador;El Conquistador;False;False
405c;62;1895.762;2654.067;130.445;60.0;1290.0;18.0;1;-33.373;-70.518;14.745;17.53;19.617;23.022;26.452;9.949;27.611;La Reina;La Reina;La Reina;False;False
406;302;9429.907;13201.87;133.943;60.0;1439.933;54.0;3;-33.404;-70.65;73.344;87.254;17.506;16.56;23.285;19.581;24.319;Vespucio Norte;El Conquistador;El Conquistador;True;False
406c;49;1323.488;1852.883;102.612;390.0;1229.933;14.0;2;-33.413;-70.582;10.294;11.685;13.335;14.234;17.364;6.389;18.644;La Reina;La Reina;La Reina;False;False
407;313;9619.827;13467.758;129.247;0.0;1416.0;54.0;4;-33.427;-70.653;74.821;87.401;17.113;14.977;20.049;15.512;21.035;El Conquistador;El Conquistador;El Conquistador;False;False
408;255;4072.519;5701.527;48.72;0.0;1426.667;20.0;3;-33.43;-70.701;31.675;33.601;10.731;6.192;15.354;19.524;16.617;El Conquistador;El Conquistador;El Conquistador;False;False
408e;34;442.737;619.831;49.825;390.0;1218.0;8.0;3;-33.416;-70.703;3.444;4.279;9.78;6.714;17.053;20.045;18.361;El Conquistador;El Conquistador;El Conquistador;False;False
409;231;4606.859;6449.603;66.274;0.0;1420.0;23.0;3;-33.398;-70.572;35.831;40.426;16.077;16.218;20.938;12.842;22.216;La Reina;La Reina;La Reina;False;False
410;240;4224.337;5914.072;46.798;0.0;1439.933;16.0;4;-33.417;-70.675;32.856;34.746;10.054;7.594;16.749;16.684;18.044;El Conquistador;El Conquistador;El Conquistador;False;False
410e;20;325.236;455.331;48.049;330.0;540.0;7.0;2;-33.411;-70.684;2.53;3.497;10.535;8.882;18.015;17.886;19.294;El Conquistador;El Conquistador;El Conquistador;False;False
411;203;2987.943;4183.12;49.457;330.0;1439.933;15.0;3;-33.394;-70.555;23.24;25.749;16.795;18.221;21.776;10.755;23.025;La Reina;La Reina;La Reina;False;False
412;207;7825.862;10956.206;154.875;0.0;1439.933;37.0;4;-33.454;-70.661;60.868;70.251;19.683;16.302;18.241;17.03;19.024;El Conquistador;El Conquistador;El Conquistador;False;False
414e;50;1633.683;2287.156;70.479;330.0;1275.0;11.0;4;-33.394;-70.643;12.706;15.07;14.782;13.813;21.893;19.066;23.064;Vespucio Norte;El Conquistador;El Conquistador;True;False
415e;45;1121.448;1570.027;56.165;330.0;1290.0;9.0;4;-33.427;-70.655;8.722;10.242;13.665;10.857;16.989;14.909;18.135;El Conquistador;El Conquistador;El Conquistador;False;False
417e;36;1335.934;1870.307;75.273;330.0;1275.0;8.0;4;-33.465;-70.684;10.391;12.57;20.414;17.511;18.529;19.597;19.169;El Conquistador;El Conquistador;El Conquistador;False;False
418;215;8461.285;11845.799;150.557;0.0;1420.0;38.0;4;-33.475;-70.669;65.81;75.445;20.97;16.668;16.3;20.537;16.815;Los Espinos;Los Espinos;Los Espinos;False;False
419;175;4547.823;6366.952;91.093;60.0;1439.933;19.0;4;-33.48;-70.717;35.372;39.331;18.508;13.395;14.846;22.415;15.578;El Conquistador;El Conquistador;El Conquistador;False;False
420;41;993.694;1391.172;110.53;330.0;1290.0;12.0;2;-33.505;-70.563;7.729;9.546;24.008;20.576;10.744;9.737;11.123;La Reina;La Reina;La Reina;False;False
421;229;8717.218;12204.105;162.381;0.0;1426.667;45.0;4;-33.46;-70.654;67.801;82.074;23.748;21.255;21.404;20.39;21.947;El Conquistador;La Reina;La Reina;True;False
421c;27;323.351;452.692;49.243;390.0;1200.0;4.0;2;-33.399;-70.507;2.515;2.962;21.336;23.552;24.579;7.185;25.619;La Reina;La Reina;La Reina;False;False
422;211;7171.242;10039.739;144.772;330.0;1439.933;40.0;4;-33.458;-70.653;55.776;66.083;20.059;16.565;18.186;17.718;18.915;El Conquistador;El Conquistador;El Conquistador;False;False
422c;43;319.542;447.359;29.844;330.0;1290.0;4.0;4;-33.436;-70.749;2.485;2.906;12.989;6.76;17.027;25.258;18.086;El Conquistador;El Conquistador;El Conquistador;False;False
423;180;4422.219;6191.107;95.825;60.0;1425.0;23.0;4;-33.479;-70.717;34.395;39.159;18.422;13.315;14.837;22.372;15.577;El Conquistador;El Conquistador;El Conquistador;False;False
424;176;3215.962;4502.346;66.563;0.0;1420.0;17.0;4;-33.456;-70.705;25.013;27.308;14.309;8.679;13.123;20.091;14.212;El Conquistador;El Conquistador;El Conquistador;False;False
425;321;10881.77;15234.478;127.156;0.0;1439.933;61.0;3;-33.421;-70.669;84.636;97.9;14.832;13.978;18.288;18.053;19.343;El Conquistador;El Conquistador;El Conquistador;False;False
426;306;10433.877;14607.428;136.562;0.0;1425.0;51.0;5;-33.399;-70.645;81.152;95.225;18.556;17.739;24.346;21.071;25.361;Vespucio Norte;El Conquistador;El Conquistador;True;False
428;274;9823.598;13753.038;117.907;0.0;1426.667;45.0;6;-33.452;-70.678;76.406;85.342;12.937;12.766;12.975;20.912;13.138;El Conquistador;El Conquistador;El Conquistador;False;False
428e;105;3549.959;4969.942;83.169;330.0;1319.933;21.0;6;-33.452;-70.678;27.611;31.78;12.954;12.764;12.977;20.925;13.139;El Conquistador;El Conquistador;El Conquistador;False;False
429;213;7200.448;10080.628;127.479;60.0;1439.933;34.0;3;-33.428;-70.671;56.003;63.132;15.044;13.478;17.606;17.927;18.642;El Conquistador;El Conquistador;El Conquistador;False;False
429c;73;1552.549;2173.569;79.517;390.0;1275.0;20.0;3;-33.396;-70.681;12.075;15.356;10.546;10.681;20.167;18.108;21.456;Vespucio Norte;Vespucio Norte;Vespucio Norte;False;False
430;262;8771.438;12280.014;116.796;60.0;1425.0;46.0;3;-33.364;-70.633;68.222;79.087;15.184;17.379;27.094;20.508;28.3;Vespucio Norte;Vespucio Norte;Vespucio Norte;False;False
431c;45;750.374;1050.524;70.658;330.0;1229.9;10.0;4;-33.492;-70.748;5.836;7.791;19.813;12.565;14.06;26.323;14.695;El Conquistador;El Conquistador;El Conquistador;False;False
432N;22;814.104;1139.745;98.12;0.0;300.0;8.0;4;-33.494;-70.666;6.332;8.478;24.404;20.181;17.248;18.747;17.635;Los Espinos;Los Espinos;Los Espinos;False;False
435;201;5053.974;7075.564;71.268;330.0;1425.0;25.0;3;-33.382;-70.656;39.309;44.188;12.548;13.954;23.33;17.593;24.559;Vespucio Norte;Vespucio Norte;Vespucio Norte;False;False
444;143;3540.83;4957.163;79.893;330.0;1380.0;21.0;4;-33.476;-70.731;27.54;31.898;19.939;14.773;13.401;26.025;13.343;El Conquistador;Santa Rosa;Santa Rosa;True;False
445c;57;634.393;888.15;58.935;330.0;1290.0;9.0;4;-33.418;-70.616;4.934;6.475;12.203;11.006;15.712;11.257;17.075;La Reina;El Conquistador;El Conquistador;True;False
481;194;5085.322;7119.451;105.845;60.0;1410.0;27.0;4;-33.479;-70.717;39.553;45.134;18.395;13.288;14.832;22.358;15.574;El Conquistador;El Conquistador;El Conquistador;False;False
486;41;824.195;1153.872;66.58;330.0;1216.667;8.0;4;-33.432;-70.792;6.41;7.815;16.234;11.287;21.346;30.496;22.228;El Conquistador;El Conquistador;El Conquistador;False;False
501;294;3220.781;4509.093;49.441;330.0;1420.0;24.0;3;-33.435;-70.581;25.051;27.589;15.898;14.66;15.538;6.799;16.748;La Reina;La Reina;La Reina;False;False
502;267;8091.945;11328.723;120.917;0.0;1439.933;43.0;4;-33.396;-70.64;62.937;73.384;16.271;15.618;23.354;18.836;24.458;Vespucio Norte;El Conquistador;El Conquistador;True;False
502c;32;506.228;708.719;67.297;330.0;1290.0;8.0;4;-33.421;-70.695;3.937;5.012;11.531;8.633;17.095;18.984;18.335;El Conquistador;El Conquistador;El Conquistador;False;False
503;324;9327.643;13058.7;120.531;0.0;1439.933;55.0;4;-33.435;-70.652;72.548;85.48;17.735;15.115;19.211;15.342;20.153;El Conquistador;El Conquistador;El Conquistador;False;False
504;211;6687.758;9362.861;126.208;330.0;1420.0;35.0;4;-33.43;-70.652;52.016;60.149;17.289;14.939;19.678;15.378;20.65;El Conquistador;El Conquistador;El Conquistador;False;False
505;282;10050.69;14070.966;148.465;60.0;1439.933;54.0;4;-33.447;-70.641;78.172;89.861;17.359;13.915;17.193;14.869;18.092;El Conquistador;El Conquistador;El Conquistador;False;False
505c;10;308.111;431.355;123.377;330.0;525.0;7.0;2;-33.468;-70.531;2.396;2.852;22.891;21.592;16.248;4.182;16.957;La Reina;La Reina;La Reina;False;False
506;284;10497.696;14696.774;129.535;0.0;1439.933;45.0;4;-33.5;-70.66;81.649;93.493;25.194;20.725;16.92;19.577;17.225;Los Espinos;Los Espinos;Los Espinos;False;False
506e;80;2637.183;3692.056;109.889;330.0;1302.0;21.0;4;-33.512;-70.658;20.511;25.994;26.426;21.883;16.783;19.863;16.954;Los Espinos;Los Espinos;Los Espinos;False;False
506v;230;7973.721;11163.209;132.937;330.0;1439.933;40.0;4;-33.513;-70.643;62.018;71.321;25.754;21.132;14.952;18.287;15.076;Los Espinos;Los Espinos;Los Espinos;False;False
507;261;8298.607;11618.05;124.521;0.0;1420.0;46.0;4;-33.458;-70.653;64.545;76.398;20.059;16.565;18.186;17.718;18.915;El Conquistador;El Conquistador;El Conquistador;False;False
507c;107;1541.35;2157.89;55.714;330.0;1297.5;15.0;4;-33.471;-70.59;11.988;14.396;19.012;15.421;12.425;10.319;13.416;La Reina;La Reina;La Reina;False;False
508;283;9417.494;13184.492;135.48;0.0;1416.0;55.0;4;-33.473;-70.668;73.247;86.812;20.411;16.046;15.854;19.859;16.424;Los Espinos;Los Espinos;Los Espinos;False;False
509;172;4232.415;5925.382;93.682;60.0;1416.0;21.0;4;-33.489;-70.722;32.919;37.308;18.998;13.436;14.924;23.753;15.528;Los Espinos;El Conquistador;El Conquistador;True;False
510;195;5814.097;8139.736;122.483;330.0;1420.0;30.0;3;-33.475;-70.643;45.221;52.582;21.052;16.667;15.774;16.657;16.414;Los Espinos;Los Espinos;Los Espinos;False;False
511;188;6532.295;9145.213;144.738;0.0;1439.933;33.0;4;-33.451;-70.644;50.807;58.744;18.709;15.462;18.05;16.779;18.849;El Conquistador;El Conquistador;El Conquistador;False;False
513;248;7715.616;10801.863;128.487;0.0;1439.933;39.0;4;-33.447;-70.641;60.01;68.406;17.283;13.839;17.148;14.818;18.051;El Conquistador;El Conquistador;El Conquistador;False;False
514;216;7959.879;11143.83;147.073;330.0;1439.933;40.0;4;-33.474;-70.663;61.91;71.646;20.106;15.646;15.527;19.346;16.11;Los Espinos;Los Espinos;El Conquistador;False;True
514c;37;635.654;889.915;84.407;330.0;1297.5;10.0;4;-33.473;-70.59;4.944;6.572;18.427;15.637;12.174;10.465;12.988;La Reina;La Reina;La Reina;False;False
516;376;10813.629;15139.081;119.562;0.0;1439.933;58.0;3;-33.475;-70.643;84.106;98.338;21.052;16.667;15.774;16.657;16.414;Los Espinos;Los Espinos;Los Espinos;False;False
517;142;4047.013;5665.819;128.548;330.0;1380.0;29.0;4;-33.448;-70.641;31.477;37.674;17.272;13.738;16.977;14.638;17.885;El Conquistador;El Conquistador;El Conquistador;False;False
518;261;6631.302;9283.823;111.307;0.0;1439.933;42.0;4;-33.424;-70.648;51.577;60.832;16.241;14.166;19.737;14.746;20.764;El Conquistador;El Conquistador;El Conquistador;False;False
519;196;4230.378;5922.529;86.819;330.0;1380.0;25.0;4;-33.469;-70.62;32.903;38.274;19.009;14.373;14.137;13.811;14.967;Los Espinos;La Reina;La Reina;True;False
541N;22;693.286;970.601;77.003;0.0;300.0;6.0;4;-33.43;-70.656;5.392;6.824;17.629;15.341;19.973;15.782;20.93;El Conquistador;El Conquistador;El Conquistador;False;False
542;120;3634.023;5087.633;106.439;330.0;1319.95;18.0;4;-33.396;-70.64;28.265;32.635;16.266;15.607;23.342;18.825;24.446;Vespucio Norte;El Conquistador;El Conquistador;True;False
546e;23;909.332;1273.065;127.825;330.0;1229.933;8.0;4;-33.467;-70.655;7.073;9.339;21.59;19.201;18.212;19.149;18.66;Los Espinos;Los Espinos;Los Espinos;False;False
555;188;2488.018;3483.226;28.943;330.0;1410.0;9.0;3;-33.435;-70.757;19.351;20.584;14.41;8.803;17.796;26.378;18.834;El Conquistador;El Conquistador;El Conquistador;False;False
712;247;10335.788;14470.103;147.488;0.0;1425.0;41.0;6;-33.497;-70.559;80.389;91.504;24.682;23.915;20.236;17.428;20.495;La Reina;La Reina;La Reina;False;False
722;214;4937.284;6912.197;76.388;0.0;1416.0;21.0;4;-33.392;-70.603;38.401;41.942;10.84;14.989;21.687;11.319;22.902;Vespucio Norte;Vespucio Norte;Vespucio Norte;False;False
B01;87;1878.236;2629.53;90.373;0.0;1439.933;11.0;2;-33.386;-70.697;14.609;15.136;3.082;4.885;20.057;20.458;21.44;Vespucio Norte;Vespucio Norte;Vespucio Norte;False;False
B02;78;2275.881;3186.234;135.626;330.0;1380.0;12.0;2;-33.375;-70.646;17.701;18.47;4.121;9.126;20.817;15.872;22.254;Vespucio Norte;Vespucio Norte;Vespucio Norte;False;False
B02N;15;458.261;641.566;87.943;0.0;1410.0;4.0;2;-33.375;-70.646;3.564;3.821;4.121;9.126;20.817;15.872;22.254;Vespucio Norte;Vespucio Norte;Vespucio Norte;False;False
B03;117;4264.939;5970.914;157.483;60.0;1410.0;23.0;2;-33.41;-70.774;33.172;36.424;12.777;9.09;21.784;28.622;22.847;El Conquistador;El Conquistador;El Conquistador;False;False
B04;90;1990.401;2786.562;93.475;60.0;1420.0;10.0;4;-33.365;-70.692;15.481;15.735;1.634;7.9;22.802;21.295;24.205;Vespucio Norte;Vespucio Norte;Vespucio Norte;False;False
B05;180;2503.206;3504.488;48.005;330.0;1400.0;13.0;4;-33.378;-70.658;19.469;20.392;4.563;9.023;20.772;16.75;22.182;Vespucio Norte;Vespucio Norte;Vespucio Norte;False;False
B06;186;3067.353;4294.294;67.264;60.0;1416.0;17.0;4;-33.377;-70.701;23.857;25.824;7.437;9.447;22.371;21.487;23.715;Vespucio Norte;Vespucio Norte;Vespucio Norte;False;False
B07;94;1494.974;2092.964;44.012;330.0;1400.0;8.0;3;-33.365;-70.692;11.628;11.823;1.568;7.915;22.79;21.232;24.194;Vespucio Norte;Vespucio Norte;Vespucio Norte;False;False
B08;194;2793.341;3910.678;52.372;0.0;1439.933;16.0;4;-33.358;-70.719;21.726;23.232;6.049;10.457;25.209;24.766;26.546;Vespucio Norte;Vespucio Norte;Vespucio Norte;False;False
B09;64;1794.638;2512.494;85.014;60.0;1400.0;8.0;2;-33.377;-70.765;13.958;15.204;10.273;10.01;24.847;28.629;26.053;El Conquistador;El Conquistador;El Conquistador;False;False
B10;85;1774.581;2484.414;93.409;330.0;1420.0;11.0;2;-33.358;-70.676;13.802;14.113;1.815;9.392;23.544;20.283;24.968;Vespucio Norte;Vespucio Norte;Vespucio Norte;False;False
B11;163;2925.778;4096.089;67.832;60.0;1400.0;15.0;4;-33.382;-70.695;22.756;24.743;8.516;9.813;21.65;20.445;22.989;Vespucio Norte;Vespucio Norte;Vespucio Norte;False;False
B12;177;3946.267;5524.774;82.854;60.0;1420.0;20.0;3;-33.377;-70.701;30.693;33.035;7.527;9.499;22.38;21.5;23.723;Vespucio Norte;Vespucio Norte;Vespucio Norte;False;False
B12c;87;1033.368;1446.715;43.953;330.0;1229.9;12.0;4;-33.344;-70.733;8.037;9.595;8.343;12.218;27.43;27.298;28.755;Vespucio Norte;Vespucio Norte;Vespucio Norte;False;False
B13;139;3088.816;4324.343;79.827;330.0;1439.933;21.0;2;-33.334;-70.776;24.024;28.153;12.639;15.352;30.723;32.259;31.981;Vespucio Norte;Vespucio Norte;Vespucio Norte;False;False
B14;92;2242.627;3139.678;97.288;60.0;1400.0;11.0;2;-33.385;-70.63;17.443;18.542;6.424;9.844;19.52;13.419;20.946;Vespucio Norte;Vespucio Norte;Vespucio Norte;False;False
B15;83;2096.869;2935.617;100.868;60.0;1400.0;11.0;2;-33.392;-70.625;16.309;17.577;7.412;9.904;18.583;12.322;20.002;Vespucio Norte;Vespucio Norte;Vespucio Norte;False;False
B16;224;1881.822;2634.551;32.451;60.0;1420.0;13.0;3;-33.367;-70.663;14.636;15.285;3.208;9.128;22.058;18.189;23.488;Vespucio Norte;Vespucio Norte;Vespucio Norte;False;False
B17;87;1752.854;2453.996;84.839;60.0;1420.0;9.0;2;-33.386;-70.697;13.633;14.065;3.082;4.885;20.057;20.458;21.44;Vespucio Norte;Vespucio Norte;Vespucio Norte;False;False
B18;179;2123.903;2973.464;38.446;0.0;1439.933;9.0;4;-33.379;-70.686;16.519;17.197;4.843;7.696;21.266;19.82;22.646;Vespucio Norte;Vespucio Norte;Vespucio Norte;False;False
B18e;152;1155.322;1617.451;18.278;60.0;1410.0;6.0;4;-33.371;-70.709;8.986;9.32;3.577;7.387;22.634;22.696;23.997;Vespucio Norte;Vespucio Norte;Vespucio Norte;False;False
B19;83;923.106;1292.349;38.4;60.0;1400.0;5.0;1;-33.38;-70.648;7.18;7.505;4.188;8.518;20.076;15.564;21.513;Vespucio Norte;Vespucio Norte;Vespucio Norte;False;False
B20;80;2785.519;3899.726;131.52;330.0;1400.0;13.0;2;-33.41;-70.774;21.665;23.503;12.777;9.09;21.784;28.622;22.847;El Conquistador;El Conquistador;El Conquistador;False;False
B21;168;3346.538;4685.154;77.757;60.0;1400.0;17.0;3;-33.384;-70.713;26.029;28.009;7.488;7.63;21.308;22.378;22.649;Vespucio Norte;Vespucio Norte;Vespucio Norte;False;False
B22;181;2713.803;3799.324;58.891;330.0;1420.0;15.0;3;-33.394;-70.635;21.107;22.629;6.522;8.697;18.22;13.253;19.648;Vespucio Norte;Vespucio Norte;Vespucio Norte;False;False
B24;86;2263.731;3169.223;113.362;330.0;1400.0;13.0;2;-33.386;-70.697;17.607;18.224;3.054;4.898;20.058;20.433;21.442;Vespucio Norte;Vespucio Norte;Vespucio Norte;False;False
B25;72;1127.933;1579.106;62.653;60.0;1420.0;6.0;1;-33.38;-70.648;8.773;9.164;4.188;8.518;20.076;15.564;21.513;Vespucio Norte;Vespucio Norte;Vespucio Norte;False;False
B26;111;3695.433;5173.606;135.551;60.0;1439.933;17.0;2;-33.365;-70.692;28.742;29.178;1.647;7.908;22.813;21.309;24.216;Vespucio Norte;Vespucio Norte;Vespucio Norte;False;False
B27;184;2466.59;3453.226;59.482;330.0;1416.0;14.0;3;-33.407;-70.636;19.185;20.865;7.718;8.895;16.472;12.926;17.891;Vespucio Norte;Vespucio Norte;Vespucio Norte;False;False
B28;85;2097.979;2937.17;95.292;330.0;1439.933;10.0;2;-33.386;-70.697;16.318;16.793;3.054;4.898;20.058;20.433;21.442;Vespucio Norte;Vespucio Norte;Vespucio Norte;False;False
B29;98;3611.232;5055.725;129.332;60.0;1400.0;17.0;2;-33.41;-70.774;28.087;30.491;12.777;9.09;21.784;28.622;22.847;El Conquistador;El Conquistador;El Conquistador;False;False
B30N;16;576.518;807.125;101.104;0.0;1416.0;5.0;2;-33.41;-70.774;4.484;5.191;12.777;9.09;21.784;28.622;22.847;El Conquistador;El Conquistador;El Conquistador;False;False
B31N;27;616.501;863.101;56.671;0.0;1400.0;4.0;4;-33.403;-70.703;4.795;5.358;10.401;9.043;18.665;20.828;20.008;El Conquistador;El Conquistador;El Conquistador;False;False
B32;55;693.383;970.736;39.534;330.0;1400.0;4.0;2;-33.377;-70.725;5.393;5.734;5.488;6.859;22.443;24.062;23.766;Vespucio Norte;Vespucio Norte;Vespucio Norte;False;False
B33;117;1990.035;2786.049;46.374;330.0;1400.0;13.0;4;-33.365;-70.692;15.478;15.798;1.583;7.912;22.793;21.247;24.197;Vespucio Norte;Vespucio Norte;Vespucio Norte;False;False
B35;33;683.448;956.827;63.973;390.0;1380.0;3.0;2;-33.365;-70.692;5.316;5.391;1.605;7.926;22.813;21.27;24.216;Vespucio Norte;Vespucio Norte;Vespucio Norte;False;False
B36;94;1369.433;1917.206;52.801;330.0;1416.0;6.0;2;-33.365;-70.692;10.651;10.803;1.625;7.924;22.818;21.289;24.221;Vespucio Norte;Vespucio Norte;Vespucio Norte;False;False
B37;37;721.813;1010.538;56.212;330.0;1380.0;4.0;2;-33.365;-70.692;5.614;5.712;1.576;7.916;22.794;21.24;24.198;Vespucio Norte;Vespucio Norte;Vespucio Norte;False;False
B38;33;920.868;1289.215;102.968;330.0;1290.0;4.0;2;-33.422;-70.765;7.162;7.652;12.681;7.865;19.821;27.308;20.87;El Conquistador;El Conquistador;El Conquistador;False;False
B41;93;1978.807;2770.33;76.875;330.0;1416.0;9.0;2;-33.364;-70.678;15.391;15.523;0.946;8.527;22.709;19.91;24.132;Vespucio Norte;Vespucio Norte;Vespucio Norte;False;False
B42;171;2346.086;3284.521;39.799;330.0;1400.0;13.0;4;-33.34;-70.727;18.247;19.695;7.158;12.441;27.676;26.78;29.036;Vespucio Norte;Vespucio Norte;Vespucio Norte;False;False
B43;166;2998.698;4198.177;62.418;0.0;1416.0;13.0;4;-33.372;-70.704;23.323;24.722;6.916;9.717;23.129;22.146;24.473;Vespucio Norte;Vespucio Norte;Vespucio Norte;False;False
B45;255;3249.26;4548.964;57.711;330.0;1420.0;28.0;4;-33.367;-70.758;25.272;29.365;9.396;10.329;25.556;28.3;26.804;Vespucio Norte;Vespucio Norte;Vespucio Norte;False;False
C01;268;5680.393;7952.55;79.314;0.0;1439.933;31.0;3;-33.393;-70.544;44.181;48.664;18.025;19.81;22.316;9.297;23.516;La Reina;La Reina;La Reina;False;False
C01c;279;3277.866;4589.012;46.874;330.0;1439.933;21.0;4;-33.389;-70.54;25.495;28.573;17.763;20.005;23.197;9.425;24.401;La Reina;La Reina;La Reina;False;False
C02;131;2290.228;3206.319;71.362;0.0;1439.933;11.0;2;-33.4;-70.506;17.813;19.008;21.4;23.535;24.411;6.986;25.444;La Reina;La Reina;La Reina;False;False
C02c;289;1384.795;1938.713;19.142;390.0;1302.0;11.0;4;-33.404;-70.526;10.771;11.768;19.294;21.17;22.469;5.831;23.559;La Reina;La Reina;La Reina;False;False
C03;106;3484.95;4878.93;145.735;0.0;1420.0;19.0;2;-33.427;-70.531;27.105;27.75;19.8;20.466;19.652;2.183;20.657;La Reina;La Reina;La Reina;False;False
C03c;66;460.676;644.946;35.667;390.0;1229.9;8.0;4;-33.403;-70.543;3.583;4.277;17.436;19.434;21.452;5.578;22.586;La Reina;La Reina;La Reina;False;False
C05;203;2834.94;3968.916;53.548;330.0;1400.0;17.0;3;-33.398;-70.543;22.05;24.362;18.039;19.653;21.863;8.746;23.051;La Reina;La Reina;La Reina;False;False
C06;209;3446.801;4825.521;65.662;330.0;1400.0;22.0;3;-33.408;-70.575;26.808;29.261;13.85;15.627;19.457;7.167;20.663;La Reina;La Reina;La Reina;False;False
C07;250;3059.458;4283.241;47.635;330.0;1410.0;18.0;5;-33.409;-70.593;23.796;26.058;12.191;13.47;17.535;8.08;18.845;La Reina;La Reina;La Reina;False;False
C09;101;3185.814;4460.139;116.773;60.0;1400.0;14.0;2;-33.332;-70.52;24.779;28.203;20.08;25.154;31.263;15.724;32.514;La Reina;La Reina;La Reina;False;False
C09c;50;606.929;849.7;49.432;330.0;1220.0;8.0;2;-33.4;-70.506;4.721;5.59;21.4;23.535;24.411;6.986;25.444;La Reina;La Reina;La Reina;False;False
C10e;185;3746.981;5245.774;35.997;330.0;1275.0;16.0;3;-33.37;-70.584;29.143;32.338;13.632;16.675;22.998;12.835;24.351;La Reina;La Reina;La Reina;False;False
C11;115;1750.213;2450.298;64.986;330.0;1410.0;11.0;2;-33.414;-70.585;13.613;14.733;13.145;13.948;17.131;6.548;18.419;La Reina;La Reina;La Reina;False;False
C13;81;2411.743;3376.441;115.484;330.0;1400.0;13.0;2;-33.425;-70.53;18.758;19.252;19.818;20.578;19.899;2.441;20.908;La Reina;La Reina;La Reina;False;False
C14;315;4740.242;6636.339;40.167;0.0;1416.0;19.0;3;-33.37;-70.562;36.869;40.222;15.573;18.817;24.087;11.347;25.381;La Reina;La Reina;La Reina;False;False
C15;100;1549.91;2169.875;64.435;330.0;1400.0;10.0;2;-33.414;-70.585;12.055;13.073;13.145;13.948;17.131;6.548;18.419;La Reina;La Reina;La Reina;False;False
C16;217;3559.927;4983.897;60.575;330.0;1416.0;17.0;4;-33.376;-70.524;27.688;30.206;20.136;23.143;25.998;9.522;27.133;La Reina;La Reina;La Reina;False;False
C17;88;914.302;1280.023;30.663;330.0;1400.0;6.0;4;-33.345;-70.527;7.111;8.431;18.881;23.622;29.392;14.137;30.632;La Reina;La Reina;La Reina;False;False
C18;226;4210.565;5894.791;55.36;330.0;1416.0;18.0;4;-33.405;-70.614;32.749;35.392;9.441;10.767;17.484;10.305;18.847;Vespucio Norte;Vespucio Norte;Vespucio Norte;False;False
C19;182;2550.467;3570.654;53.407;330.0;1400.0;13.0;4;-33.373;-70.556;19.837;22.068;16.139;19.105;23.905;11.031;25.183;La Reina;La Reina;La Reina;False;False
C20;189;959.4;1343.161;25.417;330.0;1420.0;7.0;2;-33.414;-70.585;7.462;8.175;13.145;13.948;17.131;6.548;18.419;La Reina;La Reina;La Reina;False;False
C22;141;1063.133;1488.386;24.373;330.0;1380.0;6.0;4;-33.396;-70.578;8.269;9.031;13.171;15.346;19.887;8.165;21.187;La Reina;La Reina;La Reina;False;False
C25;158;2291.293;3207.81;52.93;0.0;1420.0;12.0;4;-33.432;-70.519;17.821;18.856;21.99;22.478;20.424;5.542;21.309;La Reina;La Reina;La Reina;False;False
C26c;23;304.386;426.141;47.738;390.0;1215.0;4.0;2;-33.389;-70.62;2.367;2.852;7.791;10.665;19.166;12.087;20.578;Vespucio Norte;Vespucio Norte;Vespucio Norte;False;False
C27;98;1531.805;2144.527;57.707;330.0;1400.0;9.0;2;-33.399;-70.507;11.914;12.92;21.336;23.552;24.579;7.185;25.619;La Reina;La Reina;La Reina;False;False
C28;235;4756.487;6659.082;66.256;0.0;1425.0;22.0;4;-33.367;-70.575;36.995;41.098;14.39;17.821;23.784;11.989;25.106;La Reina;La Reina;La Reina;False;False
C30e;136;2554.983;3576.976;34.927;330.0;1275.0;12.0;3;-33.373;-70.569;19.872;22.227;15.335;17.935;23.37;12.617;24.692;La Reina;La Reina;La Reina;False;False
C33c;26;198.73;278.221;41.224;390.0;1215.0;4.0;2;-33.393;-70.599;1.546;2.155;10.367;12.842;19.282;9.789;20.648;La Reina;La Reina;La Reina;False;False
C37;82;1442.632;2019.685;60.634;390.0;1380.0;8.0;2;-33.4;-70.506;11.22;12.09;21.4;23.535;24.411;6.986;25.444;La Reina;La Reina;La Reina;False;False
D01;82;1787.223;2502.112;89.613;330.0;1439.933;10.0;2;-33.482;-70.524;13.901;14.892;24.813;23.073;16.169;6.376;16.707;La Reina;La Reina;La Reina;False;False
D02;183;3131.575;4384.205;65.572;330.0;1439.933;16.0;5;-33.468;-70.575;24.357;26.464;19.199;16.556;13.06;8.468;14.028;La Reina;La Reina;La Reina;False;False
D03;242;3661.732;5126.425;74.249;60.0;1426.667;22.0;3;-33.467;-70.59;28.48;31.98;18.52;15.063;12.929;10.228;13.92;La Reina;La Reina;La Reina;False;False
D03c;23;435.12;609.169;88.862;330.0;1229.933;7.0;2;-33.481;-70.524;3.384;4.062;24.725;23.033;16.253;6.224;16.802;La Reina;La Reina;La Reina;False;False
D05;232;3415.569;4781.797;63.834;60.0;1439.933;22.0;3;-33.491;-70.606;26.566;29.477;19.87;15.362;8.507;11.973;9.415;Los Espinos;Los Espinos;Los Espinos;False;False
D07;205;4228.937;5920.512;85.846;0.0;1439.933;21.0;4;-33.479;-70.587;32.892;36.228;20.216;16.58;11.272;10.214;12.266;La Reina;La Reina;La Reina;False;False
D07c;27;432.618;605.665;74.136;330.0;1200.0;8.0;2;-33.482;-70.524;3.365;4.158;24.813;23.073;16.169;6.376;16.707;La Reina;La Reina;La Reina;False;False
D08;113;2946.05;4124.47;102.947;60.0;1439.933;14.0;2;-33.481;-70.524;22.914;24.269;24.725;23.033;16.253;6.224;16.802;La Reina;La Reina;La Reina;False;False
D09;109;3215.657;4501.92;132.789;0.0;1420.0;19.0;2;-33.481;-70.524;25.011;26.85;24.725;23.033;16.253;6.224;16.802;La Reina;La Reina;La Reina;False;False
D10;182;4309.688;6033.564;98.992;330.0;1439.933;24.0;4;-33.484;-70.571;33.52;36.854;21.524;18.371;11.176;8.931;12.043;La Reina;La Reina;La Reina;False;False
D11;205;3072.945;4302.123;60.128;0.0;1439.933;16.0;4;-33.436;-70.535;23.901;25.565;20.582;21.048;19.349;6.687;20.226;La Reina;La Reina;La Reina;False;False
D13;168;2180.357;3052.499;43.889;330.0;1410.0;10.0;3;-33.487;-70.613;16.958;18.212;18.607;14.394;8.058;12.129;8.843;Los Espinos;Los Espinos;Los Espinos;False;False
D14;189;1966.457;2753.04;36.748;330.0;1439.933;10.0;3;-33.497;-70.596;15.295;16.431;21.039;16.909;7.306;10.675;8.06;Los Espinos;Los Espinos;Los Espinos;False;False
D15;97;2981.085;4173.519;120.437;330.0;1439.933;17.0;2;-33.481;-70.524;23.186;24.832;24.725;23.033;16.253;6.224;16.802;La Reina;La Reina;La Reina;False;False
D16;148;2298.457;3217.839;58.505;330.0;1439.933;11.0;3;-33.469;-70.574;17.877;19.191;19.26;17.248;12.758;7.678;13.568;La Reina;La Reina;La Reina;False;False
D17;95;2089.198;2924.878;70.367;60.0;1420.0;8.0;1;-33.488;-70.578;16.249;17.288;21.0;17.698;9.792;8.346;10.536;La Reina;La Reina;La Reina;False;False
D17v;55;1205.693;1687.971;66.577;390.0;1420.0;5.0;1;-33.488;-70.578;9.378;10.027;21.0;17.698;9.792;8.346;10.536;La Reina;La Reina;La Reina;False;False
D18;230;3894.854;5452.795;66.445;330.0;1439.933;21.0;4;-33.463;-70.576;30.293;33.069;18.548;16.156;13.689;8.498;14.666;La Reina;La Reina;La Reina;False;False
D20;37;764.546;1070.364;83.598;480.0;1080.0;6.0;2;-33.481;-70.524;5.946;6.527;24.725;23.033;16.253;6.224;16.802;La Reina;La Reina;La Reina;False;False
D26;64;1310.872;1835.221;75.189;60.0;1416.0;7.0;2;-33.505;-70.563;10.196;11.256;24.008;20.576;10.744;9.737;11.123;La Reina;La Reina;La Reina;False;False
E01;174;1972.256;2761.158;49.806;330.0;1439.933;13.0;4;-33.552;-70.599;15.34;16.769;28.211;22.803;7.967;18.162;7.068;Santa Rosa;Santa Rosa;Santa Rosa;False;False
E02;181;2944.058;4121.681;65.659;330.0;1410.0;16.0;3;-33.539;-70.614;22.898;24.511;25.934;20.28;6.479;17.946;6.619;Santa Rosa;Los Espinos;Los Espinos;True;False
E03;229;3341.35;4677.89;58.292;0.0;1439.933;19.0;5;-33.526;-70.604;25.988;28.043;24.953;19.746;6.95;16.033;7.317;Santa Rosa;Los Espinos;Los Espinos;True;False
E04;176;3122.769;4371.877;71.73;330.0;1439.933;18.0;3;-33.518;-70.607;24.288;26.838;23.198;18.051;9.106;15.847;9.512;Los Espinos;Los Espinos;Los Espinos;False;False
E05;191;2162.101;3026.941;45.835;330.0;1420.0;13.0;3;-33.529;-70.63;16.816;17.66;23.977;18.237;4.64;16.944;4.17;Santa Rosa;Santa Rosa;Santa Rosa;False;False
E07;183;1239.202;1734.882;29.0;330.0;1439.933;8.0;3;-33.528;-70.573;9.638;10.806;26.145;21.804;9.38;13.599;9.382;Santa Rosa;Los Espinos;Santa Rosa;True;True
E08;161;1423.641;1993.098;32.947;330.0;1425.0;9.0;3;-33.542;-70.577;11.073;12.399;27.763;23.051;9.707;15.779;9.472;Santa Rosa;Santa Rosa;Santa Rosa;False;False
E09;218;2173.038;3042.254;39.776;330.0;1439.933;13.0;3;-33.552;-70.6;16.901;18.295;28.12;22.682;7.795;18.187;6.892;Santa Rosa;Santa Rosa;Santa Rosa;False;False
E10;165;2395.232;3353.325;51.268;60.0;1400.0;12.0;4;-33.535;-70.591;18.63;19.966;26.411;21.467;7.632;15.708;7.16;Santa Rosa;Santa Rosa;Santa Rosa;False;False
E11;264;3099.458;4339.241;47.941;60.0;1426.667;23.0;4;-33.553;-70.589;24.107;27.043;28.835;23.629;9.058;18.097;8.205;Santa Rosa;Santa Rosa;Santa Rosa;False;False
E12;109;4162.876;5828.026;155.187;60.0;1420.0;23.0;2;-33.581;-70.606;32.378;35.632;31.673;25.825;10.298;21.837;9.096;Santa Rosa;Santa Rosa;Santa Rosa;False;False
E13;199;1847.493;2586.491;39.258;330.0;1426.667;12.0;3;-33.55;-70.602;14.369;15.818;27.663;22.34;8.27;17.636;7.758;Santa Rosa;Santa Rosa;Santa Rosa;False;False
E14;162;1281.088;1793.523;31.625;330.0;1410.0;8.0;5;-33.538;-70.581;9.964;11.051;26.99;22.248;8.941;15.282;8.736;Santa Rosa;Santa Rosa;Santa Rosa;False;False
E15c;200;1978.167;2769.434;40.024;330.0;1400.0;12.0;3;-33.55;-70.602;15.386;16.833;27.657;22.335;8.265;17.632;7.754;Santa Rosa;Santa Rosa;Santa Rosa;False;False
E16;184;2313.365;3238.711;54.249;330.0;1439.933;13.0;4;-33.563;-70.62;17.993;19.203;28.691;22.719;7.169;20.333;5.982;Santa Rosa;Santa Rosa;Santa Rosa;False;False
E17;156;1321.116;1849.562;34.564;330.0;1425.0;8.0;3;-33.517;-70.573;10.275;11.434;24.971;20.893;9.312;12.14;9.483;Los Espinos;Los Espinos;Los Espinos;False;False
E18;177;2724.824;3814.753;62.531;60.0;1420.0;15.0;2;-33.529;-70.631;21.193;22.179;23.972;18.219;4.677;16.997;4.227;Santa Rosa;Santa Rosa;Santa Rosa;False;False
E20;88;1642.978;2300.169;66.979;330.0;1439.933;7.0;2;-33.536;-70.548;12.779;14.124;28.648;24.763;12.532;13.767;12.357;Santa Rosa;Santa Rosa;Santa Rosa;False;False
F01;185;3008.792;4212.309;60.374;60.0;1420.0;14.0;4;-33.603;-70.56;23.402;26.76;36.726;31.493;16.475;24.049;15.42;Santa Rosa;Santa Rosa;Santa Rosa;False;False
F01c;60;797.19;1116.066;45.767;60.0;1410.0;8.0;2;-33.608;-70.518;6.2;8.631;39.429;34.86;20.387;24.292;19.528;Santa Rosa;Santa Rosa;Santa Rosa;False;False
F02;84;1304.959;1826.943;64.6;330.0;1410.0;7.0;2;-33.604;-70.555;10.15;11.845;36.787;31.638;16.576;23.578;15.567;Santa Rosa;Santa Rosa;Santa Rosa;False;False
F03;199;4625.963;6476.348;84.954;60.0;1439.933;19.0;4;-33.594;-70.633;35.98;39.847;33.906;27.645;14.14;26.377;13.084;Santa Rosa;Santa Rosa;Santa Rosa;False;False
F03c;70;1170.801;1639.121;78.839;60.0;1410.0;9.0;2;-33.604;-70.556;9.106;11.283;36.787;31.63;16.56;23.602;15.547;Santa Rosa;Santa Rosa;Santa Rosa;False;False
F05;255;5107.482;7150.474;81.763;0.0;1439.933;25.0;4;-33.571;-70.609;39.725;43.148;30.542;24.613;9.847;22.071;8.803;Santa Rosa;Santa Rosa;Santa Rosa;False;False
F06;253;5668.521;7935.93;97.024;0.0;1439.933;27.0;4;-33.571;-70.609;44.088;47.786;30.542;24.613;9.847;22.071;8.803;Santa Rosa;Santa Rosa;Santa Rosa;False;False
F07;89;1818.511;2545.915;77.249;60.0;1410.0;8.0;2;-33.593;-70.602;14.144;15.477;33.364;27.495;11.944;23.192;10.709;Santa Rosa;Santa Rosa;Santa Rosa;False;False
F08;96;2145.773;3004.083;86.304;0.0;1439.933;9.0;2;-33.597;-70.602;16.689;18.273;34.024;28.128;12.563;23.806;11.311;Santa Rosa;Santa Rosa;Santa Rosa;False;False
F09;196;2007.963;2811.148;39.662;0.0;1439.933;13.0;4;-33.586;-70.569;15.617;18.19;33.874;28.672;13.672;21.44;12.723;Santa Rosa;Santa Rosa;Santa Rosa;False;False
F10;263;3892.425;5449.395;57.837;0.0;1426.667;19.0;4;-33.596;-70.584;30.274;34.315;34.843;29.419;14.665;23.156;13.67;Santa Rosa;Santa Rosa;Santa Rosa;False;False
F10c;54;940.768;1317.075;76.277;60.0;1319.933;12.0;2;-33.629;-70.612;7.317;10.12;38.189;31.929;16.391;28.588;15.016;Santa Rosa;Santa Rosa;Santa Rosa;False;False
F11;94;1935.355;2709.497;74.499;60.0;1439.933;9.0;2;-33.604;-70.555;15.053;17.232;36.787;31.638;16.576;23.578;15.567;Santa Rosa;Santa Rosa;Santa Rosa;False;False
F12;123;1362.952;1908.132;45.612;60.0;1416.0;8.0;3;-33.619;-70.593;10.601;12.444;37.43;31.537;16.069;26.622;14.81;Santa Rosa;Santa Rosa;Santa Rosa;False;False
F12c;82;790.572;1106.8;35.406;330.0;1302.0;7.0;3;-33.619;-70.593;6.149;7.762;37.431;31.537;16.07;26.623;14.81;Santa Rosa;Santa Rosa;Santa Rosa;False;False
F13;259;4704.179;6585.851;71.624;0.0;1439.933;22.0;4;-33.596;-70.584;36.588;41.266;34.841;29.418;14.663;23.154;13.668;Santa Rosa;Santa Rosa;Santa Rosa;False;False
F13c;52;418.857;586.399;29.522;330.0;1302.0;5.0;2;-33.563;-70.556;3.258;4.216;31.491;26.904;12.934;17.719;12.319;Santa Rosa;Santa Rosa;Santa Rosa;False;False
F14;234;3464.538;4850.353;61.715;60.0;1439.933;24.0;4;-33.603;-70.589;26.946;31.739;35.271;29.539;14.044;24.248;12.838;Santa Rosa;Santa Rosa;Santa Rosa;False;False
F15;179;2741.61;3838.254;60.27;0.0;1425.0;13.0;3;-33.599;-70.598;21.324;23.839;34.575;28.814;13.571;23.956;12.438;Santa Rosa;Santa Rosa;Santa Rosa;False;False
F16;186;2014.577;2820.408;45.743;60.0;1439.933;10.0;2;-33.61;-70.59;15.669;17.794;36.25;30.444;14.901;25.314;13.664;Santa Rosa;Santa Rosa;Santa Rosa;False;False
F18;217;2378.524;3329.934;42.657;0.0;1439.933;13.0;4;-33.619;-70.594;18.5;21.487;37.415;31.511;16.037;26.642;14.774;Santa Rosa;Santa Rosa;Santa Rosa;False;False
F20;234;5179.877;7251.827;82.618;0.0;1425.0;21.0;5;-33.571;-70.609;40.288;43.164;30.543;24.614;9.848;22.072;8.804;Santa Rosa;Santa Rosa;Santa Rosa;False;False
F24;179;2711.79;3796.506;48.174;60.0;1416.0;12.0;4;-33.603;-70.557;21.092;23.995;36.804;31.608;16.598;23.971;15.556;Santa Rosa;Santa Rosa;Santa Rosa;False;False
F25;189;3746.137;5244.591;78.749;0.0;1439.933;18.0;5;-33.574;-70.605;29.137;32.137;30.918;25.39;11.315;21.007;10.717;Santa Rosa;Santa Rosa;Santa Rosa;False;False
F25e;80;1393.76;1951.264;42.224;330.0;1302.0;9.0;5;-33.572;-70.605;10.84;12.292;30.565;25.045;10.965;20.68;10.369;Santa Rosa;Santa Rosa;Santa Rosa;False;False
F26;100;2392.531;3349.543;83.534;60.0;1410.0;11.0;2;-33.597;-70.601;18.609;20.539;33.967;28.088;12.53;23.7;11.284;Santa Rosa;Santa Rosa;Santa Rosa;False;False
F27;146;2740.919;3837.287;78.557;60.0;1425.0;18.0;1;-33.594;-70.602;21.318;24.35;33.501;27.622;12.067;23.332;10.827;Santa Rosa;Santa Rosa;Santa Rosa;False;False
F28;156;1680.128;2352.18;40.266;330.0;1420.0;10.0;4;-33.619;-70.593;13.068;15.467;37.684;31.841;16.64;26.843;15.423;Santa Rosa;Santa Rosa;Santa Rosa;False;False
F29;181;3537.004;4951.805;68.667;60.0;1410.0;16.0;4;-33.606;-70.536;27.51;31.877;38.108;33.249;18.481;23.935;17.547;Santa Rosa;Santa Rosa;Santa Rosa;False;False
F30N;27;925.891;1296.248;88.014;0.0;1380.0;6.0;4;-33.537;-70.633;7.201;8.471;24.688;19.225;13.603;21.239;13.633;Santa Rosa;Los Espinos;Los Espinos;True;False
F33;223;2242.844;3139.981;39.91;0.0;1439.933;13.0;4;-33.619;-70.593;17.444;20.435;37.395;31.508;16.046;26.572;14.788;Santa Rosa;Santa Rosa;Santa Rosa;False;False
G01;218;3838.144;5373.402;65.311;0.0;1425.0;17.0;4;-33.565;-70.656;29.852;31.937;28.795;22.3;8.865;23.201;7.883;Santa Rosa;Santa Rosa;Santa Rosa;False;False
G01c;72;818.27;1145.578;42.529;330.0;1218.0;10.0;4;-33.549;-70.67;6.364;7.184;26.194;19.528;6.058;22.274;5.269;Santa Rosa;Santa Rosa;Santa Rosa;False;False
G02;175;2859.602;4003.443;54.508;330.0;1410.0;21.0;4;-33.632;-70.687;22.241;27.387;37.783;30.637;17.088;33.045;15.753;Santa Rosa;Santa Rosa;Santa Rosa;False;False
G04;351;3050.07;4270.099;36.359;0.0;1439.9;19.0;4;-33.551;-70.634;23.723;25.089;26.744;20.565;5.673;19.966;4.624;Santa Rosa;Santa Rosa;Santa Rosa;False;False
G05;252;3835.118;5369.165;58.593;60.0;1425.0;24.0;4;-33.567;-70.635;29.829;32.197;28.894;22.551;7.523;22.129;6.345;Santa Rosa;Santa Rosa;Santa Rosa;False;False
G07;156;3912.358;5477.302;81.228;330.0;1439.933;18.0;4;-33.626;-70.692;30.429;34.567;36.973;29.875;16.145;32.398;14.775;Santa Rosa;Santa Rosa;Santa Rosa;False;False
G08;251;4530.191;6342.267;66.903;0.0;1425.0;22.0;5;-33.581;-70.679;35.235;38.076;30.439;23.473;9.515;26.469;8.302;Santa Rosa;Santa Rosa;Santa Rosa;False;False
G08v;208;4343.488;6080.884;69.051;330.0;1439.933;21.0;3;-33.585;-70.685;33.783;36.754;31.033;24.022;10.291;27.346;9.095;Santa Rosa;Santa Rosa;Santa Rosa;False;False
G09;105;4479.159;6270.823;161.388;60.0;1410.0;21.0;2;-33.532;-70.702;34.838;36.905;23.453;16.112;6.556;23.653;6.329;Santa Rosa;Santa Rosa;Santa Rosa;False;False
G11;128;4169.024;5836.634;127.327;0.0;1439.933;20.0;4;-33.517;-70.662;32.426;32.892;21.2;14.645;1.5;18.377;2.388;Los Espinos;Los Espinos;Los Espinos;False;False
G12;188;3092.429;4329.4;53.096;330.0;1425.0;13.0;3;-33.525;-70.681;24.052;24.845;22.421;15.495;3.921;20.963;4.255;Los Espinos;Los Espinos;Los Espinos;False;False
G13;352;5153.363;7214.708;58.745;330.0;1428.0;29.0;2;-33.568;-70.635;40.082;43.019;29.077;22.724;7.696;22.307;6.512;Santa Rosa;Santa Rosa;Santa Rosa;False;False
G13c;35;736.186;1030.66;88.352;330.0;1218.0;9.0;2;-33.598;-70.609;5.726;7.261;33.876;27.85;12.262;24.174;10.964;Santa Rosa;Santa Rosa;Santa Rosa;False;False
G14;191;3006.979;4209.771;61.921;330.0;1439.933;19.0;3;-33.612;-70.68;23.388;27.233;34.922;27.823;14.281;30.412;13.011;Santa Rosa;Santa Rosa;Santa Rosa;False;False
G15;240;2514.635;3520.489;42.289;60.0;1425.0;16.0;4;-33.551;-70.634;19.558;20.707;26.738;20.56;5.665;19.958;4.616;Santa Rosa;Santa Rosa;Santa Rosa;False;False
G16;250;4184.762;5858.667;57.135;0.0;1439.933;22.0;5;-33.567;-70.636;32.548;34.732;28.961;22.596;7.567;22.265;6.38;Santa Rosa;Santa Rosa;Santa Rosa;False;False
G18;193;3350.156;4690.218;75.504;330.0;1439.933;18.0;3;-33.54;-70.633;26.057;27.375;25.177;19.097;4.747;18.771;4.707;Santa Rosa;Santa Rosa;Santa Rosa;False;False
G22;349;4997.667;6996.734;54.266;330.0;1439.9;29.0;5;-33.581;-70.682;38.871;42.639;30.367;23.376;9.553;26.601;8.354;Santa Rosa;Santa Rosa;Santa Rosa;False;False
G23;206;2383.872;3337.421;41.334;330.0;1439.933;16.0;3;-33.586;-70.663;18.541;20.861;31.35;24.551;10.569;26.033;9.32;Santa Rosa;Santa Rosa;Santa Rosa;False;False
G24;102;2448.985;3428.579;87.608;60.0;1400.0;14.0;2;-33.651;-70.662;19.048;22.851;40.458;33.526;18.897;33.735;17.464;Santa Rosa;Santa Rosa;Santa Rosa;False;False
G27;75;1211.549;1696.169;56.489;330.0;1400.0;6.0;2;-33.632;-70.707;9.423;10.93;37.768;30.455;17.462;34.127;16.149;Santa Rosa;Santa Rosa;Santa Rosa;False;False
G28;105;3531.528;4944.139;134.907;60.0;1420.0;18.0;2;-33.602;-70.685;27.467;30.595;33.322;26.187;12.511;29.143;11.171;Santa Rosa;Santa Rosa;Santa Rosa;False;False
G31;92;461.36;645.904;18.684;60.0;1380.0;6.0;4;-33.594;-70.671;3.588;4.488;32.256;25.316;11.02;27.207;9.635;Santa Rosa;Santa Rosa;Santa Rosa;False;False
G32;102;1677.601;2348.642;66.65;330.0;1410.0;11.0;2;-33.63;-70.689;13.048;15.647;37.446;30.271;16.559;32.764;15.187;Santa Rosa;Santa Rosa;Santa Rosa;False;False
G34;62;900.839;1261.174;49.0;330.0;1400.0;4.0;2;-33.567;-70.706;7.007;7.543;28.486;21.137;9.569;27.123;8.616;Santa Rosa;Santa Rosa;Santa Rosa;False;False
G35;94;2095.087;2933.122;80.259;330.0;1410.0;10.0;2;-33.595;-70.607;16.295;17.955;33.513;27.534;11.952;23.719;10.673;Santa Rosa;Santa Rosa;Santa Rosa;False;False
G37;24;381.9;534.66;46.606;330.0;1320.0;4.0;3;-33.644;-70.724;2.97;4.132;39.777;32.402;19.926;36.826;18.665;Santa Rosa;Santa Rosa;Santa Rosa;False;False
G38;105;2367.937;3315.111;68.288;60.0;1439.933;10.0;2;-33.632;-70.707;18.417;20.929;37.768;30.455;17.462;34.127;16.149;Santa Rosa;Santa Rosa;Santa Rosa;False;False
G39;98;3334.927;4668.898;126.005;330.0;1420.0;17.0;2;-33.534;-70.701;25.938;27.58;23.757;16.433;6.513;23.715;6.21;Santa Rosa;Santa Rosa;Santa Rosa;False;False
G43;180;1299.329;1819.061;31.232;330.0;1400.0;10.0;3;-33.594;-70.688;10.106;11.749;32.249;25.087;11.81;28.575;10.56;Santa Rosa;Santa Rosa;Santa Rosa;False;False
G46;22;447.176;626.047;65.433;330.0;1320.0;2.0;2;-33.615;-70.709;3.478;3.917;35.379;28.043;15.373;32.354;14.112;Santa Rosa;Santa Rosa;Santa Rosa;False;False
H03;171;2111.724;2956.414;47.39;330.0;1439.933;14.0;5;-33.519;-70.688;16.425;17.437;21.742;14.736;4.651;21.267;5.155;Los Espinos;Los Espinos;Los Espinos;False;False
H05;154;2324.652;3254.513;59.783;330.0;1420.0;13.0;4;-33.498;-70.661;18.081;19.354;19.31;13.319;6.295;16.865;7.115;Los Espinos;Los Espinos;Los Espinos;False;False
H07;162;2461.338;3445.873;54.767;330.0;1420.0;12.0;4;-33.493;-70.644;19.144;19.99;18.447;12.996;4.531;14.851;5.674;Los Espinos;Los Espinos;Los Espinos;False;False
H08;172;1369.658;1917.521;27.985;330.0;1439.933;8.0;3;-33.521;-70.682;10.653;11.141;21.888;14.947;3.924;20.761;4.382;Los Espinos;Los Espinos;Los Espinos;False;False
H09;152;2187.706;3062.788;60.6;330.0;1416.0;13.0;4;-33.498;-70.661;17.015;18.288;19.311;13.32;6.294;16.865;7.114;Los Espinos;Los Espinos;Los Espinos;False;False
H12;140;2205.949;3088.329;59.076;330.0;1416.0;10.0;3;-33.501;-70.677;17.157;18.154;19.112;12.636;6.407;18.746;7.118;Los Espinos;Los Espinos;Los Espinos;False;False
H13;97;3381.479;4734.07;147.814;60.0;1380.0;20.0;2;-33.523;-70.679;26.3;27.381;21.947;14.984;3.474;20.526;3.609;Los Espinos;Los Espinos;Los Espinos;False;False
H24;165;3521.278;4929.79;85.138;60.0;1420.0;19.0;4;-33.496;-70.691;27.388;29.34;18.207;11.113;6.605;19.996;7.463;Los Espinos;Los Espinos;Los Espinos;False;False
I01;197;4619.935;6467.909;87.252;0.0;1420.0;20.0;5;-33.502;-70.715;35.933;39.846;20.97;14.839;12.578;23.032;13.19;Los Espinos;Los Espinos;Los Espinos;False;False
I02;173;3497.985;4897.179;80.185;60.0;1416.0;20.0;4;-33.485;-70.767;27.207;31.09;19.749;12.483;15.709;28.29;16.285;El Conquistador;El Conquistador;El Conquistador;False;False
I03;243;5761.074;8065.504;88.815;60.0;1439.933;28.0;3;-33.491;-70.734;44.808;50.101;19.048;12.152;14.386;25.074;14.971;Los Espinos;El Conquistador;El Conquistador;True;False
I03c;27;242.087;338.922;33.916;390.0;1216.667;5.0;4;-33.473;-70.717;1.883;2.504;15.473;7.986;11.071;21.957;12.003;El Conquistador;El Conquistador;El Conquistador;False;False
I04;217;5308.411;7431.775;88.856;0.0;1439.933;26.0;4;-33.497;-70.731;41.288;46.199;19.485;12.143;12.737;24.841;13.276;Los Espinos;El Conquistador;El Conquistador;True;False
I04c;55;490.729;687.02;31.801;390.0;1218.0;9.0;4;-33.525;-70.763;3.817;5.749;24.473;16.943;13.802;29.615;13.811;Los Espinos;Los Espinos;Los Espinos;False;False
I04e;12;54.313;76.039;13.533;390.0;540.0;2.0;2;-33.525;-70.763;0.422;0.85;24.382;16.853;13.755;29.55;13.771;Los Espinos;Los Espinos;Los Espinos;False;False
I05;153;2832.164;3965.029;68.602;60.0;1420.0;15.0;3;-33.514;-70.732;22.028;24.343;23.249;16.443;9.92;25.832;10.458;Los Espinos;Los Espinos;Los Espinos;False;False
I07;169;2304.776;3226.686;61.963;330.0;1410.0;13.0;4;-33.492;-70.772;17.926;20.687;20.912;13.652;15.628;29.058;16.104;El Conquistador;El Conquistador;El Conquistador;False;False
I08;412;6112.091;8556.927;51.335;330.0;1439.817;28.0;3;-33.464;-70.725;47.538;50.945;15.005;7.82;12.67;22.669;13.663;El Conquistador;El Conquistador;El Conquistador;False;False
I08N;23;476.783;667.496;43.44;0.0;303.0;4.0;3;-33.458;-70.704;3.708;4.254;14.426;8.776;12.908;19.978;13.979;El Conquistador;El Conquistador;El Conquistador;False;False
I08c;15;35.209;49.292;8.3;390.0;540.0;2.0;2;-33.487;-70.758;0.274;0.645;19.304;11.939;13.843;27.164;14.395;El Conquistador;El Conquistador;El Conquistador;False;False
I09;473;9056.791;12679.508;71.921;60.0;1439.933;40.0;4;-33.476;-70.727;70.442;78.139;18.037;12.37;14.763;23.303;15.572;El Conquistador;El Conquistador;El Conquistador;False;False
I09c;45;589.062;824.687;49.186;390.0;1215.0;7.0;4;-33.483;-70.754;4.582;5.846;18.897;11.614;14.902;26.709;15.584;El Conquistador;El Conquistador;El Conquistador;False;False
I09e;65;1275.681;1785.953;75.336;330.0;1229.933;20.0;4;-33.476;-70.727;9.922;13.77;18.037;12.369;14.761;23.304;15.57;El Conquistador;El Conquistador;El Conquistador;False;False
I10;251;5433.583;7607.016;85.713;330.0;1439.933;29.0;3;-33.491;-70.734;42.261;47.743;19.048;12.152;14.386;25.074;14.971;Los Espinos;El Conquistador;El Conquistador;True;False
I10N;25;593.341;830.677;57.663;0.0;329.867;5.0;4;-33.492;-70.718;4.615;5.686;19.533;13.771;13.971;23.135;14.586;Los Espinos;El Conquistador;El Conquistador;True;False
I11;286;4534.767;6348.673;59.144;60.0;1439.933;30.0;4;-33.532;-70.791;35.27;43.364;27.062;19.769;17.452;33.268;17.344;Santa Rosa;Santa Rosa;Santa Rosa;False;False
I11N;20;281.861;394.605;30.317;0.0;296.25;2.0;4;-33.533;-70.767;2.192;2.642;25.692;18.159;14.537;30.558;14.455;Santa Rosa;Santa Rosa;Santa Rosa;False;False
I12;180;3193.593;4471.03;63.18;60.0;1420.0;16.0;4;-33.502;-70.753;24.839;28.04;21.615;14.451;12.861;27.561;13.155;Los Espinos;Los Espinos;Los Espinos;False;False
I13;179;2173.901;3043.461;45.911;60.0;1425.0;11.0;3;-33.472;-70.722;16.908;18.355;15.751;8.453;11.909;22.516;12.827;El Conquistador;El Conquistador;El Conquistador;False;False
I14;206;3072.251;4301.151;58.25;330.0;1439.933;18.0;4;-33.485;-70.696;23.895;26.467;16.738;9.824;9.185;20.288;9.944;Los Espinos;Los Espinos;Los Espinos;False;False
I14N;22;397.163;556.029;41.073;0.0;300.0;4.0;3;-33.482;-70.682;3.089;3.68;16.715;10.917;9.505;18.675;10.264;Los Espinos;Los Espinos;Los Espinos;False;False
I16;181;1906.796;2669.515;41.82;60.0;1420.0;10.0;4;-33.473;-70.696;14.831;16.018;14.93;7.635;8.742;19.419;9.894;El Conquistador;El Conquistador;El Conquistador;False;False
I17;165;1616.585;2263.219;41.364;330.0;1400.0;10.0;3;-33.461;-70.706;12.573;13.612;13.63;6.676;11.611;20.349;12.692;El Conquistador;El Conquistador;El Conquistador;False;False
I18;173;3782.068;5294.895;77.852;330.0;1420.0;17.0;4;-33.479;-70.739;29.416;32.476;18.202;11.572;14.526;24.788;15.309;El Conquistador;El Conquistador;El Conquistador;False;False
I20;181;2024.034;2833.647;33.694;330.0;1439.933;9.0;4;-33.477;-70.74;15.742;17.115;17.158;9.802;12.548;24.831;13.31;El Conquistador;El Conquistador;El Conquistador;False;False
I21;165;1600.784;2241.098;33.64;330.0;1439.933;9.0;4;-33.53;-70.775;12.451;14.595;25.718;18.234;15.346;31.197;15.319;Santa Rosa;Santa Rosa;Santa Rosa;False;False
I22;188;979.679;1371.55;17.513;330.0;1420.0;7.0;3;-33.493;-70.768;7.62;9.077;20.679;13.385;14.822;28.585;15.273;El Conquistador;El Conquistador;El Conquistador;False;False
I24;165;3039.965;4255.95;60.021;330.0;1420.0;14.0;4;-33.517;-70.774;23.644;26.903;24.882;17.75;14.962;30.496;15.079;Los Espinos;Los Espinos;Los Espinos;False;False
I25;108;3358.011;4701.216;92.551;60.0;1410.0;16.0;2;-33.48;-70.717;26.118;28.322;16.42;8.856;9.898;22.098;10.796;El Conquistador;El Conquistador;El Conquistador;False;False
I26;77;2343.3;3280.619;114.534;60.0;1400.0;12.0;2;-33.521;-70.801;18.226;21.628;26.163;18.959;18.227;33.592;18.272;Los Espinos;Los Espinos;Los Espinos;False;False
I35;329;5631.772;7884.481;67.708;60.0;1439.933;32.0;3;-33.54;-70.781;43.803;52.465;27.312;19.841;17.445;32.853;17.402;Santa Rosa;Santa Rosa;Santa Rosa;False;False
I39;34;216.351;302.891;20.303;330.0;1380.0;1.0;2;-33.501;-70.701;1.683;1.788;18.983;11.621;6.791;21.361;7.49;Los Espinos;Los Espinos;Los Espinos;False;False
J01;265;5210.122;7294.17;70.904;60.0;1439.933;31.0;4;-33.443;-70.729;40.523;43.958;13.205;7.122;15.403;22.868;16.521;El Conquistador;El Conquistador;El Conquistador;False;False
J01c;20;79.576;111.406;16.893;390.0;1200.0;2.0;4;-33.43;-70.718;0.619;0.716;9.768;3.118;15.457;21.683;16.675;El Conquistador;El Conquistador;El Conquistador;False;False
J02;76;2015.472;2821.66;99.593;330.0;1416.0;10.0;2;-33.429;-70.772;15.676;17.048;13.976;8.823;19.767;28.102;20.75;El Conquistador;El Conquistador;El Conquistador;False;False
J03;82;2168.295;3035.612;101.009;330.0;1416.0;13.0;2;-33.422;-70.765;16.865;18.455;12.681;7.865;19.821;27.308;20.87;El Conquistador;El Conquistador;El Conquistador;False;False
J04;221;2153.477;3014.868;34.971;330.0;1420.0;13.0;3;-33.436;-70.745;16.749;18.097;12.772;6.666;16.636;24.828;17.711;El Conquistador;El Conquistador;El Conquistador;False;False
J05;86;2475.08;3465.112;110.027;330.0;1416.0;13.0;2;-33.421;-70.767;19.251;20.876;12.75;8.038;20.035;27.495;21.083;El Conquistador;El Conquistador;El Conquistador;False;False
J06;58;507.248;710.147;27.715;330.0;1380.0;3.0;4;-33.449;-70.73;3.945;4.214;12.97;5.761;14.015;22.981;15.093;El Conquistador;El Conquistador;El Conquistador;False;False
J07;69;3977.362;5568.306;145.377;60.0;1410.0;13.0;2;-33.427;-70.769;30.935;32.645;13.576;8.455;19.656;27.772;20.659;El Conquistador;El Conquistador;El Conquistador;False;False
J07c;14;194.334;272.068;46.207;390.0;525.0;7.0;2;-33.41;-70.757;1.511;2.415;12.033;8.3;20.51;26.918;21.628;El Conquistador;El Conquistador;El Conquistador;False;False
J07e;67;3628.409;5079.772;144.064;60.0;1410.0;12.0;2;-33.427;-70.769;28.221;29.799;13.576;8.455;19.656;27.772;20.659;El Conquistador;El Conquistador;El Conquistador;False;False
J08;196;3782.849;5295.988;66.742;0.0;1420.0;17.0;4;-33.439;-70.734;29.422;31.004;11.807;5.982;16.371;23.789;17.409;El Conquistador;El Conquistador;El Conquistador;False;False
J10;172;2856.791;3999.507;67.429;330.0;1439.933;15.0;3;-33.428;-70.724;22.219;23.602;11.151;5.926;16.693;22.343;17.886;El Conquistador;El Conquistador;El Conquistador;False;False
J11;109;1623.365;2272.711;28.023;330.0;1410.0;7.0;4;-33.458;-70.769;12.626;13.781;17.227;10.605;17.253;27.74;18.107;El Conquistador;El Conquistador;El Conquistador;False;False
J12;176;3664.291;5130.007;47.024;330.0;1416.0;15.0;4;-33.461;-70.792;28.5;31.614;19.751;13.345;19.69;30.519;20.467;El Conquistador;El Conquistador;El Conquistador;False;False
J13;182;2713.245;3798.543;59.609;0.0;1439.933;14.0;4;-33.436;-70.721;21.103;22.522;12.122;6.514;15.175;21.973;16.386;El Conquistador;El Conquistador;El Conquistador;False;False
J13c;185;1546.399;2164.959;31.121;330.0;1416.0;10.0;4;-33.433;-70.743;12.028;12.977;12.23;6.104;16.872;24.623;17.973;El Conquistador;El Conquistador;El Conquistador;False;False
J15c;171;1565.756;2192.058;34.513;330.0;1410.0;10.0;4;-33.436;-70.745;12.178;13.218;12.792;6.688;16.641;24.851;17.715;El Conquistador;El Conquistador;El Conquistador;False;False
J16;70;2221.264;3109.769;118.475;330.0;1400.0;11.0;2;-33.422;-70.765;17.276;18.622;12.681;7.865;19.821;27.308;20.87;El Conquistador;El Conquistador;El Conquistador;False;False
J17;58;492.785;689.899;25.396;390.0;1380.0;2.0;3;-33.454;-70.75;3.833;4.093;15.175;8.366;15.556;25.489;16.506;El Conquistador;El Conquistador;El Conquistador;False;False
J18;229;2367.703;3314.784;34.03;60.0;1439.933;10.0;4;-33.437;-70.748;18.415;19.453;12.949;6.672;16.878;25.112;17.941;El Conquistador;El Conquistador;El Conquistador;False;False
J18c;37;269.443;377.22;28.218;390.0;1319.933;5.0;4;-33.44;-70.747;2.096;2.622;13.27;6.761;16.497;25.056;17.539;El Conquistador;El Conquistador;El Conquistador;False;False
J19;166;2165.557;3031.78;44.497;330.0;1400.0;15.0;4;-33.442;-70.731;16.843;18.52;13.234;7.186;15.596;23.023;16.71;El Conquistador;El Conquistador;El Conquistador;False;False
J20;83;1080.224;1512.314;53.59;330.0;1410.0;7.0;2;-33.421;-70.767;8.402;9.277;12.75;8.038;20.035;27.495;21.083;El Conquistador;El Conquistador;El Conquistador;False;False
J22;24;525.474;735.663;47.824;60.0;1230.0;3.0;3;-33.458;-70.806;4.087;4.78;21.022;14.852;21.453;32.203;22.221;El Conquistador;El Conquistador;El Conquistador;False;False
