route_id;n_expediciones;km_dia;kwh_dia;dur_min_media;primera_salida_min;ultima_salida_min;n_buses_estimados;n_terminales_usados;centroide_lat;centroide_lon
101;171;4179.743;5851.641;94.991;60.0;1439.933;20.0;4;-33.456;-70.679
102;184;5352.455;7493.437;111.051;0.0;1439.933;27.0;4;-33.533;-70.625
103;217;4898.071;6857.3;96.534;0.0;1439.933;25.0;4;-33.467;-70.591
104;383;8226.347;11516.886;89.628;0.0;1439.933;44.0;3;-33.505;-70.575
105;262;7116.271;9962.78;113.503;60.0;1439.933;41.0;4;-33.476;-70.74
105c;39;762.029;1066.841;70.887;330.0;1275.0;7.0;2;-33.541;-70.706
106;208;8001.987;11202.782;159.624;330.0;1439.933;42.0;4;-33.519;-70.679
107;316;11590.689;16226.964;125.45;0.0;1439.933;46.0;4;-33.447;-70.589
107c;43;455.319;637.446;45.779;390.0;1229.933;9.0;3;-33.399;-70.659
108;219;7259.313;10163.038;127.965;60.0;1439.933;36.0;4;-33.519;-70.679
109;227;7235.058;10129.081;120.071;330.0;1439.933;35.0;4;-33.459;-70.781
109N;22;498.192;697.469;52.086;0.0;300.0;4.0;4;-33.48;-70.718
110;203;4814.188;6739.863;96.542;0.0;1425.0;27.0;4;-33.459;-70.724
110c;174;3439.429;4815.201;82.793;330.0;1319.95;26.0;4;-33.419;-70.758
111;195;4915.756;6882.059;97.707;60.0;1410.0;25.0;3;-33.507;-70.746
113;180;4459.682;6243.554;86.241;330.0;1420.0;22.0;4;-33.501;-70.719
113c;47;849.247;1188.946;61.233;330.0;1216.667;16.0;4;-33.519;-70.735
113e;43;1195.929;1674.3;71.994;330.0;1297.5;9.0;3;-33.502;-70.719
114;185;3621.662;5070.326;76.937;60.0;1416.0;22.0;4;-33.525;-70.576
115;196;4244.798;5942.717;72.155;330.0;1439.933;19.0;4;-33.496;-70.71
115c;32;876.38;1226.932;90.691;330.0;1229.933;7.0;2;-33.546;-70.76
116;95;2349.274;3288.984;110.008;330.0;1420.0;13.0;1;-33.381;-70.637
117;215;5799.758;8119.662;109.682;60.0;1439.933;31.0;3;-33.443;-70.605
117c;42;762.31;1067.234;65.458;330.0;1290.0;7.0;2;-33.378;-70.638
118;198;6235.897;8730.256;120.206;330.0;1420.0;33.0;4;-33.529;-70.67
119;266;5095.448;7133.627;72.912;0.0;1439.933;28.0;4;-33.484;-70.674
120;196;4284.83;5998.761;86.763;0.0;1420.0;20.0;4;-33.47;-70.698
121;203;3761.683;5266.356;75.823;330.0;1420.0;23.0;4;-33.484;-70.674
124;206;5290.464;7406.649;100.522;60.0;1439.933;24.0;4;-33.564;-70.603
125;177;2953.491;4134.887;63.997;60.0;1410.0;15.0;4;-33.49;-70.675
126;89;2802.395;3923.353;135.669;330.0;1305.0;16.0;2;-33.515;-70.548
201;285;9468.687;13256.162;134.116;0.0;1426.667;41.0;4;-33.481;-70.688
201e;281;6185.551;8659.772;59.791;330.0;1425.0;29.0;4;-33.519;-70.677
203;225;6273.608;8783.051;111.979;330.0;1439.933;33.0;4;-33.484;-70.651
203N;26;963.207;1348.489;89.873;0.0;303.0;9.0;4;-33.483;-70.629
203c;109;2271.892;3180.649;67.172;330.0;1302.0;14.0;2;-33.586;-70.662
203e;140;3052.343;4273.28;70.112;330.0;1319.95;25.0;4;-33.51;-70.655
204;316;7904.51;11066.313;88.615;330.0;1426.667;35.0;3;-33.523;-70.6
204N;26;710.222;994.311;67.67;0.0;329.867;7.0;3;-33.523;-70.6
205;215;5303.905;7425.467;94.504;0.0;1420.0;28.0;3;-33.528;-70.61
206;275;5816.727;8143.417;77.51;0.0;1439.933;28.0;4;-33.51;-70.655
206c;86;1388.772;1944.281;55.265;330.0;1302.0;14.0;4;-33.532;-70.652
207;296;7448.404;10427.765;81.886;0.0;1426.667;25.0;4;-33.534;-70.639
207c;55;1427.874;1999.023;70.671;330.0;1302.0;15.0;2;-33.636;-70.628
207e;107;2574.8;3604.72;74.779;390.0;1410.0;21.0;4;-33.534;-70.64
208;169;3298.023;4617.232;86.762;330.0;1426.667;18.0;2;-33.362;-70.632
208c;156;1259.99;1763.986;33.67;330.0;1439.933;10.0;2;-33.362;-70.632
209;234;6008.875;8412.425;81.921;0.0;1425.0;24.0;3;-33.54;-70.636
209c;62;1952.464;2733.449;76.922;330.0;1416.0;14.0;2;-33.634;-70.621
210;369;10274.284;14383.998;110.615;0.0;1428.0;52.0;4;-33.538;-70.635
210e;39;1095.877;1534.228;92.207;330.0;1218.0;11.0;4;-33.535;-70.635
210v;226;6587.012;9221.817;106.06;0.0;1439.933;28.0;4;-33.533;-70.625
211;222;5379.711;7531.596;86.179;60.0;1425.0;26.0;3;-33.576;-70.65
211c;352;4826.147;6756.606;47.718;330.0;1428.0;22.0;3;-33.581;-70.682
212;317;9080.503;12712.704;113.09;0.0;1426.667;48.0;4;-33.502;-70.633
213e;198;5365.072;7511.101;88.302;60.0;1425.0;20.0;4;-33.532;-70.621
214;218;5898.104;8257.346;120.303;330.0;1439.933;34.0;4;-33.442;-70.679
216;319;9518.252;13325.553;90.55;0.0;1425.0;49.0;4;-33.489;-70.616
217e;40;1032.495;1445.493;62.192;330.0;1210.0;9.0;3;-33.526;-70.684
219e;88;2798.202;3917.483;63.337;330.0;1302.0;18.0;4;-33.464;-70.64
223;246;4138.284;5793.598;76.516;0.0;1425.0;28.0;4;-33.489;-70.679
224;215;4315.498;6041.697;82.226;330.0;1425.0;25.0;4;-33.521;-70.598
225;218;7141.716;9998.403;125.578;0.0;1439.933;36.0;4;-33.486;-70.576
225c;35;710.279;994.391;78.876;390.0;1319.933;9.0;2;-33.581;-70.606
226;240;6804.846;9526.785;122.814;0.0;1439.933;41.0;4;-33.519;-70.602
227;191;5270.509;7378.712;103.915;330.0;1439.933;24.0;3;-33.485;-70.626
228;313;4254.304;5956.026;54.903;330.0;1439.933;29.0;2;-33.566;-70.681
229;208;4016.689;5623.364;75.633;330.0;1410.0;23.0;4;-33.516;-70.659
230;105;2796.954;3915.735;105.831;0.0;1439.933;12.0;2;-33.363;-70.682
233;102;3218.149;4505.408;121.385;330.0;1410.0;18.0;2;-33.595;-70.607
234;186;3604.031;5045.644;68.18;60.0;1439.933;19.0;3;-33.516;-70.621
244;61;1223.683;1713.156;78.505;330.0;1400.0;7.0;2;-33.583;-70.597
245;123;4216.927;5903.698;119.093;330.0;1410.0;29.0;2;-33.604;-70.556
246;81;950.375;1330.526;47.967;330.0;1420.0;5.0;2;-33.579;-70.614
262N;23;543.588;761.023;49.485;0.0;300.0;5.0;3;-33.566;-70.645
264N;24;891.922;1248.691;87.798;0.0;300.0;8.0;4;-33.462;-70.643
271;191;4561.047;6385.466;98.557;330.0;1410.0;28.0;3;-33.517;-70.675
272;109;2737.164;3832.029;96.578;330.0;1425.0;15.0;2;-33.363;-70.682
282;28;632.927;886.098;65.721;0.0;1380.0;4.0;4;-33.612;-70.642
286;212;6854.254;9595.956;107.071;0.0;1425.0;30.0;4;-33.493;-70.576
301;484;12725.123;17815.172;113.676;0.0;1439.933;61.0;4;-33.504;-70.681
301c;261;2110.328;2954.459;34.721;60.0;1425.0;15.0;3;-33.57;-70.674
302;210;4826.083;6756.517;83.781;60.0;1425.0;24.0;4;-33.512;-70.658
302N;22;516.276;722.786;53.231;0.0;300.0;4.0;3;-33.514;-70.652
303;267;5231.234;7323.728;70.514;0.0;1439.933;30.0;3;-33.404;-70.694
306;229;5502.141;7702.997;95.362;330.0;1439.933;30.0;4;-33.466;-70.69
307;137;5729.603;8021.445;158.899;60.0;1425.0;31.0;2;-33.364;-70.765
307c;239;2087.187;2922.061;33.504;330.0;1439.933;18.0;4;-33.365;-70.729
307e;105;2025.907;2836.27;61.354;60.0;1305.0;17.0;4;-33.401;-70.695
308;232;4246.483;5945.076;70.6;60.0;1439.933;25.0;4;-33.398;-70.709
308c;107;1026.792;1437.509;42.534;330.0;1400.0;12.0;2;-33.364;-70.765
313e;78;1757.532;2460.544;57.71;330.0;1297.5;15.0;4;-33.399;-70.709
314;109;4383.588;6137.023;149.356;60.0;1439.933;22.0;2;-33.364;-70.765
314c;52;517.742;724.839;53.729;330.0;1229.933;9.0;2;-33.364;-70.765
315e;309;6983.764;9777.27;67.782;60.0;1439.933;38.0;6;-33.402;-70.7
320;157;3117.98;4365.172;72.265;60.0;1420.0;15.0;3;-33.496;-70.599
320c;37;260.885;365.24;31.665;330.0;1290.0;4.0;3;-33.517;-70.573
321;154;1430.116;2002.162;29.43;330.0;1410.0;8.0;4;-33.521;-70.681
322;192;1436.121;2010.57;28.909;330.0;1439.933;9.0;3;-33.528;-70.573
323;183;1768.941;2476.517;34.77;330.0;1410.0;9.0;3;-33.528;-70.573
325;165;3696.047;5174.466;92.305;0.0;1439.933;18.0;4;-33.518;-70.617
329;187;3566.422;4992.991;66.26;330.0;1416.0;18.0;3;-33.517;-70.661
345;165;2490.134;3486.188;60.504;330.0;1416.0;13.0;4;-33.483;-70.67
346N;22;299.676;419.546;32.202;0.0;300.0;4.0;3;-33.484;-70.674
348;184;3955.98;5538.372;74.89;330.0;1439.933;19.0;3;-33.513;-70.732
385;175;4562.067;6386.893;100.703;60.0;1420.0;22.0;3;-33.496;-70.669
401;255;9520.166;13328.233;155.968;0.0;1426.667;52.0;4;-33.474;-70.665
401c;24;242.442;339.419;42.793;390.0;1230.0;4.0;4;-33.42;-70.556
402;100;2978.662;4170.127;124.742;330.0;1439.933;17.0;2;-33.442;-70.79
403;268;4577.043;6407.86;74.593;0.0;1420.0;25.0;4;-33.452;-70.595
404;107;3507.035;4909.849;114.389;0.0;1439.933;15.0;2;-33.468;-70.76
404c;59;425.542;595.758;25.178;330.0;1290.0;8.0;4;-33.463;-70.734
405;282;10033.034;14046.248;153.792;0.0;1428.0;51.0;3;-33.447;-70.659
405c;62;1895.762;2654.067;130.445;60.0;1290.0;18.0;1;-33.373;-70.518
406;302;9429.907;13201.87;133.943;60.0;1439.933;54.0;3;-33.404;-70.65
406c;49;1323.488;1852.883;102.612;390.0;1229.933;14.0;2;-33.413;-70.582
407;313;9619.827;13467.758;129.247;0.0;1416.0;54.0;4;-33.427;-70.653
408;255;4072.519;5701.527;48.72;0.0;1426.667;20.0;3;-33.43;-70.701
408e;34;442.737;619.831;49.825;390.0;1218.0;8.0;3;-33.416;-70.703
409;231;4606.859;6449.603;66.274;0.0;1420.0;23.0;3;-33.398;-70.572
410;240;4224.337;5914.072;46.798;0.0;1439.933;16.0;4;-33.417;-70.675
410e;20;325.236;455.331;48.049;330.0;540.0;7.0;2;-33.411;-70.684
411;203;2987.943;4183.12;49.457;330.0;1439.933;15.0;3;-33.394;-70.555
412;207;7825.862;10956.206;154.875;0.0;1439.933;37.0;4;-33.454;-70.661
414e;50;1633.683;2287.156;70.479;330.0;1275.0;11.0;4;-33.394;-70.643
415e;45;1121.448;1570.027;56.165;330.0;1290.0;9.0;4;-33.427;-70.655
417e;36;1335.934;1870.307;75.273;330.0;1275.0;8.0;4;-33.465;-70.684
418;215;8461.285;11845.799;150.557;0.0;1420.0;38.0;4;-33.475;-70.669
419;175;4547.823;6366.952;91.093;60.0;1439.933;19.0;4;-33.48;-70.717
420;41;993.694;1391.172;110.53;330.0;1290.0;12.0;2;-33.505;-70.563
421;229;8717.218;12204.105;162.381;0.0;1426.667;45.0;4;-33.46;-70.654
421c;27;323.351;452.692;49.243;390.0;1200.0;4.0;2;-33.399;-70.507
422;211;7171.242;10039.739;144.772;330.0;1439.933;40.0;4;-33.458;-70.653
422c;43;319.542;447.359;29.844;330.0;1290.0;4.0;4;-33.436;-70.749
423;180;4422.219;6191.107;95.825;60.0;1425.0;23.0;4;-33.479;-70.717
424;176;3215.962;4502.346;66.563;0.0;1420.0;17.0;4;-33.456;-70.705
425;321;10881.77;15234.478;127.156;0.0;1439.933;61.0;3;-33.421;-70.669
426;306;10433.877;14607.428;136.562;0.0;1425.0;51.0;5;-33.399;-70.645
428;274;9823.598;13753.038;117.907;0.0;1426.667;45.0;6;-33.452;-70.678
428e;105;3549.959;4969.942;83.169;330.0;1319.933;21.0;6;-33.452;-70.678
429;213;7200.448;10080.628;127.479;60.0;1439.933;34.0;3;-33.428;-70.671
429c;73;1552.549;2173.569;79.517;390.0;1275.0;20.0;3;-33.396;-70.681
430;262;8771.438;12280.014;116.796;60.0;1425.0;46.0;3;-33.364;-70.633
431c;45;750.374;1050.524;70.658;330.0;1229.9;10.0;4;-33.492;-70.748
432N;22;814.104;1139.745;98.12;0.0;300.0;8.0;4;-33.494;-70.666
435;201;5053.974;7075.564;71.268;330.0;1425.0;25.0;3;-33.382;-70.656
444;143;3540.83;4957.163;79.893;330.0;1380.0;21.0;4;-33.476;-70.731
445c;57;634.393;888.15;58.935;330.0;1290.0;9.0;4;-33.418;-70.616
481;194;5085.322;7119.451;105.845;60.0;1410.0;27.0;4;-33.479;-70.717
486;41;824.195;1153.872;66.58;330.0;1216.667;8.0;4;-33.432;-70.792
501;294;3220.781;4509.093;49.441;330.0;1420.0;24.0;3;-33.435;-70.581
502;267;8091.945;11328.723;120.917;0.0;1439.933;43.0;4;-33.396;-70.64
502c;32;506.228;708.719;67.297;330.0;1290.0;8.0;4;-33.421;-70.695
503;324;9327.643;13058.7;120.531;0.0;1439.933;55.0;4;-33.435;-70.652
504;211;6687.758;9362.861;126.208;330.0;1420.0;35.0;4;-33.43;-70.652
505;282;10050.69;14070.966;148.465;60.0;1439.933;54.0;4;-33.447;-70.641
505c;10;308.111;431.355;123.377;330.0;525.0;7.0;2;-33.468;-70.531
506;284;10497.696;14696.774;129.535;0.0;1439.933;45.0;4;-33.5;-70.66
506e;80;2637.183;3692.056;109.889;330.0;1302.0;21.0;4;-33.512;-70.658
506v;230;7973.721;11163.209;132.937;330.0;1439.933;40.0;4;-33.513;-70.643
507;261;8298.607;11618.05;124.521;0.0;1420.0;46.0;4;-33.458;-70.653
507c;107;1541.35;2157.89;55.714;330.0;1297.5;15.0;4;-33.471;-70.59
508;283;9417.494;13184.492;135.48;0.0;1416.0;55.0;4;-33.473;-70.668
509;172;4232.415;5925.382;93.682;60.0;1416.0;21.0;4;-33.489;-70.722
510;195;5814.097;8139.736;122.483;330.0;1420.0;30.0;3;-33.475;-70.643
511;188;6532.295;9145.213;144.738;0.0;1439.933;33.0;4;-33.451;-70.644
513;248;7715.616;10801.863;128.487;0.0;1439.933;39.0;4;-33.447;-70.641
514;216;7959.879;11143.83;147.073;330.0;1439.933;40.0;4;-33.474;-70.663
514c;37;635.654;889.915;84.407;330.0;1297.5;10.0;4;-33.473;-70.59
516;376;10813.629;15139.081;119.562;0.0;1439.933;58.0;3;-33.475;-70.643
517;142;4047.013;5665.819;128.548;330.0;1380.0;29.0;4;-33.448;-70.641
518;261;6631.302;9283.823;111.307;0.0;1439.933;42.0;4;-33.424;-70.648
519;196;4230.378;5922.529;86.819;330.0;1380.0;25.0;4;-33.469;-70.62
541N;22;693.286;970.601;77.003;0.0;300.0;6.0;4;-33.43;-70.656
542;120;3634.023;5087.633;106.439;330.0;1319.95;18.0;4;-33.396;-70.64
546e;23;909.332;1273.065;127.825;330.0;1229.933;8.0;4;-33.467;-70.655
555;188;2488.018;3483.226;28.943;330.0;1410.0;9.0;3;-33.435;-70.757
712;247;10335.788;14470.103;147.488;0.0;1425.0;41.0;6;-33.497;-70.559
722;214;4937.284;6912.197;76.388;0.0;1416.0;21.0;4;-33.392;-70.603
B01;87;1878.236;2629.53;90.373;0.0;1439.933;11.0;2;-33.386;-70.697
B02;78;2275.881;3186.234;135.626;330.0;1380.0;12.0;2;-33.375;-70.646
B02N;15;458.261;641.566;87.943;0.0;1410.0;4.0;2;-33.375;-70.646
B03;117;4264.939;5970.914;157.483;60.0;1410.0;23.0;2;-33.41;-70.774
B04;90;1990.401;2786.562;93.475;60.0;1420.0;10.0;4;-33.365;-70.692
B05;180;2503.206;3504.488;48.005;330.0;1400.0;13.0;4;-33.378;-70.658
B06;186;3067.353;4294.294;67.264;60.0;1416.0;17.0;4;-33.377;-70.701
B07;94;1494.974;2092.964;44.012;330.0;1400.0;8.0;3;-33.365;-70.692
B08;194;2793.341;3910.678;52.372;0.0;1439.933;16.0;4;-33.358;-70.719
B09;64;1794.638;2512.494;85.014;60.0;1400.0;8.0;2;-33.377;-70.765
B10;85;1774.581;2484.414;93.409;330.0;1420.0;11.0;2;-33.358;-70.676
B11;163;2925.778;4096.089;67.832;60.0;1400.0;15.0;4;-33.382;-70.695
B12;177;3946.267;5524.774;82.854;60.0;1420.0;20.0;3;-33.377;-70.701
B12c;87;1033.368;1446.715;43.953;330.0;1229.9;12.0;4;-33.344;-70.733
B13;139;3088.816;4324.343;79.827;330.0;1439.933;21.0;2;-33.334;-70.776
B14;92;2242.627;3139.678;97.288;60.0;1400.0;11.0;2;-33.385;-70.63
B15;83;2096.869;2935.617;100.868;60.0;1400.0;11.0;2;-33.392;-70.625
B16;224;1881.822;2634.551;32.451;60.0;1420.0;13.0;3;-33.367;-70.663
B17;87;1752.854;2453.996;84.839;60.0;1420.0;9.0;2;-33.386;-70.697
B18;179;2123.903;2973.464;38.446;0.0;1439.933;9.0;4;-33.379;-70.686
B18e;152;1155.322;1617.451;18.278;60.0;1410.0;6.0;4;-33.371;-70.709
B19;83;923.106;1292.349;38.4;60.0;1400.0;5.0;1;-33.38;-70.648
B20;80;2785.519;3899.726;131.52;330.0;1400.0;13.0;2;-33.41;-70.774
B21;168;3346.538;4685.154;77.757;60.0;1400.0;17.0;3;-33.384;-70.713
B22;181;2713.803;3799.324;58.891;330.0;1420.0;15.0;3;-33.394;-70.635
B24;86;2263.731;3169.223;113.362;330.0;1400.0;13.0;2;-33.386;-70.697
B25;72;1127.933;1579.106;62.653;60.0;1420.0;6.0;1;-33.38;-70.648
B26;111;3695.433;5173.606;135.551;60.0;1439.933;17.0;2;-33.365;-70.692
B27;184;2466.59;3453.226;59.482;330.0;1416.0;14.0;3;-33.407;-70.636
B28;85;2097.979;2937.17;95.292;330.0;1439.933;10.0;2;-33.386;-70.697
B29;98;3611.232;5055.725;129.332;60.0;1400.0;17.0;2;-33.41;-70.774
B30N;16;576.518;807.125;101.104;0.0;1416.0;5.0;2;-33.41;-70.774
B31N;27;616.501;863.101;56.671;0.0;1400.0;4.0;4;-33.403;-70.703
B32;55;693.383;970.736;39.534;330.0;1400.0;4.0;2;-33.377;-70.725
B33;117;1990.035;2786.049;46.374;330.0;1400.0;13.0;4;-33.365;-70.692
B35;33;683.448;956.827;63.973;390.0;1380.0;3.0;2;-33.365;-70.692
B36;94;1369.433;1917.206;52.801;330.0;1416.0;6.0;2;-33.365;-70.692
B37;37;721.813;1010.538;56.212;330.0;1380.0;4.0;2;-33.365;-70.692
B38;33;920.868;1289.215;102.968;330.0;1290.0;4.0;2;-33.422;-70.765
B41;93;1978.807;2770.33;76.875;330.0;1416.0;9.0;2;-33.364;-70.678
B42;171;2346.086;3284.521;39.799;330.0;1400.0;13.0;4;-33.34;-70.727
B43;166;2998.698;4198.177;62.418;0.0;1416.0;13.0;4;-33.372;-70.704
B45;255;3249.26;4548.964;57.711;330.0;1420.0;28.0;4;-33.367;-70.758
C01;268;5680.393;7952.55;79.314;0.0;1439.933;31.0;3;-33.393;-70.544
C01c;279;3277.866;4589.012;46.874;330.0;1439.933;21.0;4;-33.389;-70.54
C02;131;2290.228;3206.319;71.362;0.0;1439.933;11.0;2;-33.4;-70.506
C02c;289;1384.795;1938.713;19.142;390.0;1302.0;11.0;4;-33.404;-70.526
C03;106;3484.95;4878.93;145.735;0.0;1420.0;19.0;2;-33.427;-70.531
C03c;66;460.676;644.946;35.667;390.0;1229.9;8.0;4;-33.403;-70.543
C05;203;2834.94;3968.916;53.548;330.0;1400.0;17.0;3;-33.398;-70.543
C06;209;3446.801;4825.521;65.662;330.0;1400.0;22.0;3;-33.408;-70.575
C07;250;3059.458;4283.241;47.635;330.0;1410.0;18.0;5;-33.409;-70.593
C09;101;3185.814;4460.139;116.773;60.0;1400.0;14.0;2;-33.332;-70.52
C09c;50;606.929;849.7;49.432;330.0;1220.0;8.0;2;-33.4;-70.506
C10e;185;3746.981;5245.774;35.997;330.0;1275.0;16.0;3;-33.37;-70.584
C11;115;1750.213;2450.298;64.986;330.0;1410.0;11.0;2;-33.414;-70.585
C13;81;2411.743;3376.441;115.484;330.0;1400.0;13.0;2;-33.425;-70.53
C14;315;4740.242;6636.339;40.167;0.0;1416.0;19.0;3;-33.37;-70.562
C15;100;1549.91;2169.875;64.435;330.0;1400.0;10.0;2;-33.414;-70.585
C16;217;3559.927;4983.897;60.575;330.0;1416.0;17.0;4;-33.376;-70.524
C17;88;914.302;1280.023;30.663;330.0;1400.0;6.0;4;-33.345;-70.527
C18;226;4210.565;5894.791;55.36;330.0;1416.0;18.0;4;-33.405;-70.614
C19;182;2550.467;3570.654;53.407;330.0;1400.0;13.0;4;-33.373;-70.556
C20;189;959.4;1343.161;25.417;330.0;1420.0;7.0;2;-33.414;-70.585
C22;141;1063.133;1488.386;24.373;330.0;1380.0;6.0;4;-33.396;-70.578
C25;158;2291.293;3207.81;52.93;0.0;1420.0;12.0;4;-33.432;-70.519
C26c;23;304.386;426.141;47.738;390.0;1215.0;4.0;2;-33.389;-70.62
C27;98;1531.805;2144.527;57.707;330.0;1400.0;9.0;2;-33.399;-70.507
C28;235;4756.487;6659.082;66.256;0.0;1425.0;22.0;4;-33.367;-70.575
C30e;136;2554.983;3576.976;34.927;330.0;1275.0;12.0;3;-33.373;-70.569
C33c;26;198.73;278.221;41.224;390.0;1215.0;4.0;2;-33.393;-70.599
C37;82;1442.632;2019.685;60.634;390.0;1380.0;8.0;2;-33.4;-70.506
D01;82;1787.223;2502.112;89.613;330.0;1439.933;10.0;2;-33.482;-70.524
D02;183;3131.575;4384.205;65.572;330.0;1439.933;16.0;5;-33.468;-70.575
D03;242;3661.732;5126.425;74.249;60.0;1426.667;22.0;3;-33.467;-70.59
D03c;23;435.12;609.169;88.862;330.0;1229.933;7.0;2;-33.481;-70.524
D05;232;3415.569;4781.797;63.834;60.0;1439.933;22.0;3;-33.491;-70.606
D07;205;4228.937;5920.512;85.846;0.0;1439.933;21.0;4;-33.479;-70.587
D07c;27;432.618;605.665;74.136;330.0;1200.0;8.0;2;-33.482;-70.524
D08;113;2946.05;4124.47;102.947;60.0;1439.933;14.0;2;-33.481;-70.524
D09;109;3215.657;4501.92;132.789;0.0;1420.0;19.0;2;-33.481;-70.524
D10;182;4309.688;6033.564;98.992;330.0;1439.933;24.0;4;-33.484;-70.571
D11;205;3072.945;4302.123;60.128;0.0;1439.933;16.0;4;-33.436;-70.535
D13;168;2180.357;3052.499;43.889;330.0;1410.0;10.0;3;-33.487;-70.613
D14;189;1966.457;2753.04;36.748;330.0;1439.933;10.0;3;-33.497;-70.596
D15;97;2981.085;4173.519;120.437;330.0;1439.933;17.0;2;-33.481;-70.524
D16;148;2298.457;3217.839;58.505;330.0;1439.933;11.0;3;-33.469;-70.574
D17;95;2089.198;2924.878;70.367;60.0;1420.0;8.0;1;-33.488;-70.578
D17v;55;1205.693;1687.971;66.577;390.0;1420.0;5.0;1;-33.488;-70.578
D18;230;3894.854;5452.795;66.445;330.0;1439.933;21.0;4;-33.463;-70.576
D20;37;764.546;1070.364;83.598;480.0;1080.0;6.0;2;-33.481;-70.524
D26;64;1310.872;1835.221;75.189;60.0;1416.0;7.0;2;-33.505;-70.563
E01;174;1972.256;2761.158;49.806;330.0;1439.933;13.0;4;-33.552;-70.599
E02;181;2944.058;4121.681;65.659;330.0;1410.0;16.0;3;-33.539;-70.614
E03;229;3341.35;4677.89;58.292;0.0;1439.933;19.0;5;-33.526;-70.604
E04;176;3122.769;4371.877;71.73;330.0;1439.933;18.0;3;-33.518;-70.607
E05;191;2162.101;3026.941;45.835;330.0;1420.0;13.0;3;-33.529;-70.63
E07;183;1239.202;1734.882;29.0;330.0;1439.933;8.0;3;-33.528;-70.573
E08;161;1423.641;1993.098;32.947;330.0;1425.0;9.0;3;-33.542;-70.577
E09;218;2173.038;3042.254;39.776;330.0;1439.933;13.0;3;-33.552;-70.6
E10;165;2395.232;3353.325;51.268;60.0;1400.0;12.0;4;-33.535;-70.591
E11;264;3099.458;4339.241;47.941;60.0;1426.667;23.0;4;-33.553;-70.589
E12;109;4162.876;5828.026;155.187;60.0;1420.0;23.0;2;-33.581;-70.606
E13;199;1847.493;2586.491;39.258;330.0;1426.667;12.0;3;-33.55;-70.602
E14;162;1281.088;1793.523;31.625;330.0;1410.0;8.0;5;-33.538;-70.581
E15c;200;1978.167;2769.434;40.024;330.0;1400.0;12.0;3;-33.55;-70.602
E16;184;2313.365;3238.711;54.249;330.0;1439.933;13.0;4;-33.563;-70.62
E17;156;1321.116;1849.562;34.564;330.0;1425.0;8.0;3;-33.517;-70.573
E18;177;2724.824;3814.753;62.531;60.0;1420.0;15.0;2;-33.529;-70.631
E20;88;1642.978;2300.169;66.979;330.0;1439.933;7.0;2;-33.536;-70.548
F01;185;3008.792;4212.309;60.374;60.0;1420.0;14.0;4;-33.603;-70.56
F01c;60;797.19;1116.066;45.767;60.0;1410.0;8.0;2;-33.608;-70.518
F02;84;1304.959;1826.943;64.6;330.0;1410.0;7.0;2;-33.604;-70.555
F03;199;4625.963;6476.348;84.954;60.0;1439.933;19.0;4;-33.594;-70.633
F03c;70;1170.801;1639.121;78.839;60.0;1410.0;9.0;2;-33.604;-70.556
F05;255;5107.482;7150.474;81.763;0.0;1439.933;25.0;4;-33.571;-70.609
F06;253;5668.521;7935.93;97.024;0.0;1439.933;27.0;4;-33.571;-70.609
F07;89;1818.511;2545.915;77.249;60.0;1410.0;8.0;2;-33.593;-70.602
F08;96;2145.773;3004.083;86.304;0.0;1439.933;9.0;2;-33.597;-70.602
F09;196;2007.963;2811.148;39.662;0.0;1439.933;13.0;4;-33.586;-70.569
F10;263;3892.425;5449.395;57.837;0.0;1426.667;19.0;4;-33.596;-70.584
F10c;54;940.768;1317.075;76.277;60.0;1319.933;12.0;2;-33.629;-70.612
F11;94;1935.355;2709.497;74.499;60.0;1439.933;9.0;2;-33.604;-70.555
F12;123;1362.952;1908.132;45.612;60.0;1416.0;8.0;3;-33.619;-70.593
F12c;82;790.572;1106.8;35.406;330.0;1302.0;7.0;3;-33.619;-70.593
F13;259;4704.179;6585.851;71.624;0.0;1439.933;22.0;4;-33.596;-70.584
F13c;52;418.857;586.399;29.522;330.0;1302.0;5.0;2;-33.563;-70.556
F14;234;3464.538;4850.353;61.715;60.0;1439.933;24.0;4;-33.603;-70.589
F15;179;2741.61;3838.254;60.27;0.0;1425.0;13.0;3;-33.599;-70.598
F16;186;2014.577;2820.408;45.743;60.0;1439.933;10.0;2;-33.61;-70.59
F18;217;2378.524;3329.934;42.657;0.0;1439.933;13.0;4;-33.619;-70.594
F20;234;5179.877;7251.827;82.618;0.0;1425.0;21.0;5;-33.571;-70.609
F24;179;2711.79;3796.506;48.174;60.0;1416.0;12.0;4;-33.603;-70.557
F25;189;3746.137;5244.591;78.749;0.0;1439.933;18.0;5;-33.574;-70.605
F25e;80;1393.76;1951.264;42.224;330.0;1302.0;9.0;5;-33.572;-70.605
F26;100;2392.531;3349.543;83.534;60.0;1410.0;11.0;2;-33.597;-70.601
F27;146;2740.919;3837.287;78.557;60.0;1425.0;18.0;1;-33.594;-70.602
F28;156;1680.128;2352.18;40.266;330.0;1420.0;10.0;4;-33.619;-70.593
F29;181;3537.004;4951.805;68.667;60.0;1410.0;16.0;4;-33.606;-70.536
F30N;27;925.891;1296.248;88.014;0.0;1380.0;6.0;4;-33.537;-70.633
F33;223;2242.844;3139.981;39.91;0.0;1439.933;13.0;4;-33.619;-70.593
G01;218;3838.144;5373.402;65.311;0.0;1425.0;17.0;4;-33.565;-70.656
G01c;72;818.27;1145.578;42.529;330.0;1218.0;10.0;4;-33.549;-70.67
G02;175;2859.602;4003.443;54.508;330.0;1410.0;21.0;4;-33.632;-70.687
G04;351;3050.07;4270.099;36.359;0.0;1439.9;19.0;4;-33.551;-70.634
G05;252;3835.118;5369.165;58.593;60.0;1425.0;24.0;4;-33.567;-70.635
G07;156;3912.358;5477.302;81.228;330.0;1439.933;18.0;4;-33.626;-70.692
G08;251;4530.191;6342.267;66.903;0.0;1425.0;22.0;5;-33.581;-70.679
G08v;208;4343.488;6080.884;69.051;330.0;1439.933;21.0;3;-33.585;-70.685
G09;105;4479.159;6270.823;161.388;60.0;1410.0;21.0;2;-33.532;-70.702
G11;128;4169.024;5836.634;127.327;0.0;1439.933;20.0;4;-33.517;-70.662
G12;188;3092.429;4329.4;53.096;330.0;1425.0;13.0;3;-33.525;-70.681
G13;352;5153.363;7214.708;58.745;330.0;1428.0;29.0;2;-33.568;-70.635
G13c;35;736.186;1030.66;88.352;330.0;1218.0;9.0;2;-33.598;-70.609
G14;191;3006.979;4209.771;61.921;330.0;1439.933;19.0;3;-33.612;-70.68
G15;240;2514.635;3520.489;42.289;60.0;1425.0;16.0;4;-33.551;-70.634
G16;250;4184.762;5858.667;57.135;0.0;1439.933;22.0;5;-33.567;-70.636
G18;193;3350.156;4690.218;75.504;330.0;1439.933;18.0;3;-33.54;-70.633
G22;349;4997.667;6996.734;54.266;330.0;1439.9;29.0;5;-33.581;-70.682
G23;206;2383.872;3337.421;41.334;330.0;1439.933;16.0;3;-33.586;-70.663
G24;102;2448.985;3428.579;87.608;60.0;1400.0;14.0;2;-33.651;-70.662
G27;75;1211.549;1696.169;56.489;330.0;1400.0;6.0;2;-33.632;-70.707
G28;105;3531.528;4944.139;134.907;60.0;1420.0;18.0;2;-33.602;-70.685
G31;92;461.36;645.904;18.684;60.0;1380.0;6.0;4;-33.594;-70.671
G32;102;1677.601;2348.642;66.65;330.0;1410.0;11.0;2;-33.63;-70.689
G34;62;900.839;1261.174;49.0;330.0;1400.0;4.0;2;-33.567;-70.706
G35;94;2095.087;2933.122;80.259;330.0;1410.0;10.0;2;-33.595;-70.607
G37;24;381.9;534.66;46.606;330.0;1320.0;4.0;3;-33.644;-70.724
G38;105;2367.937;3315.111;68.288;60.0;1439.933;10.0;2;-33.632;-70.707
G39;98;3334.927;4668.898;126.005;330.0;1420.0;17.0;2;-33.534;-70.701
G43;180;1299.329;1819.061;31.232;330.0;1400.0;10.0;3;-33.594;-70.688
G46;22;447.176;626.047;65.433;330.0;1320.0;2.0;2;-33.615;-70.709
H03;171;2111.724;2956.414;47.39;330.0;1439.933;14.0;5;-33.519;-70.688
H05;154;2324.652;3254.513;59.783;330.0;1420.0;13.0;4;-33.498;-70.661
H07;162;2461.338;3445.873;54.767;330.0;1420.0;12.0;4;-33.493;-70.644
H08;172;1369.658;1917.521;27.985;330.0;1439.933;8.0;3;-33.521;-70.682
H09;152;2187.706;3062.788;60.6;330.0;1416.0;13.0;4;-33.498;-70.661
H12;140;2205.949;3088.329;59.076;330.0;1416.0;10.0;3;-33.501;-70.677
H13;97;3381.479;4734.07;147.814;60.0;1380.0;20.0;2;-33.523;-70.679
H24;165;3521.278;4929.79;85.138;60.0;1420.0;19.0;4;-33.496;-70.691
I01;197;4619.935;6467.909;87.252;0.0;1420.0;20.0;5;-33.502;-70.715
I02;173;3497.985;4897.179;80.185;60.0;1416.0;20.0;4;-33.485;-70.767
I03;243;5761.074;8065.504;88.815;60.0;1439.933;28.0;3;-33.491;-70.734
I03c;27;242.087;338.922;33.916;390.0;1216.667;5.0;4;-33.473;-70.717
I04;217;5308.411;7431.775;88.856;0.0;1439.933;26.0;4;-33.497;-70.731
I04c;55;490.729;687.02;31.801;390.0;1218.0;9.0;4;-33.525;-70.763
I04e;12;54.313;76.039;13.533;390.0;540.0;2.0;2;-33.525;-70.763
I05;153;2832.164;3965.029;68.602;60.0;1420.0;15.0;3;-33.514;-70.732
I07;169;2304.776;3226.686;61.963;330.0;1410.0;13.0;4;-33.492;-70.772
I08;412;6112.091;8556.927;51.335;330.0;1439.817;28.0;3;-33.464;-70.725
I08N;23;476.783;667.496;43.44;0.0;303.0;4.0;3;-33.458;-70.704
I08c;15;35.209;49.292;8.3;390.0;540.0;2.0;2;-33.487;-70.758
I09;473;9056.791;12679.508;71.921;60.0;1439.933;40.0;4;-33.476;-70.727
I09c;45;589.062;824.687;49.186;390.0;1215.0;7.0;4;-33.483;-70.754
I09e;65;1275.681;1785.953;75.336;330.0;1229.933;20.0;4;-33.476;-70.727
I10;251;5433.583;7607.016;85.713;330.0;1439.933;29.0;3;-33.491;-70.734
I10N;25;593.341;830.677;57.663;0.0;329.867;5.0;4;-33.492;-70.718
I11;286;4534.767;6348.673;59.144;60.0;1439.933;30.0;4;-33.532;-70.791
I11N;20;281.861;394.605;30.317;0.0;296.25;2.0;4;-33.533;-70.767
I12;180;3193.593;4471.03;63.18;60.0;1420.0;16.0;4;-33.502;-70.753
I13;179;2173.901;3043.461;45.911;60.0;1425.0;11.0;3;-33.472;-70.722
I14;206;3072.251;4301.151;58.25;330.0;1439.933;18.0;4;-33.485;-70.696
I14N;22;397.163;556.029;41.073;0.0;300.0;4.0;3;-33.482;-70.682
I16;181;1906.796;2669.515;41.82;60.0;1420.0;10.0;4;-33.473;-70.696
I17;165;1616.585;2263.219;41.364;330.0;1400.0;10.0;3;-33.461;-70.706
I18;173;3782.068;5294.895;77.852;330.0;1420.0;17.0;4;-33.479;-70.739
I20;181;2024.034;2833.647;33.694;330.0;1439.933;9.0;4;-33.477;-70.74
I21;165;1600.784;2241.098;33.64;330.0;1439.933;9.0;4;-33.53;-70.775
I22;188;979.679;1371.55;17.513;330.0;1420.0;7.0;3;-33.493;-70.768
I24;165;3039.965;4255.95;60.021;330.0;1420.0;14.0;4;-33.517;-70.774
I25;108;3358.011;4701.216;92.551;60.0;1410.0;16.0;2;-33.48;-70.717
I26;77;2343.3;3280.619;114.534;60.0;1400.0;12.0;2;-33.521;-70.801
I35;329;5631.772;7884.481;67.708;60.0;1439.933;32.0;3;-33.54;-70.781
I39;34;216.351;302.891;20.303;330.0;1380.0;1.0;2;-33.501;-70.701
J01;265;5210.122;7294.17;70.904;60.0;1439.933;31.0;4;-33.443;-70.729
J01c;20;79.576;111.406;16.893;390.0;1200.0;2.0;4;-33.43;-70.718
J02;76;2015.472;2821.66;99.593;330.0;1416.0;10.0;2;-33.429;-70.772
J03;82;2168.295;3035.612;101.009;330.0;1416.0;13.0;2;-33.422;-70.765
J04;221;2153.477;3014.868;34.971;330.0;1420.0;13.0;3;-33.436;-70.745
J05;86;2475.08;3465.112;110.027;330.0;1416.0;13.0;2;-33.421;-70.767
J06;58;507.248;710.147;27.715;330.0;1380.0;3.0;4;-33.449;-70.73
J07;69;3977.362;5568.306;145.377;60.0;1410.0;13.0;2;-33.427;-70.769
J07c;14;194.334;272.068;46.207;390.0;525.0;7.0;2;-33.41;-70.757
J07e;67;3628.409;5079.772;144.064;60.0;1410.0;12.0;2;-33.427;-70.769
J08;196;3782.849;5295.988;66.742;0.0;1420.0;17.0;4;-33.439;-70.734
J10;172;2856.791;3999.507;67.429;330.0;1439.933;15.0;3;-33.428;-70.724
J11;109;1623.365;2272.711;28.023;330.0;1410.0;7.0;4;-33.458;-70.769
J12;176;3664.291;5130.007;47.024;330.0;1416.0;15.0;4;-33.461;-70.792
J13;182;2713.245;3798.543;59.609;0.0;1439.933;14.0;4;-33.436;-70.721
J13c;185;1546.399;2164.959;31.121;330.0;1416.0;10.0;4;-33.433;-70.743
J15c;171;1565.756;2192.058;34.513;330.0;1410.0;10.0;4;-33.436;-70.745
J16;70;2221.264;3109.769;118.475;330.0;1400.0;11.0;2;-33.422;-70.765
J17;58;492.785;689.899;25.396;390.0;1380.0;2.0;3;-33.454;-70.75
J18;229;2367.703;3314.784;34.03;60.0;1439.933;10.0;4;-33.437;-70.748
J18c;37;269.443;377.22;28.218;390.0;1319.933;5.0;4;-33.44;-70.747
J19;166;2165.557;3031.78;44.497;330.0;1400.0;15.0;4;-33.442;-70.731
J20;83;1080.224;1512.314;53.59;330.0;1410.0;7.0;2;-33.421;-70.767
J22;24;525.474;735.663;47.824;60.0;1230.0;3.0;3;-33.458;-70.806
