route_id;stop_id;n_como_origen;n_como_destino
101;PB1;82;0
101;PI883;89;0
102;PF1106;89;0
102;PI1840;95;0
103;PC151;107;0
103;PD614;110;0
104;PC37;200;183
104;PF696;183;0
105;PB1892;130;0
105;PG1634;132;0
105c;PG1634;39;0
106;PE42;102;0
106;PI1857;106;0
107;PB101;153;0
107;PD614;163;0
107c;PB115;24;19
107c;PJ1961;19;0
108;PE42;106;0
108;PI1857;113;0
109;PB1520;111;0
109;PI1857;116;0
109N;PA343;11;0
109N;PI1857;11;0
110;PI223;103;0
110;PJ1961;100;0
110c;PB2028;85;0
110c;PI241;89;0
111;PI1939;99;0
111;PI755;96;99
113;PA166;88;0
113;PI1939;92;0
113c;PI1093;27;0
113c;PI181;20;0
113e;PA675;29;14
113e;PI1939;14;0
114;PD164;93;0
114;PF696;92;0
115;PA166;97;0
115;PI1547;99;0
115c;PI1547;32;0
116;PB2074;95;95
117;PB1575;107;108
117;PD614;108;0
117c;PB335;42;0
118;PE1503;99;0
118;PI1408;99;0
119;PA354;131;0
119;PG1706;135;0
120;PB60;102;0
120;PG406;94;0
121;PA354;100;0
121;PG1706;103;0
124;PD896;104;0
124;PF467;102;0
125;PA344;90;0
125;PG1707;87;0
126;PE505;89;0
201;PB241;144;0
201;PG1581;141;0
201e;PA190;138;0
201e;PG1581;143;0
203;PB299;114;0
203;PG1779;111;0
203N;PB1607;13;0
203N;PG190;13;0
203c;PG1779;109;0
203e;PA88;66;0
203e;PG1779;74;0
204;PA115;156;160
204;PF1106;160;0
204N;PA115;12;14
204N;PF1106;14;0
205;PA138;108;107
205;PF93;107;0
206;PA88;132;0
206;PG1779;143;0
206c;PG1779;44;0
206c;PH138;42;0
207;PA158;148;0
207;PF1140;148;0
207c;PF1140;55;0
207e;PA158;51;0
207e;PF1140;56;0
208;PB1607;169;0
208c;PB1607;156;0
209;PA138;112;122
209;PF1140;122;0
209c;PF1140;62;0
210;PF93;188;0
210;PI1840;181;0
210e;PF126;20;0
210e;PI910;19;0
210v;PF1106;113;0
210v;PI1840;113;0
211;PD1641;110;112
211;PG1607;112;0
211c;PG1453;178;0
211c;PG1583;174;178
212;PC187;156;0
212;PG1347;161;0
213e;PA698;103;0
213e;PF951;95;0
214;PB911;109;0
214;PH318;109;0
216;PC101;154;0
216;PG888;165;0
217e;PA190;19;21
217e;PG922;21;0
219e;PB101;42;0
219e;PG1583;46;18
223;PA720;125;0
223;PH73;121;0
224;PD78;110;0
224;PF62;105;0
225;PC144;110;0
225;PF1010;108;0
225c;PF1010;35;0
226;PA88;117;0
226;PF152;123;0
227;PD271;95;96
227;PI1307;96;0
228;PG1583;155;158
228;PG741;158;155
229;PA215;101;0
229;PG1779;107;0
230;PB241;105;0
233;PF947;102;0
234;PA115;95;91
234;PF62;91;0
244;PF843;61;0
245;PF152;123;0
246;PG2161;81;0
262N;PD1641;12;11
262N;PG1453;11;0
264N;PB244;12;0
264N;PE1268;12;0
271;PA397;96;95
271;PG367;95;0
272;PB241;109;0
282;PF95;14;0
282;PG922;14;0
286;PC329;110;0
286;PG2024;102;0
301;PB2035;242;0
301;PG367;242;0
301c;PG1583;126;135
301c;PG367;135;0
302;PA229;101;0
302;PG864;109;0
302N;PA344;11;11
302N;PG864;11;0
303;PA373;134;133
303;PB2036;133;0
306;PB2035;113;0
306;PH468;116;0
307;PB1667;137;0
307c;PB1667;117;0
307c;PB1989;122;0
307e;PA169;49;0
307e;PB1719;56;0
308;PA87;113;0
308;PB1667;119;0
308c;PB1667;107;0
313e;PA331;23;18
313e;PB493;35;0
313e;PI1075;20;17
314;PB1667;109;0
314c;PB1667;52;0
315e;PA169;145;0
315e;PB1667;98;0
315e;PB1719;66;0
320;PA829;73;84
320;PE505;84;0
320c;PE1282;18;19
320c;PE505;19;0
321;PG1585;77;0
321;PH1511;77;0
322;PE1282;98;94
322;PE1493;94;0
323;PE1282;93;90
323;PE1493;90;0
325;PD428;83;0
325;PF1010;82;0
329;PE1419;93;94
329;PI981;94;0
345;PA816;82;0
345;PH1511;83;0
346N;PA344;11;11
346N;PH1511;11;0
348;PG1585;94;90
348;PI949;90;0
385;PE1419;88;87
385;PI1159;87;0
401;PC1223;129;0
401;PI1857;126;0
401c;PC1223;12;0
401c;PC586;12;0
402;PJ2026;100;0
403;PA78;136;0
403;PD738;132;0
404;PI241;107;0
404c;PI241;32;0
404c;PJ165;27;0
405;PC290;141;141
405;PI1857;141;0
405c;PC290;62;62
406;PC290;146;156
406;PJ1797;156;0
406c;PC160;49;0
407;PC1223;156;0
407;PJ1766;157;0
408;PA380;127;128
408;PJ429;128;0
408e;PA380;15;19
408e;PB2043;19;0
409;PA354;121;110
409;PC609;110;0
410;PB1900;119;0
410;PC349;121;119
410e;PB2043;20;0
411;PC1248;95;0
411;PC203;108;95
412;PD1424;106;0
412;PJ2026;101;0
414e;PC372;29;0
414e;PJ1570;21;0
415e;PC1065;22;0
415e;PJ193;23;0
417e;PC378;18;0
417e;PI1857;18;0
418;PE1517;107;0
418;PJ1972;108;0
419;PA343;84;0
419;PI1666;91;0
420;PD614;41;0
421;PC1320;109;0
421;PI1857;120;0
421c;PC1320;27;0
422;PD1429;106;0
422;PJ1797;105;0
422c;PJ149;22;0
422c;PJ793;21;0
423;PA343;92;0
423;PI1668;88;0
424;PA92;87;0
424;PI241;89;0
425;PB541;162;0
425;PD381;159;162
426;PC434;153;151
426;PJ114;153;0
428;PB1894;27;31
428;PB1985;105;0
428;PG1583;111;105
428;PG204;31;0
428e;PB1894;6;0
428e;PB1984;44;0
428e;PG1583;47;44
428e;PG204;8;0
429;PB603;108;0
429;PD381;105;108
429c;PB617;39;0
429c;PC155;34;39
430;PB617;136;0
430;PC434;126;136
431c;PI1840;28;0
431c;PI1857;17;0
432N;PD1215;11;0
432N;PI1857;11;0
435;PB617;106;0
435;PC332;95;106
444;PG1583;69;62
444;PG204;6;0
444;PJ2028;68;75
445c;PA668;24;0
445c;PC257;33;0
481;PA343;93;0
481;PI1668;101;0
486;PJ1972;5;0
486;PJ2024;36;0
501;PC1223;148;0
501;PC503;146;148
502;PC1133;132;0
502;PJ1986;135;0
502c;PA393;17;0
502c;PJ256;15;0
503;PC1223;162;0
503;PJ116;162;0
504;PC1223;104;0
504;PJ1686;107;0
505;PD1215;143;0
505;PJ429;139;0
505c;PD1215;10;0
506;PD1429;142;0
506;PI369;142;0
506e;PD732;40;0
506e;PI1408;40;0
506v;PD544;114;0
506v;PI1513;116;0
507;PD1429;130;0
507;PJ1797;131;0
507c;PA435;54;0
507c;PD1429;53;0
508;PD615;141;0
508;PJ1797;142;0
509;PA396;86;0
509;PI1408;86;0
510;PD1429;98;0
510;PI212;97;98
511;PD1429;94;0
511;PJ1986;94;0
513;PD1215;123;0
513;PJ429;125;0
514;PD615;107;0
514;PJ681;109;0
514c;PC563;26;0
514c;PD615;11;0
516;PD1429;187;0
516;PI212;189;187
517;PD1215;71;0
517;PJ1785;71;0
518;PC668;130;0
518;PJ1986;131;0
519;PD1429;99;0
519;PJ96;97;0
541N;PC1223;11;0
541N;PJ1797;11;0
542;PC1133;60;0
542;PJ1986;60;0
546e;PC680;12;0
546e;PI1513;11;0
555;PJ2002;94;0
555;PJ2005;94;94
712;PC1118;111;0
712;PC741;9;0
712;PF1147;127;0
722;PB2073;104;0
722;PC1223;110;0
B01;PB1854;87;0
B02;PB739;78;0
B02N;PB739;15;0
B03;PB1892;117;0
B04;PB1000;5;0
B04;PB1990;85;0
B05;PB1581;90;0
B05;PB1983;90;0
B06;PB534;94;0
B06;PB724;92;0
B07;PB1894;5;5
B07;PB1986;89;0
B08;PB1574;102;0
B08;PB541;92;0
B09;PJ1589;64;0
B10;PB2073;85;0
B11;PB1632;81;0
B11;PB534;82;0
B12;PB541;87;0
B12;PB724;90;87
B12c;PB1010;44;0
B12c;PB541;43;0
B13;PB2225;139;0
B14;PB752;92;0
B15;PB105;83;0
B16;PB1575;112;112
B16;PB2245;112;0
B17;PB1854;87;0
B18;PB1575;94;84
B18;PB1679;85;0
B18e;PB1679;74;0
B18e;PB1991;78;0
B19;PB1575;83;83
B20;PB1892;80;0
B21;PB1498;83;85
B21;PB534;85;0
B22;PB1613;91;90
B22;PB1736;90;0
B24;PB1854;86;0
B25;PB1575;72;72
B26;PB1990;111;0
B27;PB1575;92;92
B27;PC1226;92;0
B28;PB1854;85;0
B29;PB1892;98;0
B30N;PB1892;16;0
B31N;PA109;13;0
B31N;PB541;14;0
B32;PB1679;55;0
B33;PB1987;112;0
B33;PB242;5;0
B35;PB1983;33;0
B36;PB1982;94;0
B37;PB1986;37;0
B38;PJ1986;33;0
B41;PB1611;93;0
B42;PB1988;86;0
B42;PB2190;85;0
B43;PB1228;2;0
B43;PB1575;82;82
B43;PB541;82;0
B45;PB1667;128;0
B45;PB2036;127;0
C01;PC598;133;0
C01;PC618;135;133
C01c;PC1308;138;0
C01c;PC74;141;0
C02;PC622;131;0
C02c;PC1064;148;0
C02c;PC622;141;0
C03;PC668;106;0
C03c;PC655;34;0
C03c;PC668;32;0
C05;PC618;102;101
C05;PC735;101;0
C06;PB101;106;0
C06;PC667;103;106
C07;PC1118;113;0
C07;PC618;127;123
C07;PC741;10;0
C09;PC799;101;0
C09c;PC622;50;0
C10e;PC1098;92;0
C10e;PC1330;93;92
C11;PC876;115;0
C13;PC1223;81;0
C14;PC617;158;157
C14;PC907;157;0
C15;PC876;100;0
C16;PC1043;110;0
C16;PC453;107;0
C17;PC602;44;0
C17;PC765;44;0
C18;PB1613;112;0
C18;PC57;114;0
C19;PC1011;91;0
C19;PC74;91;0
C20;PC876;189;0
C22;PC1090;71;0
C22;PC759;70;0
C25;PC1320;80;0
C25;PD1215;78;0
C26c;PB101;23;0
C27;PC1320;98;0
C28;PC1098;116;0
C28;PC74;119;0
C30e;PC1335;66;0
C30e;PC154;70;66
C33c;PC1345;26;0
C37;PC622;82;0
D01;PD1655;82;0
D02;PD1429;89;0
D02;PD329;85;0
D02;PD347;9;0
D03;PA494;121;121
D03;PD1429;121;0
D03c;PD1429;23;0
D05;PA824;116;116
D05;PD614;116;0
D07;PA825;104;99
D07;PA830;2;0
D07;PD1429;99;0
D07c;PD1655;27;0
D08;PD1429;113;0
D09;PD1429;109;0
D10;PD1429;89;0
D10;PD1612;93;0
D11;PC1053;106;0
D11;PD1429;99;0
D13;PD428;84;0
D13;PE1282;84;84
D14;PD1613;96;93
D14;PD193;93;0
D15;PD1429;97;0
D16;PC1022;74;74
D16;PD614;74;0
D17;PD1613;95;95
D17v;PD1613;55;55
D18;PC1003;113;0
D18;PD1429;117;0
D20;PD1429;37;0
D26;PD614;64;0
E01;PE187;85;0
E01;PE278;89;0
E02;PE340;90;0
E02;PG1585;91;90
E03;PE1493;116;0
E03;PG1585;89;86
E03;PG446;24;0
E04;PA826;87;89
E04;PE278;89;0
E05;PE1282;95;96
E05;PG1934;96;0
E07;PE1282;94;89
E07;PE1493;89;0
E08;PE1282;82;79
E08;PF481;79;0
E09;PE187;108;110
E09;PE340;110;0
E10;PE116;83;0
E10;PE1493;82;0
E11;PF408;134;0
E11;PG1624;130;0
E12;PF1010;109;0
E13;PE1282;104;95
E13;PF1010;95;0
E14;PE1282;83;79
E14;PE278;52;0
E14;PE281;27;0
E15c;PE1282;98;102
E15c;PF1010;102;0
E16;PE187;96;0
E16;PF1010;88;0
E17;PE1282;78;78
E17;PE505;78;0
E18;PE1282;88;89
E18;PG1583;89;88
E20;PE1493;88;0
F01;PF1147;95;0
F01;PF1176;90;0
F01c;PF1147;60;0
F02;PF152;84;0
F03;PF152;102;0
F03;PG1202;97;0
F03c;PF152;70;0
F05;PF152;127;0
F05;PG1583;126;127
F05;PG212;2;0
F06;PF152;129;0
F06;PG1583;122;129
F06;PG212;2;0
F07;PF965;89;0
F08;PF1176;96;0
F09;PF152;97;0
F09;PF446;99;0
F10;PF2;136;0
F10;PF467;127;0
F10c;PF467;54;0
F11;PF152;94;0
F12;PF212;62;61
F12;PF467;61;0
F12c;PF212;43;39
F12c;PF467;39;0
F13;PF2;131;0
F13;PF467;128;0
F13c;PF2;52;0
F14;PF1202;116;0
F14;PF93;118;0
F15;PF446;89;90
F15;PF467;90;0
F16;PF257;90;96
F16;PF965;96;90
F18;PF212;107;0
F18;PF467;110;0
F20;PF152;117;0
F20;PG1583;115;114
F20;PG212;2;0
F24;PF1191;90;0
F24;PF988;89;0
F25;PE1282;93;93
F25;PE1484;2;0
F25;PF467;94;0
F25e;PE1282;37;43
F25e;PF467;27;0
F25e;PF535;16;0
F26;PF1136;100;0
F27;PF965;146;146
F28;PF1140;76;0
F28;PF152;80;0
F29;PF1147;89;0
F29;PF152;92;0
F30N;PA215;14;0
F30N;PF467;13;0
F33;PF213;110;0
F33;PF467;113;0
G01;PE708;109;0
G01;PG2082;109;0
G01c;PE1277;36;0
G01c;PG2082;36;0
G02;PG1788;84;0
G02;PG2106;91;0
G04;PE1268;183;0
G04;PG1583;167;183
G04;PG204;1;0
G05;PF947;130;0
G05;PG1583;100;104
G05;PG212;22;26
G07;PG1347;80;0
G07;PG1798;76;0
G08;PG1443;127;0
G08;PG1583;89;92
G08;PG204;35;0
G08v;PG1583;103;105
G08v;PG1790;105;0
G09;PH73;105;0
G11;PG1;2;0
G11;PG1585;126;0
G12;PG1585;94;94
G12;PG421;94;0
G13;PG1583;171;181
G13;PG1766;181;171
G13c;PG2024;35;0
G14;PG1942;98;93
G14;PG2106;93;0
G15;PE1268;121;0
G15;PG1583;95;97
G15;PG212;24;24
G16;PG1583;116;131
G16;PG1767;132;0
G16;PG204;2;0
G18;PE708;94;0
G18;PG1585;99;94
G22;PG1453;174;0
G22;PG1583;141;141
G22;PG204;34;0
G23;PG190;103;0
G23;PG1942;103;103
G24;PG2106;102;0
G27;PG1790;75;0
G28;PG367;105;0
G31;PG367;45;0
G31;PG864;47;0
G32;PG1983;102;0
G34;PG2082;62;0
G35;PF947;94;0
G37;PG2034;12;0
G37;PG741;12;12
G38;PG1790;105;0
G39;PG1635;98;0
G43;PG1942;90;90
G43;PG2010;90;0
G46;PG922;22;0
H03;PG1585;68;68
H03;PG1587;19;0
H03;PI981;84;0
H05;PD1609;78;0
H05;PI1429;76;0
H07;PA637;83;0
H07;PG1585;79;74
H08;PG1585;85;87
H08;PH468;87;0
H09;PD1609;76;0
H09;PI1429;76;0
H12;PA828;71;69
H12;PH468;69;0
H13;PH318;97;0
H24;PH495;82;0
H24;PI1307;83;0
I01;PA104;91;0
I01;PA151;8;0
I01;PI528;98;0
I02;PI527;85;0
I02;PI949;88;0
I03;PA191;123;120
I03;PI528;120;0
I03c;PI1079;13;0
I03c;PI1495;14;0
I04;PI878;106;0
I04;PI911;111;0
I04c;PI228;25;0
I04c;PI878;30;0
I04e;PI1676;12;0
I05;PG1585;78;75
I05;PI951;75;0
I07;PI1024;86;0
I07;PI949;83;0
I08;PI1230;217;195
I08;PI1597;195;0
I08N;PA374;11;12
I08N;PI1597;12;0
I08c;PI1416;15;0
I09;PA345;231;0
I09;PI949;242;0
I09c;PI949;24;0
I09c;PJ539;21;0
I09e;PA345;30;0
I09e;PI949;35;0
I10;PA191;124;127
I10;PI528;127;0
I10N;PA344;11;0
I10N;PI528;14;0
I11;PI1939;142;0
I11;PI949;144;0
I11N;PI1939;10;0
I11N;PI228;10;0
I12;PI1573;90;0
I12;PI1979;90;0
I13;PI1788;87;92
I13;PI911;92;0
I14;PA657;104;0
I14;PI1979;102;0
I14N;PA374;11;11
I14N;PI981;11;0
I16;PI1266;89;0
I16;PI1589;92;0
I17;PA191;83;82
I17;PI1159;82;0
I18;PA657;90;0
I18;PI949;83;0
I20;PI1018;88;0
I20;PI13;93;0
I21;PI1402;82;0
I21;PI228;83;0
I22;PI1126;90;0
I22;PI1788;98;90
I24;PI1979;84;0
I24;PI942;81;0
I25;PI1824;108;0
I26;PI1857;77;0
I35;PI1788;160;169
I35;PI1930;169;0
I39;PI1976;34;0
J01;PA5;132;0
J01;PJ1726;133;0
J01c;PJ1586;8;0
J01c;PJ604;12;0
J02;PJ818;76;0
J03;PJ1986;82;0
J04;PJ2000;115;0
J04;PJ686;106;115
J05;PJ2000;86;0
J06;PI754;29;0
J06;PJ1741;29;0
J07;PJ1983;69;0
J07c;PJ1741;14;0
J07e;PJ1983;67;0
J08;PI241;99;0
J08;PJ1961;97;0
J10;PA701;87;85
J10;PJ818;85;0
J11;PJ939;55;0
J11;PJ96;54;0
J12;PJ2042;91;0
J12;PJ96;85;0
J13;PA367;92;0
J13;PJ1986;90;0
J13c;PJ1896;89;0
J13c;PJ1986;96;0
J15c;PJ1581;86;0
J15c;PJ2000;85;0
J16;PJ1986;70;0
J17;PJ1059;29;0
J17;PJ96;29;29
J18;PJ1587;113;0
J18;PJ818;116;0
J18c;PJ1587;26;0
J18c;PJ377;11;0
J19;PA191;74;0
J19;PA547;10;12
J19;PJ1726;82;84
J20;PJ2000;83;0
J22;PI754;12;12
J22;PJ2053;12;0
101;PB50;0;89
101;PI1243;0;82
102;PF879;0;95
102;PI1841;0;89
103;PC1;0;110
103;PD620;0;107
104;PF1206;0;200
105;PB1891;0;132
105;PG1704;0;130
105c;PG1704;0;39
106;PE40;0;106
106;PI1858;0;102
107;PB115;0;163
107;PD620;0;153
107c;PB2012;0;24
108;PE40;0;113
108;PI1858;0;106
109;PB1541;0;116
109;PI1858;0;111
109N;PA171;0;11
109N;PI1858;0;11
110;PB69;0;103
110;PI111;0;100
110c;PB2029;0;89
110c;PI212;0;85
111;PI1938;0;96
113;PA81;0;92
113;PI1938;0;88
113c;PI1938;0;20
113c;PI289;0;27
113e;PI1938;0;29
114;PD163;0;92
114;PF1206;0;93
115;PA81;0;99
115;PI1514;0;97
115c;PI1514;0;32
117;PD620;0;107
117c;PB298;0;42
118;PE504;0;99
118;PI1405;0;99
119;PA353;0;135
119;PG1635;0;131
120;PB91;0;94
120;PG264;0;102
121;PA353;0;103
121;PG1635;0;100
124;PD149;0;102
124;PF494;0;104
125;PA339;0;87
125;PG1635;0;90
126;PE504;0;89
201;PB1624;0;141
201;PG1580;0;144
201e;PA243;0;143
201e;PG1580;0;138
203;PB334;0;111
203;PG1756;0;114
203N;PB1558;0;13
203N;PG180;0;13
203c;PG1756;0;109
203e;PA160;0;74
203e;PG1756;0;66
204;PF879;0;156
204N;PF879;0;12
205;PF89;0;108
206;PA160;0;143
206;PG1756;0;132
206c;PG1756;0;42
206c;PH161;0;44
207;PA161;0;148
207;PF1109;0;148
207c;PF1109;0;55
207e;PA161;0;56
207e;PG1918;0;51
208;PB1558;0;169
208c;PB1558;0;156
209;PF1108;0;112
209c;PF494;0;62
210;PF89;0;181
210;PI1841;0;188
210e;PF88;0;19
210e;PI1841;0;20
210v;PF879;0;113
210v;PI1841;0;113
211;PG1702;0;110
211c;PG1456;0;174
212;PC1257;0;161
212;PG1756;0;156
213e;PC145;0;95
213e;PF1152;0;103
214;PB1610;0;109
214;PH695;0;109
216;PC100;0;165
216;PG1756;0;154
217e;PG1900;0;19
219e;PB1560;0;46
219e;PG212;0;24
223;PA212;0;121
223;PH358;0;125
224;PD77;0;105
224;PF60;0;110
225;PC143;0;108
225;PF112;0;110
225c;PF112;0;35
226;PA47;0;123
226;PF151;0;117
227;PI1947;0;95
229;PA213;0;107
229;PG1756;0;101
230;PB1624;0;105
233;PG1766;0;102
234;PF60;0;95
244;PF57;0;61
245;PF151;0;123
246;PG2163;0;81
262N;PG1456;0;12
264N;PB1624;0;12
264N;PE729;0;12
271;PG1993;0;96
272;PB1624;0;109
282;PF94;0;14
282;PG1900;0;14
286;PC144;0;102
286;PG1766;0;110
301;PB1335;0;242
301;PG366;0;242
301c;PG366;0;126
302;PA244;0;109
302;PG889;0;101
302N;PG889;0;11
303;PB2027;0;134
306;PB1335;0;116
306;PH467;0;113
307;PB1666;0;137
307c;PB1666;0;122
307c;PB1979;0;117
307e;PA371;0;56
307e;PB650;0;49
308;PA84;0;119
308;PB1666;0;113
308c;PB1666;0;107
313e;PB2149;0;43
314;PB1666;0;109
314c;PB1666;0;52
315e;PA371;0;164
315e;PB1666;0;81
315e;PB650;0;64
320;PE1338;0;73
320c;PE1338;0;18
321;PG1167;0;77
321;PH467;0;77
322;PE1377;0;98
323;PE1377;0;93
325;PD427;0;82
325;PF112;0;83
329;PI1645;0;93
345;PA715;0;83
345;PH467;0;82
346N;PH467;0;11
348;PI1357;0;94
385;PI1196;0;88
401;PC667;0;126
401;PI1858;0;129
401c;PC182;0;12
401c;PC667;0;12
402;PJ2027;0;100
403;PA243;0;132
403;PD727;0;136
404;PI263;0;107
404c;PI263;0;27
404c;PI437;0;32
405;PI1858;0;141
406;PJ1670;0;146
406c;PC182;0;49
407;PC667;0;157
407;PJ1820;0;156
408;PJ480;0;127
408e;PB1861;0;15
409;PC1250;0;121
410;PB667;0;81
410;PB828;0;40
410e;PC349;0;20
411;PC358;0;108
412;PD727;0;101
412;PJ2027;0;106
414e;PC371;0;21
414e;PJ1572;0;29
415e;PC373;0;23
415e;PJ1572;0;22
417e;PC373;0;18
417e;PI1858;0;18
418;PE510;0;108
418;PJ1979;0;107
419;PA342;0;91
419;PI436;0;84
420;PD620;0;41
421;PC1272;0;120
421;PI1858;0;109
421c;PC1272;0;27
422;PD1439;0;105
422;PJ1670;0;106
422c;PJ128;0;21
422c;PJ1721;0;22
423;PA342;0;88
423;PI436;0;92
424;PA339;0;89
424;PI212;0;87
425;PB1595;0;159
426;PC431;0;2
426;PJ161;0;3
426;PJ1726;0;150
428;PB1979;0;111
428;PG1573;0;27
428e;PB1979;0;55
428e;PG1573;0;6
429;PB616;0;105
429c;PB2163;0;34
430;PB2163;0;126
431c;PI1841;0;17
431c;PI1858;0;28
432N;PD727;0;11
432N;PI1858;0;11
435;PB2163;0;95
444;PG1573;0;6
445c;PA346;0;33
445c;PC220;0;24
481;PA342;0;101
481;PI368;0;93
486;PJ1979;0;5
486;PJ2023;0;36
501;PC667;0;146
502;PC351;0;135
502;PJ1984;0;132
502c;PC1225;0;15
502c;PJ317;0;17
503;PC667;0;162
503;PJ167;0;162
504;PC667;0;107
504;PJ1052;0;104
505;PD736;0;139
505;PJ480;0;143
505c;PD736;0;10
506;PD1439;0;142
506;PI368;0;142
506e;PD543;0;40
506e;PI1405;0;40
506v;PD543;0;116
506v;PI1514;0;114
507;PD1439;0;131
507;PJ1670;0;130
507c;PA450;0;53
507c;PD1439;0;54
508;PE273;0;142
508;PJ1670;0;141
509;PA300;0;86
509;PI1405;0;86
510;PD1439;0;97
511;PD1439;0;94
511;PJ1984;0;94
513;PD499;0;125
513;PJ480;0;123
514;PE274;0;109
514;PJ1994;0;107
514c;PC579;0;11
514c;PE274;0;26
516;PD1439;0;189
517;PD1047;0;71
517;PJ1786;0;71
518;PC667;0;131
518;PJ1988;0;130
519;PD1439;0;97
519;PJ2002;0;99
541N;PC667;0;11
541N;PJ1670;0;11
542;PC351;0;60
542;PJ1988;0;60
546e;PC659;0;11
546e;PI1514;0;12
555;PJ2003;0;94
712;PC1119;0;115
712;PC764;0;12
712;PF194;0;120
722;PB2064;0;110
722;PC667;0;104
B01;PB702;0;87
B02;PB782;0;78
B02N;PB782;0;15
B03;PB1891;0;117
B04;PB1881;0;5
B04;PB1979;0;85
B05;PB1979;0;90
B05;PB766;0;90
B06;PB1595;0;92
B06;PB987;0;94
B07;PB1979;0;89
B08;PB1047;0;92
B08;PB1595;0;102
B09;PB616;0;64
B10;PB2064;0;85
B11;PB1184;0;82
B11;PB1595;0;81
B12;PB1595;0;90
B12c;PB1595;0;44
B12c;PB1733;0;43
B13;PB2154;0;139
B14;PB2074;0;92
B15;PB766;0;83
B16;PB1677;0;112
B17;PB702;0;87
B18;PB1258;0;1
B18;PB1346;0;94
B18e;PB1346;0;78
B18e;PB1979;0;74
B20;PB1891;0;80
B21;PB1595;0;83
B22;PB766;0;91
B24;PB2060;0;86
B26;PB1979;0;111
B27;PC569;0;92
B28;PB2060;0;85
B29;PB1891;0;98
B30N;PB1891;0;16
B31N;PA91;0;14
B31N;PB1595;0;13
B32;PB1346;0;55
B33;PB1893;0;5
B33;PB1979;0;112
B35;PB1979;0;33
B36;PB1979;0;94
B37;PB1979;0;37
B38;PJ1988;0;33
B41;PB1610;0;93
B42;PB1979;0;85
B42;PB2189;0;86
B43;PB1595;0;84
B45;PB1666;0;127
B45;PB2027;0;128
C01;PC602;0;135
C01c;PC1302;0;141
C01c;PC906;0;138
C02;PC636;0;131
C02c;PC1068;0;141
C02c;PC636;0;148
C03;PC667;0;106
C03c;PC667;0;34
C03c;PC683;0;32
C05;PC733;0;102
C06;PB766;0;103
C07;PC1119;0;113
C07;PC764;0;14
C09;PC851;0;101
C09c;PC636;0;50
C10e;PC1097;0;93
C11;PC906;0;115
C13;PC666;0;81
C14;PC914;0;158
C15;PC906;0;100
C16;PC666;0;110
C16;PC864;0;107
C17;PC1313;0;44
C17;PC798;0;44
C18;PB305;0;114
C18;PC906;0;112
C19;PC1014;0;91
C19;PC906;0;91
C20;PC906;0;189
C22;PC1328;0;71
C22;PC906;0;70
C25;PC1272;0;78
C25;PD727;0;80
C26c;PB766;0;23
C27;PC1272;0;98
C28;PC1097;0;119
C28;PC906;0;116
C30e;PC1337;0;70
C33c;PC1256;0;26
C37;PC636;0;82
D01;PD1654;0;82
D02;PD1439;0;94
D02;PD777;0;89
D03;PD1439;0;121
D03c;PD1439;0;23
D05;PD620;0;116
D07;PD1439;0;106
D07c;PD1654;0;27
D08;PD1439;0;113
D09;PD1439;0;109
D10;PD1439;0;93
D10;PD200;0;89
D11;PC143;0;99
D11;PD1439;0;106
D13;PD1324;0;84
D14;PH216;0;96
D15;PD1439;0;97
D16;PD620;0;74
D18;PC502;0;117
D18;PD1439;0;113
D20;PD1439;0;37
D26;PD620;0;64
E01;PE294;0;89
E01;PE314;0;85
E02;PE339;0;91
E03;PE1377;0;113
E03;PG445;0;30
E04;PE314;0;87
E05;PG212;0;95
E07;PE1377;0;94
E08;PF2;0;82
E09;PE339;0;108
E10;PE1328;0;82
E10;PE1377;0;83
E11;PE187;0;134
E11;PF407;0;130
E12;PF112;0;109
E13;PF112;0;104
E14;PE312;0;30
E14;PE314;0;53
E15c;PF112;0;98
E16;PE294;0;88
E16;PF112;0;96
E17;PE1338;0;78
E20;PE1377;0;88
F01;PF1193;0;95
F01;PF194;0;90
F01c;PF194;0;60
F02;PF879;0;84
F03;PF151;0;97
F03;PG1222;0;102
F03c;PF151;0;70
F05;PF879;0;128
F06;PF879;0;124
F07;PF948;0;89
F08;PF1193;0;96
F09;PF594;0;97
F09;PF879;0;99
F10;PF494;0;136
F10;PF9;0;127
F10c;PF494;0;54
F11;PF879;0;94
F12;PF494;0;62
F12c;PF494;0;43
F13;PF494;0;131
F13;PF9;0;128
F13c;PF9;0;52
F14;PF1201;0;118
F14;PF89;0;116
F15;PF494;0;89
F18;PF494;0;107
F18;PF725;0;110
F20;PF879;0;117
F20;PG1573;0;3
F24;PF1158;0;89
F24;PF194;0;90
F25;PE1391;0;1
F25;PF494;0;95
F25e;PF494;0;18
F25e;PF577;0;19
F26;PF1193;0;100
F28;PF151;0;76
F28;PG1918;0;80
F29;PF194;0;92
F29;PF879;0;89
F30N;PA184;0;13
F30N;PF494;0;14
F33;PF212;0;113
F33;PF494;0;110
G01;PE1267;0;109
G01;PG2077;0;109
G01c;PE676;0;36
G01c;PG2077;0;36
G02;PG1787;0;91
G02;PG2105;0;84
G04;PE1267;0;168
G05;PG1766;0;122
G07;PG1572;0;80
G07;PG1757;0;76
G08;PG1452;0;124
G08;PG1573;0;35
G08v;PG2129;0;103
G09;PH358;0;105
G11;PG1674;0;2
G11;PG425;0;126
G12;PH72;0;94
G13c;PG1766;0;35
G14;PG2105;0;98
G15;PE1267;0;119
G16;PG1573;0;1
G16;PG1766;0;118
G18;PE1267;0;99
G22;PG1456;0;175
G22;PG1573;0;33
G23;PG1588;0;103
G24;PG2105;0;102
G27;PG2129;0;75
G28;PG1993;0;105
G31;PG1993;0;47
G31;PG889;0;45
G32;PG2003;0;102
G34;PG2077;0;62
G35;PG1766;0;94
G37;PG2046;0;12
G38;PG2129;0;105
G39;PH72;0;98
G43;PG2009;0;90
G46;PG1900;0;22
H03;PG445;0;16
H03;PI643;0;87
H05;PD200;0;76
H05;PI1430;0;78
H07;PA502;0;79
H07;PG1167;0;9
H08;PH618;0;85
H09;PD200;0;76
H09;PI1430;0;76
H12;PH618;0;71
H13;PH695;0;97
H24;PH493;0;83
H24;PI1947;0;82
I01;PA103;0;98
I01;PI564;0;99
I02;PI1357;0;85
I02;PJ1557;0;88
I03;PI564;0;123
I03c;PI1528;0;13
I03c;PI438;0;14
I04;PI338;0;111
I04;PI401;0;106
I04c;PI1332;0;30
I04c;PI338;0;25
I04e;PI1332;0;12
I05;PI950;0;78
I07;PI1357;0;86
I07;PI415;0;83
I08;PI239;0;217
I08N;PI239;0;11
I08c;PI1788;0;15
I09;PA167;0;242
I09;PI1357;0;231
I09c;PI1042;0;24
I09c;PI1357;0;21
I09e;PA167;0;35
I09e;PI1357;0;30
I10;PI564;0;124
I10N;PA374;0;14
I10N;PI564;0;11
I11;PI1357;0;142
I11;PI1938;0;144
I11N;PI1938;0;10
I11N;PI657;0;10
I12;PI1571;0;90
I12;PI643;0;90
I13;PI401;0;87
I14;PI1812;0;102
I14;PI642;0;104
I14N;PI643;0;11
I16;PI1216;0;89
I16;PI1221;0;92
I17;PI1196;0;83
I18;PA15;0;83
I18;PI1357;0;90
I20;PI1136;0;88
I20;PI244;0;93
I21;PI1550;0;83
I21;PI657;0;82
I22;PI1108;0;98
I24;PI642;0;81
I24;PI967;0;84
I25;PI1823;0;108
I26;PI1858;0;77
I35;PI1929;0;160
I39;PI1977;0;34
J01;PA427;0;133
J01;PJ821;0;132
J01c;PJ572;0;8
J01c;PJ618;0;12
J02;PJ817;0;76
J03;PJ1988;0;82
J04;PJ1999;0;106
J05;PJ1999;0;86
J06;PI753;0;29
J06;PJ85;0;29
J07;PJ1721;0;69
J07c;PJ2014;0;14
J07e;PJ1721;0;67
J08;PI212;0;97
J08;PJ1931;0;99
J10;PJ1721;0;87
J11;PI754;0;55
J11;PJ948;0;54
J12;PI754;0;91
J12;PJ2041;0;85
J13;PA368;0;90
J13;PJ1988;0;92
J13c;PJ1988;0;89
J13c;PJ618;0;96
J15c;PJ1999;0;86
J15c;PJ686;0;85
J16;PJ1988;0;70
J17;PJ1600;0;29
J18;PJ1603;0;113
J18;PJ618;0;116
J18c;PJ1814;0;26
J18c;PJ618;0;11
J19;PA427;0;70
J20;PJ1999;0;83
J22;PJ2052;0;12
