stop_id;lat;lon
PB1;-33.404559985574444;-70.6230951481354
PI883;-33.5069620003173;-70.73486599763588
PI1840;-33.46263743067893;-70.69544628624915
PF1106;-33.60301800448807;-70.5550798224604
PC151;-33.42853973644599;-70.61780965763727
PD614;-33.505370000912855;-70.56127199742338
PC37;-33.42063100342361;-70.60802000475213
PF696;-33.58857134961048;-70.54232922936353
PB1892;-33.40993435745553;-70.77418533741253
PG1634;-33.54261347576572;-70.70681091969367
PI1857;-33.520961070073675;-70.80091321429482
PE42;-33.51790900212089;-70.55791299957554
PB101;-33.38841600283405;-70.6159729956012
PB115;-33.39033467190613;-70.61342990235777
PJ1961;-33.40859089309706;-70.70706011437356
PB1520;-33.39713400086243;-70.76108100238379
PA343;-33.43730001025771;-70.63625599480358
PI223;-33.51331300047542;-70.74178200019868
PB2028;-33.36966896592913;-70.75417400623532
PI241;-33.467266080044965;-70.76182420771104
PI755;-33.45748676344645;-70.714408378491
PI1939;-33.55607733709045;-70.77840911200384
PA166;-33.44603000084387;-70.65800100215023
PI1093;-33.55824600381405;-70.77911899988493
PI181;-33.484060986842906;-70.69625998516348
PA675;-33.44750799766005;-70.65994599858037
PD164;-33.45806099873703;-70.60938799563844
PI1547;-33.54548299951397;-70.76034900213129
PB2074;-33.38093202029879;-70.63670491785305
PB1575;-33.380349519661785;-70.64757712692916
PB335;-33.37787899833832;-70.63821599968098
PI1408;-33.54287000262502;-70.78882899778408
PE1503;-33.51438998022308;-70.54854696914458
PA354;-33.43289299588114;-70.65005599661858
PG1706;-33.534404922236874;-70.69894733350371
PB60;-33.4026419980569;-70.73056699716255
PG406;-33.53674200170564;-70.66537600069654
PD896;-33.500158999621334;-70.59290400319902
PF467;-33.62913599805738;-70.6119310001159
PA344;-33.44286020244538;-70.647183389078
PG1707;-33.537759286194124;-70.70227877390954
PE505;-33.515982052099126;-70.54721766617084
PB241;-33.36406795304759;-70.68134935187484
PG1581;-33.59870200408855;-70.69425699526512
PA190;-33.43799000023817;-70.66033499827165
PB299;-33.38077799797593;-70.63957399572146
PG1779;-33.58699900114696;-70.66353299941882
PB1607;-33.36267270258785;-70.6321233119841
PG190;-33.60347468546545;-70.62701497240243
PA88;-33.43365308820519;-70.64898584761974
PA115;-33.44307067774013;-70.64597624048281
PA138;-33.44354088368765;-70.64584764550985
PF93;-33.61259100196003;-70.57425700273282
PH138;-33.4783123525793;-70.64196897021917
PA158;-33.43311199650052;-70.65250799648047
PF1140;-33.63780642674294;-70.63045969714463
PI910;-33.45552034013568;-70.69560793006572
PF126;-33.61161199782427;-70.5744979975331
PD1641;-33.50917799933734;-70.58957699977343
PG1607;-33.64289658849535;-70.71123195042934
PG1583;-33.538473315698944;-70.66355079295187
PG1453;-33.622679995246195;-70.69989200137978
PC187;-33.41912299608688;-70.60581999542228
PG1347;-33.585092996310856;-70.65826499497439
PA698;-33.43632695818729;-70.63926733831613
PF951;-33.62401900060237;-70.59765999724341
PH318;-33.522605999818104;-70.67873099710614
PB911;-33.35927899622646;-70.68292599806261
PG888;-33.58578999855102;-70.65868699971728
PC101;-33.391800996542536;-70.57245900069084
PG922;-33.61489200240002;-70.70896099575592
PA720;-33.44557210076069;-70.65530555062651
PH73;-33.53152842528306;-70.70213648761253
PD78;-33.45411151635231;-70.60010028215743
PF62;-33.58781699908328;-70.59643299719632
PC144;-33.38868800044614;-70.54468800449196
PF1010;-33.58034525305043;-70.60633851027815
PF152;-33.60359890054683;-70.55579069942524
PD271;-33.460576998718764;-70.54659299702915
PI1307;-33.50962999806454;-70.70505700209837
PG741;-33.593316999089794;-70.69830902679752
PA215;-33.44513600282533;-70.65439099738326
PF947;-33.592555565808205;-70.60735462075174
PF843;-33.583316656697704;-70.59722062739263
PG2161;-33.57898595611726;-70.61405686412381
PB244;-33.359676261841166;-70.68151856150668
PE1268;-33.563062002172686;-70.60522800359888
PA397;-33.431389829480715;-70.66520765911842
PG367;-33.60056056370208;-70.68470089853649
PF95;-33.60650103900117;-70.57555709115249
PG2024;-33.59841133468406;-70.61021881378905
PC329;-33.38632905542563;-70.54026315409259
PB2035;-33.40712529067865;-70.67716999963292
PA229;-33.436669737881346;-70.66048789616396
PG864;-33.58601200070715;-70.65635299550273
PB2036;-33.37024509540917;-70.75072751824065
PA373;-33.437628241448934;-70.6370586230324
PH468;-33.5253514955776;-70.70354903129703
PB1667;-33.36375500391602;-70.76492499423632
PB1989;-33.36545267443671;-70.69187780752432
PB1719;-33.359044073957946;-70.74704460398027
PA169;-33.44039442226231;-70.64058707013115
PA87;-33.43300600392501;-70.65239099569558
PB493;-33.352273698198786;-70.73914514711522
PI1075;-33.450376001397295;-70.67913200450631
PA331;-33.441092848114174;-70.67987957868809
PA829;-33.47603819032678;-70.64969390102911
PE1282;-33.519526531653774;-70.59836939218239
PG1585;-33.51690325796732;-70.66038444581373
PH1511;-33.5248590036504;-70.70199599585752
PE1493;-33.53529326921102;-70.54584192050504
PD428;-33.45482734489363;-70.62772397177649
PI981;-33.523288000024195;-70.71651300118748
PE1419;-33.51209820188513;-70.60605152898486
PA816;-33.44125542878979;-70.63936429426658
PI949;-33.508722094795075;-70.80293888423637
PI1159;-33.47938900201949;-70.73100899479506
PC1223;-33.4253563135985;-70.529604047451
PC586;-33.41318599656014;-70.58156499930556
PJ2026;-33.44181235325272;-70.79021848948314
PA78;-33.439106644187675;-70.66019790227335
PD738;-33.46263799780955;-70.53056299997793
PJ165;-33.457576001692985;-70.708042003597
PC290;-33.373398002277725;-70.51758299801374
PJ1797;-33.434625190759235;-70.78206854102244
PC160;-33.4134539996368;-70.5822330029706
PJ1766;-33.42735363093709;-70.77805447444698
PJ429;-33.42617801668449;-70.7511521629837
PA380;-33.43256899917595;-70.65136999431677
PB2043;-33.398000960706504;-70.7546089029252
PC609;-33.3639729606829;-70.49455100058215
PB1900;-33.40836491165272;-70.73687565316305
PC349;-33.42445999997798;-70.61361599460558
PC203;-33.4256326250877;-70.61400015196875
PC1248;-33.36210356563723;-70.49762532794115
PD1424;-33.46687600278332;-70.53368899600106
PJ1570;-33.44455999900545;-70.73983599874498
PC372;-33.34332636254681;-70.54584054180563
PJ193;-33.444588003467466;-70.73889799695796
PC1065;-33.40950000296414;-70.57030800473296
PC378;-33.40822346410597;-70.56581320215174
PJ1972;-33.432580816323075;-70.78564061172844
PE1517;-33.518600566467256;-70.55229936730474
PI1666;-33.52263598558324;-70.79696111353977
PC1320;-33.3995217416618;-70.50633990500293
PD1429;-33.480965001214805;-70.52352899708102
PJ793;-33.42717420615788;-70.77529217001066
PJ149;-33.44422042354896;-70.72388145735968
PI1668;-33.52001266136298;-70.79667314453873
PA92;-33.445212259574944;-70.64713142485358
PB541;-33.36291799851241;-70.75954599411861
PD381;-33.4799939953723;-70.57831499709988
PJ114;-33.444017678062586;-70.78082908877494
PC434;-33.35362300173175;-70.50782999478334
PB1985;-33.36529624211651;-70.6908494700762
PB1894;-33.36567719941215;-70.69062254492016
PG204;-33.53974402558007;-70.66499805235634
PB1984;-33.36529562397372;-70.6910934257785
PB603;-33.37559500283583;-70.76313000400023
PB617;-33.37407426328519;-70.75894413135623
PC155;-33.41897330566849;-70.6031929487715
PD1215;-33.46718800188258;-70.53165600330107
PC332;-33.39124383843802;-70.55289172355297
PJ2028;-33.412592501744946;-70.79855524788846
PA668;-33.44650500305167;-70.66014099597932
PC257;-33.390903451889336;-70.57343149721117
PJ2024;-33.43223816356675;-70.79311134706775
PC503;-33.44305211135099;-70.6330744439712
PJ1986;-33.42169707803785;-70.765439565132
PC1133;-33.36905500059207;-70.51321199922637
PJ256;-33.414855380593714;-70.76583552007128
PA393;-33.43678815902079;-70.6357440932494
PJ116;-33.44384987752636;-70.77348610386522
PJ1686;-33.43346696572162;-70.77532056888646
PI369;-33.519719996875786;-70.79466000217899
PD732;-33.47919272723659;-70.52467288469536
PI1513;-33.54691214017597;-70.76025898339819
PD544;-33.478933216014646;-70.52770555627953
PA435;-33.46064316258938;-70.65684579699175
PD615;-33.51211500146396;-70.55205099934169
PA396;-33.43287437029175;-70.65295619625601
PI212;-33.46961100352239;-70.76157199816514
PJ681;-33.43426900315614;-70.77265000058318
PC563;-33.43480951263916;-70.62618172135264
PJ1785;-33.42932800174908;-70.74985200467339
PC668;-33.427060999562855;-70.53167599863531
PJ96;-33.45699799662617;-70.71696899630203
PC680;-33.38770799996779;-70.54907800192971
PJ2005;-33.4126808964325;-70.7981870572865
PJ2002;-33.45778157355562;-70.71507401079863
PF1147;-33.60756256036443;-70.51727144323323
PC1118;-33.387438061635606;-70.60096928914672
PC741;-33.38230199643101;-70.58984799600375
PB2073;-33.35795415103398;-70.67651012570417
PB1854;-33.38635645833486;-70.6964763097915
PB739;-33.37536699639291;-70.64667100370716
PB1990;-33.36544284129056;-70.69220219135019
PB1000;-33.36638100065498;-70.69035200461386
PB1983;-33.365284098415096;-70.6913436188512
PB1581;-33.393376001409706;-70.62326799728409
PB724;-33.39091357522702;-70.6427581305261
PB534;-33.3625800029241;-70.75766799912688
PB1986;-33.36547310897949;-70.69090770433378
PB1574;-33.35337699696576;-70.67777999678813
PJ1589;-33.376963916190185;-70.76636685486064
PB1632;-33.40204800168549;-70.63039000056742
PB1010;-33.32650100193764;-70.70556400428296
PB2225;-33.33352776362054;-70.775646108723
PB752;-33.389798190294655;-70.62352215780847
PB105;-33.395030957626616;-70.62632169752688
PB2245;-33.354388342578126;-70.68046198012291
PB1679;-33.37845699978299;-70.7228199958027
PB1991;-33.36542564022343;-70.69247162020268
PB1498;-33.4063570331667;-70.66740296996899
PB1736;-33.394353327752164;-70.62654796481881
PB1613;-33.396178381956254;-70.64490397708222
PC1226;-33.43291965252646;-70.6260566518798
PA109;-33.44307511108118;-70.64611100392254
PB242;-33.366347053274765;-70.68961833976398
PB1987;-33.36546554390989;-70.69126437478538
PB1982;-33.36527653211775;-70.69170028843796
PB1611;-33.36380278045477;-70.67793778140597
PB1988;-33.365456789679115;-70.69157588266185
PB2190;-33.31372127941922;-70.76116940564509
PB1228;-33.380982283709045;-70.6489519275915
PC618;-33.431161998137284;-70.58517500338746
PC598;-33.35555801530425;-70.50160692667
PC74;-33.41457866027717;-70.58472859901421
PC1308;-33.363436318822664;-70.49442419116961
PC622;-33.400867003276346;-70.50651599779265
PC1064;-33.4072840025906;-70.54486600419709
PC655;-33.378969996671465;-70.55593899607075
PC735;-33.36439211869952;-70.50311784729118
PC667;-33.426918998007416;-70.52974099422515
PC799;-33.33056600032931;-70.51993900475684
PC1330;-33.419195089995895;-70.60370808094106
PC1098;-33.32061699559278;-70.56435199541883
PC876;-33.414338001379406;-70.58425299787524
PC617;-33.41297392190501;-70.58168079880875
PC907;-33.32629999780162;-70.5424860026263
PC453;-33.42388699507912;-70.53132499841017
PC1043;-33.32650496016068;-70.51772171338376
PC602;-33.35540804466421;-70.50204228770394
PC765;-33.33467000058294;-70.55382099662162
PC57;-33.41389099765751;-70.58446599710453
PC1011;-33.332654996642745;-70.5278629968577
PC1090;-33.41406990969186;-70.58453691990974
PC759;-33.377054515679546;-70.57041224640196
PC154;-33.42117799633091;-70.60717799756071
PC1335;-33.32396292538236;-70.53068118857448
PC1345;-33.39160481144905;-70.59802980342039
PD1655;-33.48208631473362;-70.52388109817878
PD329;-33.45245899994112;-70.6272039994617
PD347;-33.45438441427628;-70.62423056247037
PA494;-33.4534220000082;-70.65677899544166
PA824;-33.476384519554514;-70.649420673111
PA830;-33.47547862578418;-70.64934722263857
PA825;-33.4762308190049;-70.6494500437107
PD1612;-33.48687603492564;-70.61873950445884
PC1053;-33.38906975420006;-70.54517545440567
PD193;-33.507724366135264;-70.61300439500172
PD1613;-33.48842104273141;-70.57814088503439
PC1022;-33.432579000716814;-70.58568300484544
PC1003;-33.44697999545557;-70.62881700423767
PE278;-33.560074998670075;-70.5636869972341
PE187;-33.543952997198495;-70.63373899736335
PE340;-33.56052000127643;-70.56657399880805
PG446;-33.51560462651889;-70.66274249385059
PA826;-33.476059086573414;-70.64947907244077
PG1934;-33.538916539288905;-70.66147222134173
PF481;-33.56776714924513;-70.55523978914475
PE116;-33.53311000238013;-70.63464199777785
PF408;-33.56085728725979;-70.54367756207908
PG1624;-33.544691996291;-70.63400699813779
PE281;-33.552507995946186;-70.56688500261838
PF1176;-33.59728293565861;-70.60127499976478
PG1202;-33.58395899590956;-70.70964200421461
PG212;-33.538007997314544;-70.66321200447895
PF965;-33.59369521570895;-70.60213577347305
PF446;-33.569449304141045;-70.5831859650551
PF2;-33.5632433868936;-70.55523535032981
PF212;-33.60911423722168;-70.57413316320577
PF1202;-33.59375906164806;-70.6031230283608
PF257;-33.62727134305817;-70.57743812292284
PF988;-33.60827699683411;-70.51791300401648
PF1191;-33.59723947153972;-70.5969636428772
PE1484;-33.51841329180812;-70.59476202188844
PF535;-33.61843999641909;-70.61291100418731
PF1136;-33.596106686611726;-70.5998681875524
PF213;-33.607824289040124;-70.57335488258526
PG2082;-33.567042623428485;-70.70606083434373
PE708;-33.56176800026482;-70.605134998004
PE1277;-33.53065008223213;-70.6342375280819
PG1788;-33.61286435032947;-70.71165068217678
PG2106;-33.65115730915913;-70.66205334616437
PG1798;-33.66674687000045;-70.7263040188758
PG1443;-33.62381700231346;-70.69185999754065
PG1790;-33.63194307233392;-70.70632132148779
PG1;-33.51843220899494;-70.65927306467083
PG421;-33.53332099942238;-70.70123599594959
PG1766;-33.59747699905462;-70.60729299429757
PG1942;-33.57388500128444;-70.69789305178003
PG1767;-33.595106551652655;-70.61093593773379
PG1983;-33.62997870683808;-70.68899600736067
PG2034;-33.69421362579681;-70.7498569884048
PG1635;-33.53567792340197;-70.70031199636966
PG2010;-33.614190635174445;-70.67755379824173
PG1587;-33.51493000293237;-70.66101900356213
PD1609;-33.48585135848172;-70.61981078752096
PI1429;-33.51091819967188;-70.70167244117327
PA637;-33.4715129980199;-70.62887500305567
PA828;-33.476191461241534;-70.64969680652261
PH495;-33.480866998460705;-70.67707800053667
PI528;-33.54176899775958;-70.7872859948174
PA104;-33.46088945573126;-70.6428511598185
PA151;-33.45865272386273;-70.64311850101058
PI527;-33.46122899627157;-70.73084900429564
PA191;-33.44109696753458;-70.67998154695256
PI1495;-33.49015576921014;-70.7338446441877
PI1079;-33.45330999556781;-70.69889799785702
PI878;-33.53984200343951;-70.77037399804503
PI911;-33.4545450008758;-70.69095899748494
PI228;-33.51053653596806;-70.75508685283458
PI1676;-33.53866608353557;-70.76959147894891
PI951;-33.51201340893985;-70.80295468486477
PI1024;-33.47523000079163;-70.7407839990446
PI1597;-33.472476998742486;-70.75988699997765
PI1230;-33.45521754173678;-70.691897281119
PA374;-33.443081982863454;-70.64828101475865
PI1416;-33.484896723986296;-70.76285859921781
PA345;-33.44340756152443;-70.64964306475963
PJ539;-33.45711999875622;-70.70602199870825
PI1573;-33.4841269955467;-70.79114399709454
PI1979;-33.52043664091277;-70.71614037148254
PI1788;-33.48954513208413;-70.75273416149912
PA657;-33.449644062760115;-70.67344827243296
PI1266;-33.46837099868323;-70.69644499776308
PI1589;-33.47762900333762;-70.69559700221706
PI13;-33.48566299671533;-70.72476200466181
PI1018;-33.4669429993773;-70.75540200137871
PI1402;-33.54919555978336;-70.79463655266183
PI1126;-33.49641207659539;-70.78346758146043
PI942;-33.51532099764204;-70.83277400162655
PI1824;-33.4801513855595;-70.71667890045036
PI1930;-33.590925764358445;-70.80926223836627
PI1976;-33.50070462618287;-70.70066291370253
PJ1726;-33.44377726488613;-70.78176938813176
PA5;-33.442902367700555;-70.67955814684481
PJ1586;-33.444970999410806;-70.72287999741944
PJ604;-33.4150409957897;-70.71475700414283
PJ818;-33.42819599873532;-70.77240599658424
PJ686;-33.45133852267791;-70.72303738896983
PJ2000;-33.420592352192614;-70.7665549861662
PJ1741;-33.44171535167649;-70.73973954838266
PI754;-33.45667999585936;-70.71865200234103
PJ1983;-33.42589655345815;-70.76688722439938
PA701;-33.42809484242918;-70.67668603045158
PJ939;-33.45919600029229;-70.81939500330951
PJ2042;-33.46501257234528;-70.86518235330428
PA367;-33.450203707030695;-70.67735892104363
PJ1896;-33.444344239652544;-70.71966104587217
PJ1581;-33.451675002247725;-70.72376999875334
PJ1059;-33.44924900122784;-70.78426599640225
PJ1587;-33.44563300230724;-70.72249899432458
PJ377;-33.43501000255659;-70.77088200298972
PA547;-33.44054700001696;-70.67976999683567
PJ2053;-33.45928557684152;-70.89280888078099
PI1243;-33.50823599694129;-70.73516700060115
PB50;-33.406018020383385;-70.62354710531915
PF879;-33.60344306088622;-70.55489463881732
PI1841;-33.462916358010546;-70.69546635066855
PD620;-33.5045270038429;-70.56442199782083
PC1;-33.42948869992532;-70.61936692347827
PF1206;-33.5915068277725;-70.54050207434388
PG1704;-33.53996599913973;-70.70430799472543
PB1891;-33.41049309865989;-70.77455853413207
PE40;-33.51794400352227;-70.55737799882337
PI1858;-33.52108756658264;-70.80097688258957
PB2012;-33.405169997755785;-70.70397700129999
PB1541;-33.39744900313823;-70.76087899832537
PA171;-33.44022318866465;-70.63465549950605
PI111;-33.510732284719936;-70.74088855672605
PB69;-33.40512229736199;-70.70484226851889
PB2029;-33.37006798311052;-70.75465503305097
PI1938;-33.555791171037235;-70.77824168339973
PA81;-33.44695775365943;-70.66032286393813
PI289;-33.47910399840895;-70.68732399421219
PD163;-33.46123099893158;-70.6099190000415
PI1514;-33.54662000324565;-70.75999400285335
PB298;-33.37776900119322;-70.63832599638317
PE504;-33.51456000314288;-70.54886499676654
PI1405;-33.545465068372785;-70.79262680984147
PA353;-33.434176001492936;-70.64811100047838
PG264;-33.53727200346951;-70.66566500307017
PB91;-33.40314599857371;-70.73055000442749
PF494;-33.62979912107924;-70.61205364899811
PD149;-33.49880398650154;-70.59648297972386
PA339;-33.44382152033488;-70.64958591753864
PG1580;-33.59822499664497;-70.69384099971643
PB1624;-33.3617090515331;-70.68187600671293
PA243;-33.43949460642378;-70.65930886275353
PG1756;-33.58549499570134;-70.66096800204951
PB334;-33.38092000212212;-70.63944900025054
PG180;-33.60511000174374;-70.62705300259844
PB1558;-33.362203922514084;-70.63175937329433
PA160;-33.43474645737526;-70.64745643413256
PF89;-33.611874458582385;-70.57553285918024
PH161;-33.47793799550109;-70.64168799435163
PF1109;-33.6334193717867;-70.62474391290598
PA161;-33.433266022777126;-70.64832260610726
PG1918;-33.63257152997483;-70.62984560112368
PF1108;-33.63339278836547;-70.61995930760753
PF88;-33.608400258141494;-70.57627665342852
PG1702;-33.64182832829384;-70.70912086351913
PG1456;-33.622822998663835;-70.6997820043974
PC1257;-33.416580017229315;-70.60675500390607
PF1152;-33.63127909216904;-70.61129493148358
PC145;-33.43758800011386;-70.6349659953608
PB1610;-33.36365515569443;-70.67734091157091
PH695;-33.52275999615551;-70.67845799431355
PC100;-33.39389700139491;-70.57203999711137
PG1900;-33.615025642312744;-70.70817686714534
PB1560;-33.389176996137614;-70.61670100381814
PH358;-33.532621998938765;-70.70256799510828
PA212;-33.44775571903148;-70.6540147168291
PF60;-33.59012799522593;-70.5962949975542
PD77;-33.4505290015752;-70.6004692117271
PF112;-33.582481996893435;-70.60581799512158
PC143;-33.39209599651835;-70.54703899881012
PF151;-33.6037290006157;-70.55564200373063
PA47;-33.43346861353584;-70.64766342816702
PI1947;-33.50932381896202;-70.70553692744508
PA213;-33.44703100371997;-70.65508100282115
PF57;-33.583370000784186;-70.5974880247003
PG2163;-33.57903022673226;-70.61303404233934
PE729;-33.56251900358687;-70.60499200021007
PG1993;-33.60298922956314;-70.68626019644118
PF94;-33.610927000546326;-70.57464500331494
PG366;-33.60330100311688;-70.68550699805779
PB1335;-33.406987998003544;-70.67737799410538
PG889;-33.58608800398571;-70.65654299769469
PA244;-33.438414123024856;-70.65945901840175
PB2027;-33.37018892456476;-70.74989601736172
PH467;-33.52458199796746;-70.70146500276685
PB1666;-33.36368400167463;-70.76507799631008
PB1979;-33.36525701543062;-70.69273489167409
PA371;-33.442808996642306;-70.64531300389298
PB650;-33.360131000124724;-70.74655499992188
PA84;-33.43243600334594;-70.65309000050547
PB2149;-33.35192640528528;-70.73756098193194
PE1338;-33.51445000394977;-70.54788199851873
PG1167;-33.51824641489332;-70.66125893918414
PE1377;-33.53576693713269;-70.54990611576008
PD427;-33.45341562031592;-70.62894552981838
PI1645;-33.52177209740335;-70.71558889018021
PA715;-33.44271376380647;-70.63798888193945
PI1357;-33.50872473692564;-70.8034833220324
PI1196;-33.48162476693811;-70.73114524097176
PC182;-33.41332665780779;-70.5825307516759
PJ2027;-33.44176945054866;-70.79006701448088
PD727;-33.46516900159379;-70.53130199457782
PI263;-33.469518612948086;-70.75867555326445
PI437;-33.45788900236396;-70.70717799827558
PJ1670;-33.43420966872302;-70.78161162652853
PJ1820;-33.42824773709167;-70.775977616909
PJ480;-33.427081999232286;-70.75098100030621
PB1861;-33.3996407833386;-70.75490508940825
PC1250;-33.362102810661845;-70.4945152075071
PB667;-33.40954678022624;-70.73703369982906
PB828;-33.41120431054245;-70.73765716262697
PC358;-33.363312181253875;-70.49364834615584
PC371;-33.34290199537063;-70.54575999735799
PJ1572;-33.44382699520513;-70.74064899832675
PC373;-33.409271051515;-70.5694878597766
PE510;-33.51678510531395;-70.5519345622293
PJ1979;-33.43193616392145;-70.78782152261739
PA342;-33.4378840661194;-70.63683503475728
PI436;-33.52066713532661;-70.79679051148736
PC1272;-33.39773061825255;-70.50689326143672
PD1439;-33.481147099678715;-70.52373888286243
PJ128;-33.44443054233111;-70.72450417295678
PJ1721;-33.42844060795247;-70.77209845936459
PB1595;-33.36253300269155;-70.75926999856306
PC431;-33.35158800119832;-70.5104670018435
PJ161;-33.443600492491186;-70.77290294933576
PG1573;-33.53922306635568;-70.66459714518267
PB616;-33.37604105764646;-70.7630785997091
PB2163;-33.373314414386684;-70.75719212053039
PC220;-33.391398351706215;-70.57346256296125
PA346;-33.4453239989779;-70.65838600014034
PI368;-33.51986100124482;-70.79664499785841
PJ2023;-33.43165330489902;-70.79321396880265
PC351;-33.3730353582669;-70.51804226135296
PJ1984;-33.42150329808628;-70.76519754320631
PC1225;-33.41839407848718;-70.61202162814519
PJ317;-33.41461563585677;-70.76557258529877
PJ167;-33.444114125313945;-70.77570792100524
PJ1052;-33.43442700218836;-70.77497199500944
PD736;-33.4687699982732;-70.52943000190264
PD543;-33.4795029065618;-70.52466484555987
PA450;-33.46028309862717;-70.65687162179869
PE273;-33.51197505629065;-70.55689174709786
PA300;-33.43323522937182;-70.65389067389125
PD499;-33.46780600361653;-70.531749000117
PE274;-33.51213700401248;-70.55375800343087
PJ1994;-33.43585305800643;-70.77442463468215
PC579;-33.433990284020545;-70.62627152433744
PD1047;-33.46499999936579;-70.53333399540566
PJ1786;-33.429107996450824;-70.75034399535664
PJ1988;-33.42168867527048;-70.76477542704934
PC659;-33.387578557807736;-70.54939795239
PJ2003;-33.45721173568379;-70.71584817775957
PC1119;-33.38654710318683;-70.60094288131684
PC764;-33.38450482143552;-70.59315432845426
PF194;-33.608321995956246;-70.51779999947928
PB2064;-33.35749535146132;-70.6764261009349
PB702;-33.38588800137068;-70.69717299980748
PB782;-33.37504656698706;-70.64621339722147
PB1881;-33.366600013795974;-70.69147702587242
PB766;-33.389892015722715;-70.62337479094181
PB987;-33.39061999559451;-70.64387999997284
PB1047;-33.352651999175905;-70.67769500017896
PB1184;-33.4015019983242;-70.63111900479895
PB1733;-33.325680932751744;-70.70618956968008
PB2154;-33.33466428837353;-70.7754530148121
PB1677;-33.354727657345265;-70.67787777614365
PB1258;-33.38071099824905;-70.64607899862334
PB1346;-33.375563996082846;-70.72644600042389
PB2060;-33.385745331486326;-70.69665148667958
PC569;-33.43312624699215;-70.62352510610943
PA91;-33.44196538147405;-70.64788253676232
PB1893;-33.36549226458753;-70.68979914795531
PB2189;-33.313622327504035;-70.76096741864204
PC1302;-33.36348459699357;-70.4949086612754
PC906;-33.41406299963151;-70.58513700197251
PC636;-33.39988199810397;-70.50647499729767
PC1068;-33.40823742056652;-70.54501502931694
PC683;-33.379025995623486;-70.55537400272917
PC733;-33.36378720476855;-70.4986903609494
PC851;-33.33324799650927;-70.52007899691598
PC1097;-33.32055900388314;-70.56463499478464
PC666;-33.42541843342547;-70.5297845988114
PC914;-33.326441000405424;-70.54222700269038
PC864;-33.32619128447956;-70.51744996527155
PC798;-33.33455999514283;-70.55361099658982
PC1313;-33.35531848641688;-70.50041896272263
PB305;-33.39616874999434;-70.64280156758772
PC1014;-33.332655996027185;-70.52767399858692
PC1328;-33.37746781482462;-70.57128929971375
PC1337;-33.324429521524614;-70.5304792297322
PC1256;-33.394371025121075;-70.5992416921913
PD1654;-33.48238438780249;-70.52384326960008
PD777;-33.45564748567293;-70.62726786157643
PD200;-33.48639880604952;-70.61882102982331
PD1324;-33.45267302983976;-70.62859399027569
PH216;-33.503813064602646;-70.61488023922475
PC502;-33.44237400786632;-70.62918792814175
PE294;-33.54523203743029;-70.63399277097885
PE314;-33.56004205454725;-70.56389330869267
PE339;-33.560639002807044;-70.56683499652155
PG445;-33.518613184080586;-70.660917946894
PE1328;-33.5344221226567;-70.63410876069112
PF407;-33.561118816503736;-70.54389453217827
PE312;-33.55254400262082;-70.56482999558888
PF1193;-33.597405958573795;-70.6018031621206
PG1222;-33.58482800349724;-70.70942199805204
PF948;-33.59168035090501;-70.60200874371101
PF594;-33.56927300372549;-70.58266100230017
PF9;-33.561893003692774;-70.55602299789106
PF1201;-33.593824322459966;-70.60306970962034
PF725;-33.60935899901282;-70.5763429952901
PF1158;-33.596971773282704;-70.5967431807925
PE1391;-33.52088900260861;-70.59830900131902
PF577;-33.61809300401597;-70.61316500093518
PA184;-33.44461907201309;-70.6553757083966
PE1267;-33.5631449971714;-70.60511600129279
PG2077;-33.5668680614809;-70.70629439259208
PE676;-33.53291053159011;-70.63432897693896
PG2105;-33.65097380727749;-70.66228704308254
PG1787;-33.61271598912257;-70.71180823437561
PG1572;-33.666033077087086;-70.72065867643477
PG1757;-33.5852650018286;-70.66265900288744
PG1452;-33.624112078269235;-70.69581564579981
PG2129;-33.63165433319852;-70.70684881643189
PG1674;-33.516235803169906;-70.65865048972495
PG425;-33.516441036130296;-70.66325388474809
PH72;-33.5329510010613;-70.70197199879885
PG1588;-33.591519000841494;-70.62763799955633
PG2003;-33.6308122918805;-70.6893680336215
PG2046;-33.694476592973416;-70.74975443825286
PG2009;-33.61432338418295;-70.6777396025971
PI643;-33.52038142415315;-70.71507216154986
PI1430;-33.51030888711798;-70.70313071515481
PA502;-33.467486003732326;-70.62677399505601
PH618;-33.52558322660372;-70.70361171932134
PH493;-33.48355829599903;-70.67783996210466
PA103;-33.46464405605103;-70.64240617769748
PI564;-33.54168599569623;-70.7872629953665
PJ1557;-33.46311700007395;-70.73142000115465
PI438;-33.45600394169457;-70.69919412355577
PI1528;-33.4912449451483;-70.73527097340835
PI401;-33.454209995624055;-70.69148699433205
PI338;-33.54025700156006;-70.77022999492374
PI1332;-33.51089100199913;-70.75563999589326
PI950;-33.512083375320536;-70.80305463947877
PI415;-33.477020000069594;-70.74148299480025
PI239;-33.47460600070432;-70.75796499845474
PA167;-33.44412840783191;-70.65086193707704
PI1042;-33.45739499734205;-70.70505599499909
PI657;-33.51060286925308;-70.75475866710785
PI1571;-33.48406875387717;-70.79102449224037
PI1812;-33.451138778473464;-70.67949145114889
PI642;-33.51865400056146;-70.71403400002872
PI1216;-33.47728900048061;-70.69505200064236
PI1221;-33.46871399995526;-70.69635500172768
PA15;-33.45045444420729;-70.67543539728433
PI244;-33.46540200250848;-70.75525400293121
PI1136;-33.489745000466826;-70.7256960030299
PI1550;-33.550310418213606;-70.79413578278186
PI1108;-33.49635720115404;-70.78380587062429
PI967;-33.51524444029633;-70.8324849001031
PI1823;-33.479828933806864;-70.71674797710696
PI1929;-33.59001524845392;-70.80924322515354
PI1977;-33.50096147742533;-70.70214554070986
PA427;-33.44153099517696;-70.67898300421487
PJ821;-33.44395667611561;-70.77707321558637
PJ572;-33.415474879622444;-70.7113277769118
PJ618;-33.44385199717741;-70.72341900313904
PJ817;-33.429054999548825;-70.77228199828713
PJ1999;-33.42100166968741;-70.76656220254058
PI753;-33.456300003478155;-70.72031396431748
PJ85;-33.44206199671386;-70.74041299508266
PJ2014;-33.377691878868205;-70.77467200176464
PJ1931;-33.408803075501666;-70.70419531052013
PJ948;-33.458761939726;-70.8198551537482
PJ2041;-33.465300211968014;-70.86515430119269
PA368;-33.45062800376459;-70.67712100129873
PJ1600;-33.452163994005446;-70.78318197358828
PJ1603;-33.428556147944526;-70.77255898557654
PJ1814;-33.435758579391305;-70.77258161047446
PJ2052;-33.45952078565786;-70.89297784778299
